applicant_id,applicant_type,country_code,region,acquisition_channel,marketing_campaign,preferred_language,created_at,updated_at
APL000000001,INDIVIDUAL,US,New York,ORGANIC,,en,2026-06-22T11:10:05Z,2026-06-23T11:46:01Z
APL000000002,INDIVIDUAL,BR,Sao Paulo,PAID_SEARCH,CMP-2026Q1-D338,pt,2026-07-19T21:38:22Z,2026-07-20T04:00:29Z
APL000000003,INDIVIDUAL,BR,Rio de Janeiro,ORGANIC,,pt,2026-07-26T04:40:41Z,2026-08-03T06:56:29Z
APL000000004,INDIVIDUAL,TH,Phuket,REFERRAL,,th,2026-07-02T20:10:06Z,2026-07-04T23:50:37Z
APL000000005,INDIVIDUAL,GB,England,REFERRAL,,en,2026-07-08T22:09:46Z,2026-07-12T08:42:44Z
APL000000006,INDIVIDUAL,US,Florida,REFERRAL,,en,2026-08-23T23:36:30Z,2026-08-27T18:27:23Z
APL000000007,INDIVIDUAL,CA,Quebec,PAID_SEARCH,,en,2026-06-15T10:29:02Z,2026-06-17T17:10:46Z
APL000000008,INDIVIDUAL,GB,England,PARTNER,CMP-2026Q4-F266,en,2026-07-09T18:19:32Z,2026-07-11T20:36:26Z
APL000000009,INDIVIDUAL,GB,Wales,PAID_SEARCH,CMP-2026Q2-C573,en,2026-07-10T11:01:11Z,2026-07-20T08:30:19Z
APL000000010,INDIVIDUAL,BR,Sao Paulo,PAID_SEARCH,,pt,2026-08-09T04:47:59Z,2026-08-11T11:46:16Z
APL000000011,INDIVIDUAL,FR,Provence,ORGANIC,,fr,2026-06-27T19:46:08Z,2026-07-07T06:04:02Z
APL000000012,BUSINESS,FR,Ile-de-France,PAID_SEARCH,CMP-2026Q4-C371,fr,2026-06-22T11:20:04Z,2026-06-29T22:07:54Z
APL000000013,INDIVIDUAL,CA,Quebec,PARTNER,CMP-2026Q2-C621,en,2026-07-19T00:19:42Z,2026-07-26T13:42:58Z
APL000000014,BUSINESS,TH,Phuket,ORGANIC,,th,2026-08-02T00:51:58Z,2026-08-08T00:00:15Z
APL000000015,INDIVIDUAL,CA,Quebec,REFERRAL,,en,2026-08-23T19:56:27Z,2026-09-01T10:31:41Z
APL000000016,INDIVIDUAL,GB,Wales,PARTNER,,en,2026-08-08T15:28:39Z,2026-08-12T01:07:11Z
APL000000017,INDIVIDUAL,TH,Chiang Mai,ORGANIC,,th,2026-08-05T03:45:56Z,2026-08-12T08:29:20Z
APL000000018,BUSINESS,TH,Phuket,SOCIAL,,th,2026-07-04T09:12:02Z,2026-07-10T18:32:54Z
APL000000019,INDIVIDUAL,TH,Chiang Mai,PARTNER,CMP-2026Q1-F600,th,2026-06-13T11:03:29Z,2026-06-22T18:02:30Z
APL000000020,BUSINESS,DE,Bavaria,ORGANIC,,de,2026-08-16T20:25:02Z,2026-08-26T07:41:06Z
APL000000021,INDIVIDUAL,JP,Tokyo,SOCIAL,CMP-2026Q2-C775,ja,2026-07-17T15:30:29Z,2026-07-23T03:27:40Z
APL000000022,INDIVIDUAL,CA,Quebec,SOCIAL,,en,2026-08-07T15:28:38Z,2026-08-14T13:02:44Z
APL000000023,INDIVIDUAL,AU,Victoria,REFERRAL,,en,2026-07-20T19:38:11Z,2026-07-22T00:40:39Z
APL000000024,INDIVIDUAL,FR,Ile-de-France,PAID_SEARCH,CMP-2026Q2-A172,fr,2026-08-04T02:06:49Z,2026-08-04T16:14:36Z
APL000000025,INDIVIDUAL,US,New York,ORGANIC,,en,2026-06-29T20:24:30Z,2026-07-06T12:57:46Z
APL000000026,INDIVIDUAL,TH,Phuket,SOCIAL,CMP-2026Q4-D903,th,2026-07-17T11:21:04Z,2026-07-21T13:02:44Z
APL000000027,INDIVIDUAL,AU,Victoria,REFERRAL,,en,2026-07-17T00:38:39Z,2026-07-24T07:37:21Z
APL000000028,INDIVIDUAL,GB,England,REFERRAL,,en,2026-07-07T10:44:40Z,2026-07-16T01:32:45Z
APL000000029,INDIVIDUAL,SG,East Region,ORGANIC,,en,2026-06-25T18:16:42Z,2026-06-30T09:18:33Z
APL000000030,BUSINESS,GB,Scotland,PARTNER,,en,2026-06-19T08:14:08Z,2026-06-25T20:45:01Z
APL000000031,INDIVIDUAL,US,California,SOCIAL,,en,2026-06-24T11:21:35Z,2026-06-29T07:54:49Z
APL000000032,INDIVIDUAL,AU,New South Wales,ORGANIC,,en,2026-06-12T03:52:46Z,2026-06-16T01:34:51Z
APL000000033,BUSINESS,JP,Osaka,REFERRAL,,ja,2026-08-22T19:10:18Z,2026-09-01T18:04:23Z
APL000000034,INDIVIDUAL,JP,Tokyo,ORGANIC,,ja,2026-06-28T07:51:41Z,2026-06-28T21:53:51Z
APL000000035,INDIVIDUAL,US,New York,ORGANIC,,en,2026-07-25T19:31:10Z,2026-07-30T20:12:13Z
APL000000036,BUSINESS,TH,Bangkok,SOCIAL,CMP-2026Q2-B709,th,2026-06-17T02:19:46Z,2026-06-25T17:09:58Z
APL000000037,INDIVIDUAL,CA,Ontario,PAID_SEARCH,CMP-2026Q1-G773,en,2026-07-25T18:36:36Z,2026-07-31T00:04:40Z
APL000000038,BUSINESS,SG,East Region,ORGANIC,,en,2026-07-11T16:24:52Z,2026-07-18T09:37:12Z
APL000000039,INDIVIDUAL,FR,Ile-de-France,ORGANIC,,fr,2026-07-28T14:05:11Z,2026-08-03T05:12:18Z
APL000000040,INDIVIDUAL,BR,Sao Paulo,REFERRAL,,pt,2026-06-21T22:25:18Z,2026-06-25T10:11:02Z
APL000000041,INDIVIDUAL,SG,East Region,ORGANIC,,en,2026-07-14T20:43:56Z,2026-07-20T07:06:16Z
APL000000042,INDIVIDUAL,BR,Sao Paulo,PAID_SEARCH,CMP-2026Q1-C370,pt,2026-06-20T15:46:17Z,2026-06-21T17:27:36Z
APL000000043,INDIVIDUAL,DE,Berlin,PAID_SEARCH,,de,2026-06-27T06:28:30Z,2026-07-03T14:41:32Z
APL000000044,INDIVIDUAL,JP,Osaka,SOCIAL,,ja,2026-06-18T22:08:14Z,2026-06-23T03:47:43Z
APL000000045,INDIVIDUAL,US,New York,PARTNER,CMP-2026Q3-C859,en,2026-07-15T03:18:14Z,2026-07-22T04:39:50Z
APL000000046,INDIVIDUAL,GB,England,SOCIAL,CMP-2026Q2-A954,en,2026-07-09T16:35:19Z,2026-07-15T05:11:41Z
APL000000047,INDIVIDUAL,US,New York,REFERRAL,,en,2026-08-20T23:33:30Z,2026-08-30T16:53:07Z
APL000000048,INDIVIDUAL,FR,Ile-de-France,PAID_SEARCH,CMP-2026Q3-G735,fr,2026-08-07T05:03:34Z,2026-08-16T11:14:34Z
APL000000049,INDIVIDUAL,TH,Bangkok,PARTNER,CMP-2026Q3-G921,th,2026-08-01T05:49:58Z,2026-08-08T14:14:47Z
APL000000050,INDIVIDUAL,TH,Phuket,ORGANIC,,th,2026-08-16T09:54:00Z,2026-08-24T23:57:45Z
APL000000051,INDIVIDUAL,JP,Osaka,ORGANIC,,ja,2026-08-10T15:37:18Z,2026-08-12T22:14:41Z
APL000000052,INDIVIDUAL,SG,East Region,ORGANIC,,en,2026-08-15T19:50:07Z,2026-08-25T11:53:19Z
APL000000053,INDIVIDUAL,BR,Rio de Janeiro,PAID_SEARCH,,pt,2026-07-06T20:04:11Z,2026-07-07T02:41:38Z
APL000000054,BUSINESS,DE,Bavaria,PAID_SEARCH,,de,2026-06-14T20:51:46Z,2026-06-20T20:02:24Z
APL000000055,INDIVIDUAL,FR,Provence,PAID_SEARCH,CMP-2026Q4-D360,fr,2026-06-15T07:53:44Z,2026-06-19T16:32:58Z
APL000000056,INDIVIDUAL,BR,Sao Paulo,REFERRAL,,pt,2026-06-17T05:57:10Z,2026-06-23T21:22:11Z
APL000000057,INDIVIDUAL,FR,Ile-de-France,PAID_SEARCH,CMP-2026Q3-G434,fr,2026-07-12T04:19:14Z,2026-07-15T03:16:40Z
APL000000058,INDIVIDUAL,AU,Victoria,PAID_SEARCH,,en,2026-07-28T03:55:36Z,2026-07-31T04:09:17Z
APL000000059,INDIVIDUAL,US,New York,ORGANIC,,en,2026-07-14T05:47:55Z,2026-07-20T00:59:42Z
APL000000060,INDIVIDUAL,JP,Osaka,REFERRAL,,ja,2026-06-28T00:39:45Z,2026-07-02T18:13:37Z
APL000000061,BUSINESS,TH,Phuket,ORGANIC,,th,2026-07-20T15:48:49Z,2026-07-26T23:43:09Z
APL000000062,INDIVIDUAL,SG,East Region,ORGANIC,,en,2026-06-26T22:26:01Z,2026-06-27T04:17:45Z
APL000000063,INDIVIDUAL,JP,Tokyo,REFERRAL,,ja,2026-08-17T11:02:47Z,2026-08-23T05:12:26Z
APL000000064,INDIVIDUAL,AU,Victoria,REFERRAL,,en,2026-06-23T01:37:42Z,2026-06-29T22:39:28Z
APL000000065,BUSINESS,GB,Scotland,ORGANIC,,en,2026-08-11T07:23:51Z,2026-08-18T06:24:59Z
APL000000066,INDIVIDUAL,BR,Sao Paulo,SOCIAL,CMP-2026Q2-H783,pt,2026-07-21T20:02:14Z,2026-07-27T10:10:46Z
APL000000067,INDIVIDUAL,JP,Osaka,PARTNER,CMP-2026Q2-H560,ja,2026-07-01T10:32:41Z,2026-07-03T21:52:56Z
APL000000068,INDIVIDUAL,BR,Rio de Janeiro,PAID_SEARCH,CMP-2026Q1-E340,pt,2026-07-02T09:05:13Z,2026-07-05T13:49:02Z
APL000000069,INDIVIDUAL,TH,Bangkok,ORGANIC,,th,2026-08-03T01:06:34Z,2026-08-10T02:39:00Z
APL000000070,INDIVIDUAL,AU,Victoria,REFERRAL,,en,2026-07-13T04:23:37Z,2026-07-15T06:02:01Z
APL000000071,INDIVIDUAL,CA,British Columbia,ORGANIC,,en,2026-08-17T01:10:55Z,2026-08-22T19:20:51Z
APL000000072,INDIVIDUAL,FR,Provence,PARTNER,,fr,2026-08-22T12:10:28Z,2026-08-26T16:44:22Z
APL000000073,INDIVIDUAL,BR,Sao Paulo,REFERRAL,,pt,2026-07-02T11:17:00Z,2026-07-07T07:50:15Z
APL000000074,INDIVIDUAL,AU,New South Wales,PARTNER,,en,2026-08-24T13:17:58Z,2026-08-29T21:29:21Z
APL000000075,BUSINESS,CA,British Columbia,PAID_SEARCH,CMP-2026Q4-C987,en,2026-07-16T15:03:25Z,2026-07-17T03:07:31Z
APL000000076,INDIVIDUAL,SG,East Region,ORGANIC,,en,2026-08-08T02:12:48Z,2026-08-11T21:12:13Z
APL000000077,INDIVIDUAL,AU,Victoria,PARTNER,CMP-2026Q1-F329,en,2026-07-30T18:15:33Z,2026-08-07T13:45:19Z
APL000000078,INDIVIDUAL,US,Texas,ORGANIC,,en,2026-06-13T12:41:02Z,2026-06-15T01:15:20Z
APL000000079,INDIVIDUAL,GB,Wales,SOCIAL,CMP-2026Q3-F271,en,2026-07-27T10:36:24Z,2026-08-06T01:54:11Z
APL000000080,INDIVIDUAL,TH,Chiang Mai,ORGANIC,,th,2026-06-13T22:13:16Z,2026-06-17T01:05:27Z
APL000000081,INDIVIDUAL,AU,Victoria,SOCIAL,CMP-2026Q2-B813,en,2026-08-08T22:27:56Z,2026-08-17T10:32:09Z
APL000000082,INDIVIDUAL,GB,Wales,PARTNER,CMP-2026Q4-F170,en,2026-07-19T22:43:45Z,2026-07-23T08:37:29Z
APL000000083,BUSINESS,JP,Tokyo,REFERRAL,,ja,2026-07-09T03:56:18Z,2026-07-18T01:54:59Z
APL000000084,INDIVIDUAL,TH,Chiang Mai,ORGANIC,,th,2026-07-21T03:08:38Z,2026-07-27T15:15:14Z
APL000000085,INDIVIDUAL,BR,Rio de Janeiro,REFERRAL,,pt,2026-08-12T22:19:20Z,2026-08-18T20:30:58Z
APL000000086,INDIVIDUAL,SG,Central Region,ORGANIC,,en,2026-07-15T19:26:36Z,2026-07-23T07:33:28Z
APL000000087,INDIVIDUAL,AU,Victoria,ORGANIC,,en,2026-08-14T19:42:54Z,2026-08-16T15:21:24Z
APL000000088,INDIVIDUAL,DE,Berlin,ORGANIC,,de,2026-07-26T17:04:44Z,2026-08-04T12:18:17Z
APL000000089,INDIVIDUAL,BR,Sao Paulo,ORGANIC,,pt,2026-08-05T00:08:03Z,2026-08-09T21:23:35Z
APL000000090,INDIVIDUAL,JP,Osaka,REFERRAL,,ja,2026-06-13T07:02:16Z,2026-06-16T05:39:15Z
APL000000091,INDIVIDUAL,SG,East Region,PAID_SEARCH,CMP-2026Q3-G863,en,2026-07-23T06:41:57Z,2026-07-26T19:08:01Z
APL000000092,INDIVIDUAL,DE,Berlin,ORGANIC,,de,2026-08-05T02:18:42Z,2026-08-08T06:02:35Z
APL000000093,INDIVIDUAL,TH,Bangkok,ORGANIC,,th,2026-07-18T07:33:26Z,2026-07-25T13:27:28Z
APL000000094,BUSINESS,BR,Rio de Janeiro,SOCIAL,,pt,2026-07-04T05:14:37Z,2026-07-07T19:51:18Z
APL000000095,INDIVIDUAL,BR,Sao Paulo,ORGANIC,,pt,2026-08-24T01:43:51Z,2026-08-29T14:32:13Z
APL000000096,INDIVIDUAL,TH,Phuket,PARTNER,CMP-2026Q1-E580,th,2026-07-17T21:41:08Z,2026-07-21T07:27:17Z
APL000000097,BUSINESS,DE,Berlin,ORGANIC,,de,2026-06-16T21:37:05Z,2026-06-21T19:38:14Z
APL000000098,INDIVIDUAL,US,Texas,ORGANIC,,en,2026-07-24T05:06:40Z,2026-07-27T06:01:54Z
APL000000099,BUSINESS,GB,Wales,PARTNER,CMP-2026Q2-G561,en,2026-08-19T03:18:28Z,2026-08-22T02:40:21Z
APL000000100,INDIVIDUAL,AU,Victoria,PAID_SEARCH,CMP-2026Q1-D740,en,2026-06-27T19:50:43Z,2026-07-04T10:20:53Z
APL000000101,INDIVIDUAL,TH,Phuket,ORGANIC,,th,2026-06-12T04:48:58Z,2026-06-16T16:56:13Z
APL000000102,INDIVIDUAL,DE,Bavaria,ORGANIC,,de,2026-08-04T00:31:13Z,2026-08-11T01:14:15Z
APL000000103,INDIVIDUAL,SG,East Region,PARTNER,CMP-2026Q2-G217,en,2026-07-22T20:12:44Z,2026-07-29T07:38:40Z
APL000000104,BUSINESS,TH,Bangkok,ORGANIC,,th,2026-08-10T10:43:53Z,2026-08-16T09:32:31Z
APL000000105,BUSINESS,DE,Berlin,ORGANIC,,de,2026-08-02T15:37:13Z,2026-08-09T15:33:23Z
APL000000106,BUSINESS,BR,Rio de Janeiro,REFERRAL,,pt,2026-07-26T20:27:57Z,2026-08-04T17:55:38Z
APL000000107,INDIVIDUAL,CA,Quebec,ORGANIC,,en,2026-06-29T04:03:50Z,2026-07-05T21:53:44Z
APL000000108,BUSINESS,CA,Ontario,SOCIAL,CMP-2026Q3-A881,en,2026-08-07T17:17:02Z,2026-08-12T10:12:14Z
APL000000109,INDIVIDUAL,DE,Bavaria,SOCIAL,CMP-2026Q4-B581,de,2026-07-08T02:19:47Z,2026-07-11T10:19:26Z
APL000000110,INDIVIDUAL,TH,Chiang Mai,REFERRAL,,th,2026-07-19T03:50:39Z,2026-07-25T18:51:51Z
APL000000111,INDIVIDUAL,BR,Sao Paulo,REFERRAL,,pt,2026-07-05T14:07:51Z,2026-07-08T19:42:59Z
APL000000112,BUSINESS,AU,New South Wales,PAID_SEARCH,CMP-2026Q4-A292,en,2026-07-20T21:11:27Z,2026-07-27T02:37:22Z
APL000000113,INDIVIDUAL,JP,Tokyo,ORGANIC,,ja,2026-07-23T04:35:43Z,2026-08-01T11:14:12Z
APL000000114,INDIVIDUAL,JP,Tokyo,ORGANIC,,ja,2026-07-29T06:02:24Z,2026-08-06T05:52:31Z
APL000000115,INDIVIDUAL,DE,Hesse,ORGANIC,,de,2026-07-12T14:22:59Z,2026-07-14T20:18:41Z
APL000000116,BUSINESS,GB,Scotland,SOCIAL,CMP-2026Q2-H833,en,2026-07-03T21:21:02Z,2026-07-10T22:38:58Z
APL000000117,INDIVIDUAL,JP,Osaka,ORGANIC,,ja,2026-07-23T08:16:37Z,2026-07-27T04:20:16Z
APL000000118,BUSINESS,BR,Sao Paulo,PARTNER,CMP-2026Q4-F906,pt,2026-07-20T01:55:40Z,2026-07-28T06:51:34Z
APL000000119,INDIVIDUAL,DE,Hesse,PAID_SEARCH,CMP-2026Q2-H651,de,2026-07-18T07:48:52Z,2026-07-21T15:36:00Z
APL000000120,INDIVIDUAL,AU,Victoria,SOCIAL,,en,2026-08-24T13:23:39Z,2026-08-26T22:42:27Z
APL000000121,INDIVIDUAL,AU,New South Wales,ORGANIC,,en,2026-07-17T11:21:26Z,2026-07-26T14:34:49Z
APL000000122,INDIVIDUAL,TH,Chiang Mai,SOCIAL,CMP-2026Q3-B995,th,2026-08-14T09:04:15Z,2026-08-15T09:00:06Z
APL000000123,BUSINESS,US,Texas,REFERRAL,,en,2026-07-31T02:36:22Z,2026-08-01T15:39:11Z
APL000000124,INDIVIDUAL,DE,Berlin,PAID_SEARCH,CMP-2026Q1-F972,de,2026-08-01T13:50:36Z,2026-08-06T21:54:46Z
APL000000125,BUSINESS,JP,Tokyo,PAID_SEARCH,CMP-2026Q3-D864,ja,2026-06-18T18:40:58Z,2026-06-28T13:29:01Z
APL000000126,INDIVIDUAL,GB,Scotland,ORGANIC,,en,2026-07-04T11:02:20Z,2026-07-04T17:59:10Z
APL000000127,INDIVIDUAL,US,New York,REFERRAL,,en,2026-07-14T07:14:10Z,2026-07-16T17:50:36Z
APL000000128,INDIVIDUAL,TH,Bangkok,ORGANIC,,th,2026-07-27T17:05:06Z,2026-07-31T12:53:45Z
APL000000129,INDIVIDUAL,JP,Tokyo,ORGANIC,,ja,2026-07-29T20:13:42Z,2026-08-03T10:31:30Z
APL000000130,INDIVIDUAL,JP,Osaka,PAID_SEARCH,CMP-2026Q4-F701,ja,2026-07-04T10:28:39Z,2026-07-14T01:21:52Z
APL000000131,INDIVIDUAL,JP,Osaka,ORGANIC,,ja,2026-07-10T20:26:52Z,2026-07-15T16:25:04Z
APL000000132,INDIVIDUAL,CA,Quebec,PAID_SEARCH,,en,2026-07-04T03:24:55Z,2026-07-13T22:07:19Z
APL000000133,INDIVIDUAL,DE,Bavaria,PAID_SEARCH,CMP-2026Q1-H952,de,2026-08-18T19:28:46Z,2026-08-21T16:09:58Z
APL000000134,INDIVIDUAL,CA,Quebec,ORGANIC,,en,2026-06-26T06:14:15Z,2026-06-28T18:23:16Z
APL000000135,INDIVIDUAL,TH,Phuket,ORGANIC,,th,2026-07-29T01:25:28Z,2026-07-29T10:53:09Z
APL000000136,INDIVIDUAL,US,Illinois,REFERRAL,,en,2026-06-21T20:32:28Z,2026-06-30T22:51:06Z
APL000000137,INDIVIDUAL,AU,New South Wales,ORGANIC,,en,2026-08-09T23:43:23Z,2026-08-18T18:04:24Z
APL000000138,INDIVIDUAL,BR,Rio de Janeiro,PARTNER,CMP-2026Q4-E864,pt,2026-08-16T06:42:52Z,2026-08-24T07:43:49Z
APL000000139,INDIVIDUAL,GB,England,PARTNER,CMP-2026Q4-F192,en,2026-08-10T07:13:39Z,2026-08-10T10:34:04Z
APL000000140,INDIVIDUAL,JP,Osaka,PAID_SEARCH,CMP-2026Q4-F210,ja,2026-08-01T14:42:20Z,2026-08-06T07:51:36Z
APL000000141,INDIVIDUAL,BR,Rio de Janeiro,SOCIAL,CMP-2026Q1-H817,pt,2026-07-04T15:56:32Z,2026-07-08T17:55:59Z
APL000000142,INDIVIDUAL,US,New York,SOCIAL,CMP-2026Q2-C497,en,2026-07-16T00:33:31Z,2026-07-22T17:28:31Z
APL000000143,INDIVIDUAL,BR,Rio de Janeiro,PAID_SEARCH,,pt,2026-08-17T09:44:41Z,2026-08-23T22:55:33Z
APL000000144,BUSINESS,CA,Quebec,SOCIAL,CMP-2026Q3-D554,en,2026-07-15T08:27:09Z,2026-07-17T17:07:10Z
APL000000145,INDIVIDUAL,FR,Provence,ORGANIC,,fr,2026-07-02T16:35:11Z,2026-07-12T08:57:22Z
APL000000146,BUSINESS,JP,Tokyo,PAID_SEARCH,CMP-2026Q1-A905,ja,2026-07-07T00:18:59Z,2026-07-16T21:38:00Z
APL000000147,INDIVIDUAL,SG,Central Region,PARTNER,CMP-2026Q2-D436,en,2026-08-09T01:51:48Z,2026-08-16T23:08:16Z
APL000000148,INDIVIDUAL,DE,Bavaria,SOCIAL,CMP-2026Q2-B776,de,2026-08-15T23:36:22Z,2026-08-17T07:14:20Z
APL000000149,INDIVIDUAL,SG,East Region,ORGANIC,,en,2026-07-01T21:39:41Z,2026-07-03T04:05:00Z
APL000000150,INDIVIDUAL,GB,Wales,ORGANIC,,en,2026-07-15T14:53:43Z,2026-07-19T05:47:05Z
APL000000151,INDIVIDUAL,JP,Tokyo,SOCIAL,CMP-2026Q3-H758,ja,2026-08-23T07:14:49Z,2026-08-23T21:50:42Z
APL000000152,INDIVIDUAL,AU,Victoria,PAID_SEARCH,CMP-2026Q4-B182,en,2026-07-06T03:48:04Z,2026-07-07T15:24:05Z
APL000000153,INDIVIDUAL,CA,British Columbia,PAID_SEARCH,,en,2026-07-10T13:37:40Z,2026-07-16T13:00:07Z
APL000000154,INDIVIDUAL,BR,Rio de Janeiro,ORGANIC,,pt,2026-08-03T15:12:10Z,2026-08-12T03:52:23Z
APL000000155,INDIVIDUAL,BR,Sao Paulo,REFERRAL,,pt,2026-08-17T14:33:49Z,2026-08-21T17:52:44Z
APL000000156,BUSINESS,AU,Victoria,PAID_SEARCH,CMP-2026Q3-E483,en,2026-08-22T12:27:59Z,2026-08-29T09:18:12Z
APL000000157,INDIVIDUAL,GB,England,ORGANIC,,en,2026-06-19T05:48:57Z,2026-06-26T15:07:37Z
APL000000158,BUSINESS,BR,Sao Paulo,PAID_SEARCH,CMP-2026Q3-B520,pt,2026-07-08T12:28:35Z,2026-07-15T04:09:29Z
APL000000159,INDIVIDUAL,US,New York,PAID_SEARCH,CMP-2026Q2-C772,en,2026-07-18T03:56:27Z,2026-07-26T15:17:12Z
APL000000160,INDIVIDUAL,BR,Rio de Janeiro,ORGANIC,,pt,2026-07-02T21:25:22Z,2026-07-05T03:42:03Z
APL000000161,INDIVIDUAL,BR,Sao Paulo,PAID_SEARCH,CMP-2026Q3-A284,pt,2026-07-02T11:53:12Z,2026-07-10T02:51:53Z
APL000000162,BUSINESS,FR,Ile-de-France,ORGANIC,,fr,2026-06-22T17:51:09Z,2026-06-29T07:36:55Z
APL000000163,INDIVIDUAL,US,California,PAID_SEARCH,CMP-2026Q4-H449,en,2026-06-23T19:20:12Z,2026-06-26T22:07:46Z
APL000000164,INDIVIDUAL,CA,British Columbia,ORGANIC,,en,2026-06-15T22:41:45Z,2026-06-17T12:28:27Z
APL000000165,INDIVIDUAL,GB,Scotland,REFERRAL,,en,2026-07-13T19:13:35Z,2026-07-19T20:55:29Z
APL000000166,INDIVIDUAL,SG,Central Region,ORGANIC,,en,2026-06-20T07:36:05Z,2026-06-27T02:22:25Z
APL000000167,INDIVIDUAL,BR,Rio de Janeiro,ORGANIC,,pt,2026-07-11T15:28:26Z,2026-07-17T15:18:43Z
APL000000168,INDIVIDUAL,DE,Bavaria,PARTNER,,de,2026-07-03T17:00:17Z,2026-07-04T21:48:03Z
APL000000169,INDIVIDUAL,AU,New South Wales,ORGANIC,,en,2026-07-21T22:38:53Z,2026-07-24T05:52:29Z
APL000000170,INDIVIDUAL,FR,Ile-de-France,REFERRAL,,fr,2026-08-06T15:40:27Z,2026-08-11T00:22:01Z
APL000000171,INDIVIDUAL,GB,Scotland,PAID_SEARCH,CMP-2026Q4-E217,en,2026-07-12T09:03:29Z,2026-07-22T00:56:45Z
APL000000172,INDIVIDUAL,CA,Quebec,PARTNER,,en,2026-06-18T14:38:01Z,2026-06-27T01:18:36Z
APL000000173,INDIVIDUAL,CA,Quebec,REFERRAL,,en,2026-07-11T16:22:48Z,2026-07-14T18:50:45Z
APL000000174,INDIVIDUAL,FR,Ile-de-France,ORGANIC,,fr,2026-07-29T11:48:15Z,2026-08-03T19:08:58Z
APL000000175,INDIVIDUAL,FR,Provence,PAID_SEARCH,,fr,2026-08-12T03:03:59Z,2026-08-14T11:46:16Z
APL000000176,INDIVIDUAL,SG,Central Region,PAID_SEARCH,,en,2026-07-31T03:54:58Z,2026-08-01T22:25:52Z
APL000000177,INDIVIDUAL,JP,Osaka,PARTNER,,ja,2026-07-15T16:01:46Z,2026-07-24T21:49:35Z
APL000000178,INDIVIDUAL,CA,Quebec,PARTNER,CMP-2026Q2-H169,en,2026-07-17T04:03:28Z,2026-07-23T11:35:25Z
APL000000179,INDIVIDUAL,CA,Ontario,REFERRAL,,en,2026-06-17T13:32:35Z,2026-06-22T04:21:40Z
APL000000180,INDIVIDUAL,FR,Provence,ORGANIC,,fr,2026-08-15T19:39:00Z,2026-08-24T08:55:13Z
APL000000181,INDIVIDUAL,BR,Rio de Janeiro,REFERRAL,,pt,2026-07-23T13:46:10Z,2026-07-31T11:48:20Z
APL000000182,BUSINESS,JP,Tokyo,ORGANIC,,ja,2026-07-17T16:07:56Z,2026-07-19T04:20:20Z
APL000000183,INDIVIDUAL,GB,Scotland,SOCIAL,CMP-2026Q2-A353,en,2026-08-04T01:43:08Z,2026-08-13T23:33:20Z
APL000000184,INDIVIDUAL,CA,Ontario,REFERRAL,,en,2026-08-19T20:17:10Z,2026-08-23T17:15:58Z
APL000000185,INDIVIDUAL,CA,Ontario,PARTNER,CMP-2026Q1-F196,en,2026-07-23T20:20:01Z,2026-07-27T17:06:33Z
APL000000186,INDIVIDUAL,CA,Ontario,ORGANIC,,en,2026-07-25T16:55:52Z,2026-07-27T02:52:26Z
APL000000187,INDIVIDUAL,AU,New South Wales,PAID_SEARCH,,en,2026-07-05T05:14:50Z,2026-07-08T23:39:01Z
APL000000188,INDIVIDUAL,TH,Phuket,PAID_SEARCH,,th,2026-08-25T18:53:43Z,2026-09-03T21:52:58Z
APL000000189,INDIVIDUAL,AU,Victoria,ORGANIC,,en,2026-07-05T03:57:32Z,2026-07-14T16:14:22Z
APL000000190,INDIVIDUAL,JP,Tokyo,ORGANIC,,ja,2026-06-22T07:37:03Z,2026-06-23T02:08:14Z
APL000000191,BUSINESS,GB,Wales,PARTNER,,en,2026-08-17T06:37:40Z,2026-08-17T15:41:14Z
APL000000192,INDIVIDUAL,CA,Ontario,PAID_SEARCH,CMP-2026Q2-C838,en,2026-07-14T19:48:43Z,2026-07-18T22:25:05Z
APL000000193,INDIVIDUAL,SG,East Region,PAID_SEARCH,,en,2026-08-09T18:50:26Z,2026-08-12T03:00:04Z
APL000000194,INDIVIDUAL,JP,Tokyo,REFERRAL,,ja,2026-08-22T00:50:03Z,2026-08-31T21:05:59Z
APL000000195,INDIVIDUAL,DE,Berlin,REFERRAL,,de,2026-07-13T09:35:22Z,2026-07-15T00:29:00Z
APL000000196,INDIVIDUAL,CA,Ontario,PARTNER,CMP-2026Q4-F667,en,2026-08-21T01:43:42Z,2026-08-28T04:27:52Z
APL000000197,INDIVIDUAL,GB,Scotland,ORGANIC,,en,2026-06-24T00:33:43Z,2026-06-28T12:23:55Z
APL000000198,INDIVIDUAL,AU,New South Wales,SOCIAL,CMP-2026Q4-F127,en,2026-07-13T02:48:51Z,2026-07-17T01:57:48Z
APL000000199,INDIVIDUAL,AU,New South Wales,REFERRAL,,en,2026-06-14T02:44:15Z,2026-06-23T10:08:08Z
APL000000200,BUSINESS,FR,Ile-de-France,ORGANIC,,fr,2026-07-03T12:22:58Z,2026-07-11T19:31:32Z
APL000000201,INDIVIDUAL,TH,Phuket,REFERRAL,,th,2026-07-28T03:37:36Z,2026-08-06T05:01:57Z
APL000000202,INDIVIDUAL,SG,Central Region,REFERRAL,,en,2026-08-05T13:01:21Z,2026-08-10T19:41:15Z
APL000000203,INDIVIDUAL,DE,Bavaria,ORGANIC,,de,2026-06-15T13:56:56Z,2026-06-19T18:42:25Z
APL000000204,INDIVIDUAL,JP,Tokyo,ORGANIC,,ja,2026-08-18T21:15:51Z,2026-08-24T20:28:54Z
APL000000205,INDIVIDUAL,BR,Sao Paulo,PAID_SEARCH,CMP-2026Q1-F346,pt,2026-07-24T19:11:40Z,2026-07-26T16:09:00Z
APL000000206,INDIVIDUAL,BR,Rio de Janeiro,ORGANIC,,pt,2026-07-21T10:54:25Z,2026-07-26T12:39:56Z
APL000000207,BUSINESS,BR,Sao Paulo,REFERRAL,,pt,2026-07-17T06:14:35Z,2026-07-23T14:48:14Z
APL000000208,BUSINESS,DE,Hesse,ORGANIC,,de,2026-08-10T03:20:09Z,2026-08-13T14:05:19Z
APL000000209,INDIVIDUAL,GB,Wales,PAID_SEARCH,CMP-2026Q1-F659,en,2026-07-07T09:23:06Z,2026-07-13T19:39:21Z
APL000000210,BUSINESS,JP,Osaka,PAID_SEARCH,,ja,2026-06-16T17:34:51Z,2026-06-24T11:51:59Z
APL000000211,INDIVIDUAL,DE,Bavaria,ORGANIC,,de,2026-06-26T23:02:44Z,2026-06-27T09:06:11Z
APL000000212,BUSINESS,BR,Rio de Janeiro,SOCIAL,CMP-2026Q3-A871,pt,2026-07-30T12:25:15Z,2026-08-02T09:05:15Z
APL000000213,BUSINESS,US,New York,ORGANIC,,en,2026-08-10T22:48:58Z,2026-08-15T07:41:04Z
APL000000214,INDIVIDUAL,JP,Osaka,ORGANIC,,ja,2026-06-26T00:16:15Z,2026-07-02T22:22:02Z
APL000000215,INDIVIDUAL,BR,Rio de Janeiro,PARTNER,,pt,2026-06-17T22:04:06Z,2026-06-23T22:39:26Z
APL000000216,BUSINESS,BR,Rio de Janeiro,ORGANIC,,pt,2026-06-18T00:07:26Z,2026-06-24T14:44:40Z
APL000000217,INDIVIDUAL,CA,British Columbia,REFERRAL,,en,2026-08-02T17:34:35Z,2026-08-06T05:56:52Z
APL000000218,INDIVIDUAL,FR,Provence,ORGANIC,,fr,2026-08-24T12:02:56Z,2026-09-02T23:32:46Z
APL000000219,INDIVIDUAL,AU,Victoria,REFERRAL,,en,2026-08-07T05:48:58Z,2026-08-08T20:12:47Z
APL000000220,INDIVIDUAL,CA,British Columbia,PARTNER,CMP-2026Q1-D897,en,2026-07-30T09:17:35Z,2026-08-03T00:12:33Z
APL000000221,BUSINESS,US,Illinois,ORGANIC,,en,2026-07-15T17:51:38Z,2026-07-19T10:53:31Z
APL000000222,INDIVIDUAL,GB,Wales,ORGANIC,,en,2026-07-09T12:30:35Z,2026-07-12T15:57:44Z
APL000000223,INDIVIDUAL,GB,England,PAID_SEARCH,CMP-2026Q4-B368,en,2026-08-09T02:56:09Z,2026-08-16T03:54:18Z
APL000000224,INDIVIDUAL,CA,Quebec,PAID_SEARCH,,en,2026-06-27T00:19:15Z,2026-06-28T08:53:45Z
APL000000225,INDIVIDUAL,TH,Phuket,REFERRAL,,th,2026-06-18T14:01:24Z,2026-06-25T09:41:10Z
APL000000226,BUSINESS,FR,Provence,PAID_SEARCH,CMP-2026Q3-E971,fr,2026-06-23T19:30:34Z,2026-06-30T21:48:17Z
APL000000227,INDIVIDUAL,TH,Chiang Mai,REFERRAL,,th,2026-06-21T02:27:08Z,2026-06-23T02:41:15Z
APL000000228,INDIVIDUAL,JP,Tokyo,REFERRAL,,ja,2026-07-24T22:05:57Z,2026-07-29T14:16:36Z
APL000000229,BUSINESS,TH,Phuket,PARTNER,CMP-2026Q4-H638,th,2026-07-12T19:25:52Z,2026-07-16T21:41:42Z
APL000000230,INDIVIDUAL,TH,Chiang Mai,PAID_SEARCH,CMP-2026Q3-C999,th,2026-08-13T04:17:48Z,2026-08-18T16:36:34Z
APL000000231,INDIVIDUAL,TH,Chiang Mai,REFERRAL,,th,2026-08-16T02:46:51Z,2026-08-24T10:18:53Z
APL000000232,INDIVIDUAL,DE,Bavaria,ORGANIC,,de,2026-08-21T02:31:41Z,2026-08-23T08:38:27Z
APL000000233,BUSINESS,BR,Rio de Janeiro,PARTNER,CMP-2026Q3-C740,pt,2026-07-04T17:05:03Z,2026-07-10T01:07:08Z
APL000000234,INDIVIDUAL,TH,Phuket,SOCIAL,CMP-2026Q3-A945,th,2026-08-15T18:48:22Z,2026-08-16T14:17:58Z
APL000000235,BUSINESS,CA,Quebec,PAID_SEARCH,,en,2026-07-13T05:51:22Z,2026-07-19T15:12:50Z
APL000000236,INDIVIDUAL,BR,Rio de Janeiro,PAID_SEARCH,CMP-2026Q2-G404,pt,2026-07-16T00:22:45Z,2026-07-22T21:38:48Z
APL000000237,INDIVIDUAL,AU,Victoria,REFERRAL,,en,2026-07-07T12:20:47Z,2026-07-08T22:49:37Z
APL000000238,BUSINESS,FR,Provence,SOCIAL,CMP-2026Q3-B426,fr,2026-06-30T03:07:41Z,2026-07-01T08:32:00Z
APL000000239,INDIVIDUAL,TH,Bangkok,ORGANIC,,th,2026-08-21T21:41:34Z,2026-08-30T13:05:31Z
APL000000240,INDIVIDUAL,TH,Chiang Mai,SOCIAL,,th,2026-06-26T05:42:04Z,2026-06-27T19:56:36Z
APL000000241,BUSINESS,JP,Osaka,PARTNER,CMP-2026Q1-G617,ja,2026-07-16T07:00:54Z,2026-07-18T16:47:24Z
APL000000242,INDIVIDUAL,US,California,ORGANIC,,en,2026-07-26T19:32:01Z,2026-08-04T05:49:03Z
APL000000243,INDIVIDUAL,DE,Hesse,ORGANIC,,de,2026-06-20T01:29:41Z,2026-06-21T09:38:20Z
APL000000244,INDIVIDUAL,FR,Provence,REFERRAL,,fr,2026-07-12T01:02:48Z,2026-07-17T17:54:52Z
APL000000245,INDIVIDUAL,BR,Rio de Janeiro,ORGANIC,,pt,2026-07-19T19:39:35Z,2026-07-27T11:07:00Z
APL000000246,INDIVIDUAL,CA,British Columbia,PAID_SEARCH,CMP-2026Q1-G482,en,2026-08-10T14:48:54Z,2026-08-14T00:11:43Z
APL000000247,BUSINESS,TH,Bangkok,PAID_SEARCH,CMP-2026Q1-A139,th,2026-06-22T06:39:55Z,2026-06-25T14:35:42Z
APL000000248,INDIVIDUAL,JP,Tokyo,PAID_SEARCH,CMP-2026Q3-F266,ja,2026-07-11T11:19:05Z,2026-07-17T15:16:42Z
APL000000249,BUSINESS,CA,Quebec,REFERRAL,,en,2026-07-20T05:29:07Z,2026-07-25T03:02:54Z
APL000000250,INDIVIDUAL,JP,Tokyo,REFERRAL,,ja,2026-08-01T12:51:05Z,2026-08-11T08:01:37Z
APL000000251,INDIVIDUAL,US,Illinois,REFERRAL,,en,2026-08-23T12:43:38Z,2026-08-31T08:37:27Z
APL000000252,INDIVIDUAL,CA,Ontario,PAID_SEARCH,CMP-2026Q2-G251,en,2026-08-12T14:59:25Z,2026-08-15T01:07:02Z
APL000000253,INDIVIDUAL,GB,England,ORGANIC,,en,2026-07-05T12:38:47Z,2026-07-07T00:59:23Z
APL000000254,INDIVIDUAL,AU,Victoria,PARTNER,,en,2026-06-16T16:06:22Z,2026-06-18T01:14:46Z
APL000000255,INDIVIDUAL,FR,Provence,REFERRAL,,fr,2026-07-05T12:45:16Z,2026-07-07T06:19:06Z
APL000000256,BUSINESS,FR,Provence,PAID_SEARCH,,fr,2026-08-02T01:20:33Z,2026-08-10T02:13:09Z
APL000000257,INDIVIDUAL,JP,Tokyo,SOCIAL,CMP-2026Q3-D404,ja,2026-08-08T20:06:49Z,2026-08-15T21:17:23Z
APL000000258,INDIVIDUAL,JP,Osaka,REFERRAL,,ja,2026-07-24T00:52:39Z,2026-08-02T09:09:14Z
APL000000259,INDIVIDUAL,DE,Bavaria,PAID_SEARCH,CMP-2026Q4-F891,de,2026-08-11T08:18:30Z,2026-08-14T06:01:01Z
APL000000260,INDIVIDUAL,GB,Scotland,SOCIAL,CMP-2026Q4-D306,en,2026-08-13T02:18:47Z,2026-08-15T19:23:05Z
APL000000261,INDIVIDUAL,DE,Bavaria,ORGANIC,,de,2026-08-06T13:36:13Z,2026-08-08T23:01:53Z
APL000000262,INDIVIDUAL,BR,Sao Paulo,PAID_SEARCH,CMP-2026Q4-F834,pt,2026-07-17T10:19:37Z,2026-07-24T05:48:47Z
APL000000263,INDIVIDUAL,BR,Sao Paulo,REFERRAL,,pt,2026-08-21T03:03:27Z,2026-08-29T21:52:25Z
APL000000264,INDIVIDUAL,SG,East Region,ORGANIC,,en,2026-07-30T10:36:58Z,2026-08-08T12:31:16Z
APL000000265,INDIVIDUAL,CA,Ontario,REFERRAL,,en,2026-08-05T05:36:42Z,2026-08-14T14:24:44Z
APL000000266,BUSINESS,TH,Chiang Mai,PARTNER,CMP-2026Q1-G906,th,2026-07-19T03:41:27Z,2026-07-28T12:28:37Z
APL000000267,BUSINESS,DE,Bavaria,ORGANIC,,de,2026-07-24T14:19:52Z,2026-07-25T16:05:00Z
APL000000268,BUSINESS,DE,Berlin,SOCIAL,CMP-2026Q4-C971,de,2026-07-19T19:34:58Z,2026-07-22T13:03:49Z
APL000000269,BUSINESS,FR,Ile-de-France,PAID_SEARCH,CMP-2026Q2-A854,fr,2026-07-07T06:48:06Z,2026-07-10T05:36:27Z
APL000000270,INDIVIDUAL,SG,Central Region,PAID_SEARCH,CMP-2026Q4-G627,en,2026-07-06T14:16:04Z,2026-07-10T14:28:04Z
APL000000271,INDIVIDUAL,TH,Chiang Mai,ORGANIC,,th,2026-06-30T14:29:05Z,2026-07-03T05:04:23Z
APL000000272,INDIVIDUAL,DE,Berlin,ORGANIC,,de,2026-08-05T05:11:18Z,2026-08-05T07:55:59Z
APL000000273,INDIVIDUAL,SG,Central Region,PAID_SEARCH,CMP-2026Q2-G802,en,2026-07-19T16:32:12Z,2026-07-28T15:21:54Z
APL000000274,INDIVIDUAL,DE,Hesse,ORGANIC,,de,2026-08-19T17:02:04Z,2026-08-22T15:50:37Z
APL000000275,INDIVIDUAL,SG,Central Region,REFERRAL,,en,2026-07-16T02:57:41Z,2026-07-26T00:16:57Z
APL000000276,INDIVIDUAL,BR,Rio de Janeiro,PARTNER,,pt,2026-08-12T22:05:10Z,2026-08-20T12:55:57Z
APL000000277,INDIVIDUAL,CA,Ontario,REFERRAL,,en,2026-07-21T14:42:41Z,2026-07-25T05:32:23Z
APL000000278,BUSINESS,GB,England,PARTNER,,en,2026-06-27T03:52:55Z,2026-07-02T12:40:50Z
APL000000279,INDIVIDUAL,BR,Rio de Janeiro,ORGANIC,,pt,2026-06-27T09:43:21Z,2026-07-03T05:40:41Z
APL000000280,INDIVIDUAL,BR,Rio de Janeiro,PARTNER,CMP-2026Q4-H677,pt,2026-06-16T07:55:34Z,2026-06-20T22:53:49Z
APL000000281,BUSINESS,US,Florida,ORGANIC,,en,2026-06-12T05:25:40Z,2026-06-14T09:43:26Z
APL000000282,INDIVIDUAL,AU,Victoria,PAID_SEARCH,CMP-2026Q1-B583,en,2026-06-14T09:07:21Z,2026-06-18T11:15:02Z
APL000000283,INDIVIDUAL,AU,Victoria,SOCIAL,CMP-2026Q4-G182,en,2026-08-02T04:54:52Z,2026-08-08T19:44:41Z
APL000000284,INDIVIDUAL,FR,Ile-de-France,ORGANIC,,fr,2026-07-22T07:03:54Z,2026-07-27T13:59:14Z
APL000000285,INDIVIDUAL,SG,Central Region,PARTNER,,en,2026-07-16T17:24:25Z,2026-07-23T21:59:22Z
APL000000286,INDIVIDUAL,AU,New South Wales,ORGANIC,,en,2026-07-07T23:05:15Z,2026-07-10T17:14:36Z
APL000000287,BUSINESS,GB,England,PARTNER,CMP-2026Q1-D311,en,2026-06-17T01:07:25Z,2026-06-22T23:40:12Z
APL000000288,INDIVIDUAL,US,Texas,PAID_SEARCH,CMP-2026Q2-D872,en,2026-08-15T18:42:51Z,2026-08-16T08:15:39Z
APL000000289,INDIVIDUAL,DE,Bavaria,PARTNER,,de,2026-07-05T22:01:35Z,2026-07-11T21:31:36Z
APL000000290,INDIVIDUAL,FR,Ile-de-France,ORGANIC,,fr,2026-06-22T17:52:07Z,2026-06-29T08:19:11Z
APL000000291,INDIVIDUAL,DE,Berlin,ORGANIC,,de,2026-08-22T03:20:11Z,2026-08-30T22:28:04Z
APL000000292,BUSINESS,AU,Victoria,ORGANIC,,en,2026-07-07T19:56:48Z,2026-07-14T06:20:33Z
APL000000293,INDIVIDUAL,BR,Rio de Janeiro,PAID_SEARCH,CMP-2026Q3-G288,pt,2026-08-07T13:56:56Z,2026-08-12T07:35:36Z
APL000000294,BUSINESS,DE,Hesse,ORGANIC,,de,2026-07-16T17:26:43Z,2026-07-17T07:16:30Z
APL000000295,INDIVIDUAL,AU,New South Wales,REFERRAL,,en,2026-07-01T02:59:31Z,2026-07-04T10:15:19Z
APL000000296,INDIVIDUAL,JP,Osaka,ORGANIC,,ja,2026-08-05T08:15:08Z,2026-08-07T05:58:05Z
APL000000297,INDIVIDUAL,CA,British Columbia,ORGANIC,,en,2026-06-17T11:00:42Z,2026-06-25T12:07:40Z
APL000000298,INDIVIDUAL,BR,Sao Paulo,REFERRAL,,pt,2026-08-16T05:03:10Z,2026-08-19T12:57:51Z
APL000000299,BUSINESS,US,Texas,SOCIAL,,en,2026-06-20T19:10:08Z,2026-06-30T19:03:59Z
APL000000300,INDIVIDUAL,SG,Central Region,REFERRAL,,en,2026-06-29T22:47:44Z,2026-07-03T03:58:59Z
APL000000301,INDIVIDUAL,JP,Osaka,ORGANIC,,ja,2026-07-08T23:21:37Z,2026-07-17T19:14:06Z
APL000000302,INDIVIDUAL,JP,Osaka,SOCIAL,CMP-2026Q4-A676,ja,2026-08-15T19:21:09Z,2026-08-23T05:15:11Z
APL000000303,INDIVIDUAL,BR,Rio de Janeiro,ORGANIC,,pt,2026-06-26T17:08:42Z,2026-06-29T00:20:58Z
APL000000304,INDIVIDUAL,SG,East Region,PAID_SEARCH,,en,2026-07-07T07:36:56Z,2026-07-14T22:49:20Z
APL000000305,INDIVIDUAL,JP,Osaka,ORGANIC,,ja,2026-08-10T14:57:21Z,2026-08-12T07:34:46Z
APL000000306,INDIVIDUAL,JP,Tokyo,SOCIAL,CMP-2026Q1-A959,ja,2026-08-14T12:03:19Z,2026-08-23T22:54:01Z
APL000000307,INDIVIDUAL,US,Florida,ORGANIC,,en,2026-07-29T07:15:46Z,2026-07-29T23:34:30Z
APL000000308,INDIVIDUAL,SG,East Region,REFERRAL,,en,2026-07-28T08:06:12Z,2026-08-04T00:07:28Z
APL000000309,INDIVIDUAL,JP,Osaka,ORGANIC,,ja,2026-07-21T21:58:56Z,2026-07-26T00:42:13Z
APL000000310,INDIVIDUAL,DE,Hesse,SOCIAL,CMP-2026Q4-C209,de,2026-08-19T20:29:16Z,2026-08-25T02:20:25Z
APL000000311,INDIVIDUAL,CA,British Columbia,ORGANIC,,en,2026-07-08T13:59:38Z,2026-07-16T12:46:43Z
APL000000312,INDIVIDUAL,AU,Victoria,PAID_SEARCH,,en,2026-06-28T22:32:34Z,2026-07-05T18:42:46Z
APL000000313,BUSINESS,US,California,REFERRAL,,en,2026-07-10T06:54:18Z,2026-07-15T01:08:47Z
APL000000314,INDIVIDUAL,TH,Bangkok,REFERRAL,,th,2026-07-14T13:02:14Z,2026-07-22T09:17:15Z
APL000000315,INDIVIDUAL,GB,Wales,SOCIAL,CMP-2026Q4-E147,en,2026-08-20T07:29:12Z,2026-08-27T03:44:58Z
APL000000316,INDIVIDUAL,BR,Sao Paulo,ORGANIC,,pt,2026-08-14T18:46:10Z,2026-08-14T22:31:39Z
APL000000317,INDIVIDUAL,TH,Phuket,PARTNER,,th,2026-07-04T10:41:54Z,2026-07-10T02:02:54Z
APL000000318,INDIVIDUAL,AU,Victoria,REFERRAL,,en,2026-08-06T11:32:28Z,2026-08-14T09:15:39Z
APL000000319,INDIVIDUAL,GB,Wales,PAID_SEARCH,CMP-2026Q1-G337,en,2026-08-13T21:36:51Z,2026-08-17T07:21:23Z
APL000000320,INDIVIDUAL,CA,Quebec,SOCIAL,CMP-2026Q3-H602,en,2026-06-29T02:38:56Z,2026-07-04T15:22:41Z
APL000000321,INDIVIDUAL,TH,Phuket,PAID_SEARCH,CMP-2026Q3-D830,th,2026-06-17T12:18:43Z,2026-06-20T04:37:31Z
APL000000322,INDIVIDUAL,TH,Phuket,REFERRAL,,th,2026-07-09T01:15:37Z,2026-07-09T23:13:31Z
APL000000323,BUSINESS,JP,Osaka,PARTNER,CMP-2026Q1-C541,ja,2026-07-15T15:55:07Z,2026-07-21T05:03:22Z
APL000000324,INDIVIDUAL,US,California,REFERRAL,,en,2026-06-18T23:30:56Z,2026-06-24T23:02:46Z
APL000000325,INDIVIDUAL,AU,New South Wales,ORGANIC,,en,2026-07-11T02:02:21Z,2026-07-11T22:22:01Z
APL000000326,BUSINESS,SG,Central Region,PAID_SEARCH,CMP-2026Q3-E374,en,2026-07-18T23:37:23Z,2026-07-19T14:48:25Z
APL000000327,INDIVIDUAL,AU,Victoria,REFERRAL,,en,2026-06-17T18:27:30Z,2026-06-20T06:51:58Z
APL000000328,INDIVIDUAL,JP,Tokyo,REFERRAL,,ja,2026-06-22T03:52:52Z,2026-06-22T05:30:19Z
APL000000329,INDIVIDUAL,CA,Quebec,PARTNER,CMP-2026Q3-G935,en,2026-08-12T18:21:48Z,2026-08-19T06:36:44Z
APL000000330,INDIVIDUAL,DE,Berlin,PAID_SEARCH,CMP-2026Q4-F281,de,2026-08-23T08:14:03Z,2026-09-02T00:43:42Z
APL000000331,INDIVIDUAL,JP,Tokyo,ORGANIC,,ja,2026-07-03T00:32:24Z,2026-07-10T21:08:53Z
APL000000332,INDIVIDUAL,CA,Ontario,PAID_SEARCH,CMP-2026Q1-H825,en,2026-06-27T17:22:01Z,2026-07-05T16:48:41Z
APL000000333,BUSINESS,GB,Scotland,PAID_SEARCH,CMP-2026Q3-D358,en,2026-07-31T09:35:36Z,2026-08-07T13:15:00Z
APL000000334,INDIVIDUAL,GB,Scotland,SOCIAL,CMP-2026Q4-G656,en,2026-06-14T18:10:38Z,2026-06-24T10:36:00Z
APL000000335,INDIVIDUAL,BR,Sao Paulo,ORGANIC,,pt,2026-06-30T14:48:56Z,2026-07-07T06:20:32Z
APL000000336,INDIVIDUAL,CA,Ontario,PAID_SEARCH,CMP-2026Q4-F915,en,2026-07-14T06:49:11Z,2026-07-14T09:21:05Z
APL000000337,INDIVIDUAL,BR,Sao Paulo,REFERRAL,,pt,2026-07-11T08:02:29Z,2026-07-19T01:24:13Z
APL000000338,INDIVIDUAL,BR,Sao Paulo,ORGANIC,,pt,2026-06-13T20:12:45Z,2026-06-14T21:18:16Z
APL000000339,INDIVIDUAL,GB,England,PARTNER,,en,2026-07-08T02:59:29Z,2026-07-11T13:19:39Z
APL000000340,INDIVIDUAL,BR,Rio de Janeiro,ORGANIC,,pt,2026-06-19T07:43:17Z,2026-06-26T13:00:00Z
APL000000341,INDIVIDUAL,GB,Scotland,ORGANIC,,en,2026-08-04T07:24:07Z,2026-08-04T12:49:21Z
APL000000342,INDIVIDUAL,GB,Wales,PARTNER,,en,2026-08-06T12:52:51Z,2026-08-11T16:43:10Z
APL000000343,INDIVIDUAL,FR,Provence,SOCIAL,CMP-2026Q4-C290,fr,2026-07-30T00:51:43Z,2026-08-03T08:34:27Z
APL000000344,INDIVIDUAL,CA,Ontario,REFERRAL,,en,2026-07-14T05:11:42Z,2026-07-14T06:15:47Z
APL000000345,INDIVIDUAL,DE,Hesse,PARTNER,CMP-2026Q1-C474,de,2026-07-06T10:46:22Z,2026-07-11T00:35:05Z
APL000000346,INDIVIDUAL,JP,Osaka,PAID_SEARCH,CMP-2026Q1-F460,ja,2026-08-14T09:55:55Z,2026-08-20T14:05:56Z
APL000000347,BUSINESS,DE,Hesse,PAID_SEARCH,CMP-2026Q3-B344,de,2026-07-04T21:41:02Z,2026-07-06T17:36:52Z
APL000000348,INDIVIDUAL,BR,Rio de Janeiro,REFERRAL,,pt,2026-06-22T08:09:40Z,2026-06-26T04:15:05Z
APL000000349,INDIVIDUAL,BR,Sao Paulo,PAID_SEARCH,CMP-2026Q2-C422,pt,2026-08-14T03:34:24Z,2026-08-20T08:13:54Z
APL000000350,BUSINESS,US,Florida,ORGANIC,,en,2026-08-12T03:23:19Z,2026-08-21T18:42:27Z
APL000000351,INDIVIDUAL,JP,Osaka,PAID_SEARCH,CMP-2026Q4-H271,ja,2026-06-18T04:48:25Z,2026-06-18T12:12:49Z
APL000000352,INDIVIDUAL,DE,Bavaria,ORGANIC,,de,2026-07-22T07:41:43Z,2026-07-24T00:03:56Z
APL000000353,INDIVIDUAL,JP,Tokyo,PAID_SEARCH,CMP-2026Q3-A878,ja,2026-08-04T22:09:51Z,2026-08-10T09:17:21Z
APL000000354,BUSINESS,GB,Wales,PARTNER,,en,2026-07-04T07:52:33Z,2026-07-14T07:42:40Z
APL000000355,INDIVIDUAL,FR,Ile-de-France,REFERRAL,,fr,2026-08-25T13:07:25Z,2026-09-02T07:16:31Z
APL000000356,INDIVIDUAL,CA,British Columbia,REFERRAL,,en,2026-08-04T07:21:25Z,2026-08-10T15:13:19Z
APL000000357,INDIVIDUAL,TH,Bangkok,PARTNER,,th,2026-07-24T18:08:01Z,2026-07-30T01:52:52Z
APL000000358,INDIVIDUAL,TH,Chiang Mai,SOCIAL,CMP-2026Q3-B238,th,2026-08-23T04:59:22Z,2026-08-31T01:33:19Z
APL000000359,BUSINESS,DE,Hesse,ORGANIC,,de,2026-08-15T22:56:30Z,2026-08-18T10:51:51Z
APL000000360,INDIVIDUAL,SG,East Region,REFERRAL,,en,2026-07-25T07:21:57Z,2026-07-27T23:51:29Z
APL000000361,INDIVIDUAL,JP,Tokyo,PAID_SEARCH,,ja,2026-06-18T23:34:14Z,2026-06-24T03:19:04Z
APL000000362,INDIVIDUAL,FR,Provence,SOCIAL,CMP-2026Q1-B848,fr,2026-08-23T21:52:13Z,2026-08-30T06:13:56Z
APL000000363,INDIVIDUAL,GB,Wales,REFERRAL,,en,2026-08-23T14:37:53Z,2026-08-31T20:35:41Z
APL000000364,INDIVIDUAL,FR,Provence,ORGANIC,,fr,2026-07-25T08:16:49Z,2026-07-31T00:09:16Z
APL000000365,INDIVIDUAL,FR,Ile-de-France,ORGANIC,,fr,2026-07-28T23:07:23Z,2026-08-06T07:55:53Z
APL000000366,INDIVIDUAL,TH,Chiang Mai,REFERRAL,,th,2026-08-25T09:18:31Z,2026-08-29T15:58:50Z
APL000000367,BUSINESS,TH,Phuket,ORGANIC,,th,2026-08-16T13:57:43Z,2026-08-25T08:20:41Z
APL000000368,INDIVIDUAL,FR,Provence,ORGANIC,,fr,2026-07-31T20:06:57Z,2026-08-07T07:51:16Z
APL000000369,INDIVIDUAL,DE,Hesse,PAID_SEARCH,CMP-2026Q1-B101,de,2026-06-28T00:09:29Z,2026-06-28T18:51:48Z
APL000000370,INDIVIDUAL,BR,Rio de Janeiro,ORGANIC,,pt,2026-08-03T04:04:29Z,2026-08-11T08:10:51Z
APL000000371,BUSINESS,AU,New South Wales,REFERRAL,,en,2026-06-29T04:06:15Z,2026-06-30T01:32:37Z
APL000000372,BUSINESS,GB,Scotland,REFERRAL,,en,2026-07-04T10:39:34Z,2026-07-08T06:30:45Z
APL000000373,BUSINESS,TH,Phuket,SOCIAL,CMP-2026Q1-C550,th,2026-07-08T08:08:16Z,2026-07-10T11:16:16Z
APL000000374,INDIVIDUAL,AU,Victoria,PARTNER,CMP-2026Q1-C870,en,2026-06-21T05:40:58Z,2026-06-28T12:53:06Z
APL000000375,INDIVIDUAL,AU,Victoria,PARTNER,CMP-2026Q1-D666,en,2026-07-27T01:47:53Z,2026-08-03T06:52:53Z
APL000000376,INDIVIDUAL,US,New York,ORGANIC,,en,2026-07-27T12:28:06Z,2026-07-29T09:44:36Z
APL000000377,INDIVIDUAL,US,Texas,REFERRAL,,en,2026-06-20T10:56:18Z,2026-06-25T10:50:18Z
APL000000378,INDIVIDUAL,BR,Sao Paulo,SOCIAL,,pt,2026-06-21T21:34:09Z,2026-06-30T12:09:52Z
APL000000379,INDIVIDUAL,FR,Ile-de-France,PARTNER,,fr,2026-08-08T18:39:38Z,2026-08-08T22:39:58Z
APL000000380,INDIVIDUAL,DE,Bavaria,ORGANIC,,de,2026-06-16T12:50:38Z,2026-06-24T10:16:24Z
APL000000381,INDIVIDUAL,BR,Rio de Janeiro,REFERRAL,,pt,2026-07-12T04:05:57Z,2026-07-18T13:49:41Z
APL000000382,INDIVIDUAL,TH,Chiang Mai,ORGANIC,,th,2026-06-17T22:14:19Z,2026-06-27T03:15:38Z
APL000000383,BUSINESS,TH,Phuket,ORGANIC,,th,2026-07-25T23:35:12Z,2026-08-02T14:45:38Z
APL000000384,INDIVIDUAL,GB,Scotland,PAID_SEARCH,,en,2026-08-14T11:38:33Z,2026-08-15T01:32:24Z
APL000000385,INDIVIDUAL,AU,New South Wales,REFERRAL,,en,2026-07-27T15:53:53Z,2026-07-30T18:07:40Z
APL000000386,INDIVIDUAL,TH,Bangkok,ORGANIC,,th,2026-06-22T06:58:52Z,2026-06-22T09:42:19Z
APL000000387,INDIVIDUAL,FR,Provence,ORGANIC,,fr,2026-06-21T12:28:30Z,2026-06-29T07:56:41Z
APL000000388,INDIVIDUAL,GB,England,ORGANIC,,en,2026-07-14T04:47:03Z,2026-07-19T10:30:33Z
APL000000389,INDIVIDUAL,CA,British Columbia,ORGANIC,,en,2026-07-16T03:21:21Z,2026-07-19T17:47:08Z
APL000000390,INDIVIDUAL,CA,Ontario,REFERRAL,,en,2026-07-01T03:12:32Z,2026-07-02T03:54:22Z
APL000000391,INDIVIDUAL,GB,England,PAID_SEARCH,CMP-2026Q1-D147,en,2026-07-17T09:10:34Z,2026-07-21T05:05:28Z
APL000000392,INDIVIDUAL,US,Illinois,PARTNER,,en,2026-07-31T04:15:57Z,2026-08-02T10:08:58Z
APL000000393,INDIVIDUAL,FR,Provence,PARTNER,CMP-2026Q1-A283,fr,2026-06-28T17:43:59Z,2026-07-03T21:31:08Z
APL000000394,INDIVIDUAL,AU,New South Wales,PARTNER,,en,2026-08-09T00:20:58Z,2026-08-12T02:55:00Z
APL000000395,INDIVIDUAL,JP,Tokyo,REFERRAL,,ja,2026-07-03T20:52:16Z,2026-07-11T17:09:10Z
APL000000396,INDIVIDUAL,SG,East Region,REFERRAL,,en,2026-08-23T21:20:38Z,2026-09-02T20:48:46Z
APL000000397,INDIVIDUAL,BR,Sao Paulo,ORGANIC,,pt,2026-08-20T22:18:56Z,2026-08-21T04:03:14Z
APL000000398,INDIVIDUAL,US,New York,ORGANIC,,en,2026-07-31T07:08:48Z,2026-08-08T18:54:30Z
APL000000399,INDIVIDUAL,GB,England,REFERRAL,,en,2026-06-29T20:42:06Z,2026-07-04T18:47:18Z
APL000000400,INDIVIDUAL,TH,Phuket,ORGANIC,,th,2026-06-15T07:01:13Z,2026-06-17T14:34:26Z
APL000000401,BUSINESS,AU,Victoria,REFERRAL,,en,2026-08-07T02:13:08Z,2026-08-12T21:36:13Z
APL000000402,INDIVIDUAL,AU,New South Wales,PAID_SEARCH,CMP-2026Q2-D398,en,2026-07-01T13:47:01Z,2026-07-04T17:23:08Z
APL000000403,BUSINESS,FR,Provence,REFERRAL,,fr,2026-06-29T12:30:00Z,2026-07-08T22:57:11Z
APL000000404,INDIVIDUAL,CA,Ontario,ORGANIC,,en,2026-06-24T07:52:29Z,2026-06-28T23:43:41Z
APL000000405,INDIVIDUAL,BR,Rio de Janeiro,SOCIAL,CMP-2026Q3-H371,pt,2026-08-14T22:28:04Z,2026-08-15T20:10:08Z
APL000000406,BUSINESS,DE,Hesse,PAID_SEARCH,CMP-2026Q3-C193,de,2026-08-04T08:04:59Z,2026-08-14T00:29:57Z
APL000000407,INDIVIDUAL,US,New York,ORGANIC,,en,2026-08-25T07:13:04Z,2026-08-25T14:40:39Z
APL000000408,INDIVIDUAL,JP,Tokyo,ORGANIC,,ja,2026-06-19T15:25:59Z,2026-06-27T13:56:51Z
APL000000409,INDIVIDUAL,US,Texas,ORGANIC,,en,2026-08-12T18:36:43Z,2026-08-16T11:56:58Z
APL000000410,INDIVIDUAL,GB,Wales,PAID_SEARCH,,en,2026-06-17T14:58:36Z,2026-06-27T14:17:44Z
APL000000411,INDIVIDUAL,JP,Tokyo,ORGANIC,,ja,2026-08-14T13:05:44Z,2026-08-22T15:13:43Z
APL000000412,INDIVIDUAL,JP,Tokyo,ORGANIC,,ja,2026-07-25T00:59:29Z,2026-08-02T06:11:45Z
APL000000413,INDIVIDUAL,US,Florida,PAID_SEARCH,CMP-2026Q2-C381,en,2026-07-02T23:44:17Z,2026-07-11T19:45:35Z
APL000000414,INDIVIDUAL,CA,British Columbia,ORGANIC,,en,2026-07-04T03:11:21Z,2026-07-08T06:04:02Z
APL000000415,INDIVIDUAL,US,California,ORGANIC,,en,2026-06-22T07:01:29Z,2026-06-24T06:53:40Z
APL000000416,BUSINESS,BR,Sao Paulo,PAID_SEARCH,,pt,2026-08-10T14:43:23Z,2026-08-20T12:10:48Z
APL000000417,INDIVIDUAL,FR,Provence,REFERRAL,,fr,2026-07-18T08:25:23Z,2026-07-27T11:27:56Z
APL000000418,INDIVIDUAL,AU,Victoria,ORGANIC,,en,2026-07-05T21:58:46Z,2026-07-08T02:32:40Z
APL000000419,BUSINESS,DE,Bavaria,PARTNER,CMP-2026Q3-D263,de,2026-06-19T12:14:30Z,2026-06-26T01:53:21Z
APL000000420,INDIVIDUAL,US,Texas,PAID_SEARCH,,en,2026-07-11T03:09:37Z,2026-07-20T11:36:35Z
APL000000421,BUSINESS,TH,Bangkok,ORGANIC,,th,2026-07-05T20:24:28Z,2026-07-13T05:33:11Z
APL000000422,INDIVIDUAL,CA,Ontario,PAID_SEARCH,CMP-2026Q2-D956,en,2026-08-25T02:24:40Z,2026-09-02T22:00:05Z
APL000000423,INDIVIDUAL,DE,Bavaria,REFERRAL,,de,2026-06-18T18:27:47Z,2026-06-21T02:17:34Z
APL000000424,INDIVIDUAL,BR,Rio de Janeiro,ORGANIC,,pt,2026-08-19T20:12:47Z,2026-08-21T20:33:52Z
APL000000425,INDIVIDUAL,TH,Chiang Mai,ORGANIC,,th,2026-06-23T01:52:53Z,2026-06-30T03:00:31Z
APL000000426,INDIVIDUAL,GB,Wales,PARTNER,,en,2026-07-10T00:27:48Z,2026-07-19T10:31:29Z
APL000000427,INDIVIDUAL,GB,Scotland,ORGANIC,,en,2026-06-22T05:36:46Z,2026-06-23T19:24:50Z
APL000000428,BUSINESS,JP,Osaka,ORGANIC,,ja,2026-08-23T15:44:13Z,2026-08-30T14:11:30Z
APL000000429,BUSINESS,FR,Ile-de-France,PAID_SEARCH,,fr,2026-07-10T09:05:29Z,2026-07-17T17:15:00Z
APL000000430,INDIVIDUAL,TH,Phuket,ORGANIC,,th,2026-08-03T15:36:54Z,2026-08-09T09:05:44Z
APL000000431,BUSINESS,CA,Ontario,ORGANIC,,en,2026-07-05T20:47:25Z,2026-07-13T22:54:14Z
APL000000432,INDIVIDUAL,CA,Ontario,SOCIAL,CMP-2026Q1-D455,en,2026-08-24T16:17:00Z,2026-08-26T08:34:34Z
APL000000433,BUSINESS,GB,Wales,PAID_SEARCH,,en,2026-07-07T04:20:56Z,2026-07-07T07:05:02Z
APL000000434,INDIVIDUAL,GB,Scotland,ORGANIC,,en,2026-06-20T02:27:44Z,2026-06-20T02:46:11Z
APL000000435,INDIVIDUAL,AU,New South Wales,PARTNER,CMP-2026Q4-F659,en,2026-07-10T03:37:32Z,2026-07-18T10:32:21Z
APL000000436,INDIVIDUAL,CA,British Columbia,PARTNER,CMP-2026Q4-B918,en,2026-08-14T10:22:20Z,2026-08-17T09:09:01Z
APL000000437,INDIVIDUAL,GB,England,ORGANIC,,en,2026-08-17T14:16:34Z,2026-08-19T04:53:36Z
APL000000438,INDIVIDUAL,GB,Scotland,PAID_SEARCH,CMP-2026Q4-A541,en,2026-08-21T16:23:45Z,2026-08-23T07:59:43Z
APL000000439,BUSINESS,TH,Bangkok,ORGANIC,,th,2026-06-27T09:59:27Z,2026-06-29T07:35:13Z
APL000000440,INDIVIDUAL,BR,Rio de Janeiro,PAID_SEARCH,CMP-2026Q1-A502,pt,2026-07-24T21:11:08Z,2026-08-02T06:45:02Z
APL000000441,INDIVIDUAL,FR,Ile-de-France,REFERRAL,,fr,2026-07-04T02:11:20Z,2026-07-10T17:04:25Z
APL000000442,INDIVIDUAL,SG,Central Region,ORGANIC,,en,2026-06-24T19:29:52Z,2026-06-27T17:31:57Z
APL000000443,INDIVIDUAL,GB,Scotland,PARTNER,CMP-2026Q3-B757,en,2026-07-22T19:25:36Z,2026-07-24T15:47:54Z
APL000000444,BUSINESS,FR,Ile-de-France,REFERRAL,,fr,2026-07-01T17:55:57Z,2026-07-06T09:32:47Z
APL000000445,INDIVIDUAL,DE,Hesse,ORGANIC,,de,2026-08-07T10:01:23Z,2026-08-14T02:12:56Z
APL000000446,INDIVIDUAL,FR,Provence,SOCIAL,CMP-2026Q1-G938,fr,2026-07-21T04:38:53Z,2026-07-30T20:23:55Z
APL000000447,INDIVIDUAL,JP,Tokyo,REFERRAL,,ja,2026-06-17T22:07:08Z,2026-06-26T22:47:08Z
APL000000448,INDIVIDUAL,BR,Sao Paulo,ORGANIC,,pt,2026-08-07T18:56:23Z,2026-08-09T12:25:50Z
APL000000449,BUSINESS,SG,Central Region,ORGANIC,,en,2026-07-13T18:04:29Z,2026-07-23T15:15:43Z
APL000000450,INDIVIDUAL,TH,Phuket,ORGANIC,,th,2026-08-19T07:26:53Z,2026-08-28T10:50:59Z
APL000000451,INDIVIDUAL,AU,Victoria,PAID_SEARCH,,en,2026-07-20T23:26:19Z,2026-07-30T03:33:27Z
APL000000452,INDIVIDUAL,CA,British Columbia,REFERRAL,,en,2026-07-13T11:16:08Z,2026-07-17T14:44:06Z
APL000000453,INDIVIDUAL,CA,British Columbia,PARTNER,,en,2026-08-20T08:52:14Z,2026-08-25T23:54:53Z
APL000000454,INDIVIDUAL,DE,Hesse,PARTNER,,de,2026-07-01T19:26:45Z,2026-07-08T08:35:41Z
APL000000455,INDIVIDUAL,JP,Tokyo,ORGANIC,,ja,2026-07-12T05:21:11Z,2026-07-18T09:43:54Z
APL000000456,INDIVIDUAL,AU,New South Wales,REFERRAL,,en,2026-08-16T22:07:25Z,2026-08-23T19:50:49Z
APL000000457,INDIVIDUAL,JP,Osaka,PARTNER,CMP-2026Q3-E387,ja,2026-08-14T05:07:25Z,2026-08-22T19:06:00Z
APL000000458,INDIVIDUAL,SG,Central Region,ORGANIC,,en,2026-08-06T18:42:09Z,2026-08-14T12:28:11Z
APL000000459,INDIVIDUAL,AU,New South Wales,ORGANIC,,en,2026-06-27T20:30:10Z,2026-07-06T02:15:20Z
APL000000460,INDIVIDUAL,BR,Rio de Janeiro,PARTNER,CMP-2026Q2-B418,pt,2026-08-04T05:13:29Z,2026-08-08T06:02:14Z
APL000000461,INDIVIDUAL,BR,Sao Paulo,ORGANIC,,pt,2026-08-16T15:19:30Z,2026-08-18T15:29:57Z
APL000000462,INDIVIDUAL,US,Florida,ORGANIC,,en,2026-07-09T00:40:30Z,2026-07-11T00:27:41Z
APL000000463,INDIVIDUAL,JP,Osaka,PAID_SEARCH,CMP-2026Q1-D481,ja,2026-07-18T15:48:58Z,2026-07-23T02:52:51Z
APL000000464,BUSINESS,JP,Osaka,ORGANIC,,ja,2026-08-13T19:46:36Z,2026-08-16T09:51:18Z
APL000000465,BUSINESS,GB,Scotland,ORGANIC,,en,2026-06-15T17:22:18Z,2026-06-24T06:17:20Z
APL000000466,INDIVIDUAL,SG,Central Region,PAID_SEARCH,CMP-2026Q3-G625,en,2026-06-13T12:05:39Z,2026-06-21T07:22:01Z
APL000000467,INDIVIDUAL,US,Florida,SOCIAL,CMP-2026Q1-D358,en,2026-07-27T15:01:08Z,2026-08-06T01:20:24Z
APL000000468,INDIVIDUAL,DE,Berlin,PARTNER,,de,2026-07-16T10:11:47Z,2026-07-18T14:33:59Z
APL000000469,INDIVIDUAL,BR,Rio de Janeiro,PAID_SEARCH,CMP-2026Q3-E405,pt,2026-08-02T07:56:37Z,2026-08-07T03:33:39Z
APL000000470,INDIVIDUAL,DE,Hesse,ORGANIC,,de,2026-07-02T18:23:34Z,2026-07-09T07:51:41Z
APL000000471,BUSINESS,DE,Bavaria,ORGANIC,,de,2026-08-08T09:51:14Z,2026-08-17T09:46:43Z
APL000000472,BUSINESS,CA,Quebec,PAID_SEARCH,CMP-2026Q1-H402,en,2026-07-01T10:58:02Z,2026-07-05T15:25:22Z
APL000000473,INDIVIDUAL,US,Illinois,PAID_SEARCH,CMP-2026Q2-F843,en,2026-08-04T12:03:52Z,2026-08-11T08:46:51Z
APL000000474,INDIVIDUAL,JP,Osaka,REFERRAL,,ja,2026-08-14T09:45:16Z,2026-08-22T19:30:28Z
APL000000475,BUSINESS,TH,Chiang Mai,ORGANIC,,th,2026-06-21T14:17:58Z,2026-06-24T04:22:33Z
APL000000476,BUSINESS,TH,Phuket,PARTNER,CMP-2026Q2-F328,th,2026-08-06T19:34:40Z,2026-08-09T21:16:42Z
APL000000477,INDIVIDUAL,FR,Provence,ORGANIC,,fr,2026-07-04T01:17:31Z,2026-07-12T13:35:00Z
APL000000478,INDIVIDUAL,CA,British Columbia,SOCIAL,CMP-2026Q2-B988,en,2026-08-02T01:15:21Z,2026-08-07T08:25:01Z
APL000000479,INDIVIDUAL,TH,Bangkok,SOCIAL,CMP-2026Q4-C423,th,2026-08-15T16:18:32Z,2026-08-17T11:35:41Z
APL000000480,INDIVIDUAL,FR,Ile-de-France,ORGANIC,,fr,2026-06-16T08:25:28Z,2026-06-20T20:55:02Z
APL000000481,INDIVIDUAL,TH,Phuket,PARTNER,CMP-2026Q1-C729,th,2026-07-14T12:40:49Z,2026-07-18T19:44:19Z
APL000000482,INDIVIDUAL,JP,Osaka,ORGANIC,,ja,2026-07-22T00:48:31Z,2026-07-29T08:10:00Z
APL000000483,BUSINESS,FR,Ile-de-France,ORGANIC,,fr,2026-06-12T07:25:22Z,2026-06-19T15:29:15Z
APL000000484,INDIVIDUAL,FR,Provence,ORGANIC,,fr,2026-07-10T18:23:27Z,2026-07-16T15:40:18Z
APL000000485,INDIVIDUAL,US,New York,SOCIAL,CMP-2026Q3-G803,en,2026-08-25T15:51:01Z,2026-08-29T02:06:22Z
APL000000486,BUSINESS,FR,Ile-de-France,ORGANIC,,fr,2026-08-19T00:24:34Z,2026-08-27T03:17:29Z
APL000000487,INDIVIDUAL,SG,Central Region,ORGANIC,,en,2026-06-13T15:26:38Z,2026-06-18T16:33:21Z
APL000000488,INDIVIDUAL,US,Florida,PARTNER,CMP-2026Q1-A777,en,2026-06-20T02:36:15Z,2026-06-28T11:16:22Z
APL000000489,INDIVIDUAL,GB,Scotland,REFERRAL,,en,2026-06-21T06:28:16Z,2026-06-23T19:07:41Z
APL000000490,INDIVIDUAL,SG,Central Region,ORGANIC,,en,2026-07-31T14:59:46Z,2026-08-07T05:59:31Z
APL000000491,INDIVIDUAL,CA,British Columbia,ORGANIC,,en,2026-08-13T07:10:29Z,2026-08-14T08:21:15Z
APL000000492,INDIVIDUAL,GB,Scotland,ORGANIC,,en,2026-06-19T23:16:28Z,2026-06-21T22:56:59Z
APL000000493,INDIVIDUAL,DE,Hesse,SOCIAL,CMP-2026Q4-E264,de,2026-06-14T22:55:48Z,2026-06-19T22:03:19Z
APL000000494,INDIVIDUAL,JP,Osaka,ORGANIC,,ja,2026-06-12T22:56:56Z,2026-06-13T20:18:34Z
APL000000495,INDIVIDUAL,CA,British Columbia,REFERRAL,,en,2026-08-22T05:00:10Z,2026-08-30T00:05:20Z
APL000000496,INDIVIDUAL,GB,Scotland,PAID_SEARCH,CMP-2026Q3-E575,en,2026-06-15T18:08:39Z,2026-06-23T21:18:25Z
APL000000497,BUSINESS,DE,Berlin,PARTNER,CMP-2026Q1-B971,de,2026-08-07T20:46:01Z,2026-08-08T07:46:50Z
APL000000498,BUSINESS,TH,Chiang Mai,REFERRAL,,th,2026-07-14T19:53:10Z,2026-07-21T01:07:11Z
APL000000499,BUSINESS,GB,Scotland,PARTNER,CMP-2026Q4-G567,en,2026-07-02T09:17:58Z,2026-07-06T05:52:16Z
APL000000500,BUSINESS,AU,New South Wales,ORGANIC,,en,2026-08-03T05:06:20Z,2026-08-03T19:10:51Z
APL000000501,BUSINESS,TH,Bangkok,REFERRAL,,th,2026-07-26T07:21:01Z,2026-08-03T07:53:38Z
APL000000502,INDIVIDUAL,TH,Phuket,REFERRAL,,th,2026-07-08T21:28:40Z,2026-07-09T04:23:38Z
APL000000503,INDIVIDUAL,TH,Chiang Mai,SOCIAL,CMP-2026Q4-H147,th,2026-06-16T18:00:17Z,2026-06-23T07:11:54Z
APL000000504,INDIVIDUAL,BR,Sao Paulo,SOCIAL,CMP-2026Q3-B543,pt,2026-07-31T15:05:01Z,2026-08-03T02:44:32Z
APL000000505,INDIVIDUAL,AU,New South Wales,PARTNER,CMP-2026Q1-A758,en,2026-08-21T01:52:06Z,2026-08-26T03:12:17Z
APL000000506,INDIVIDUAL,JP,Tokyo,ORGANIC,,ja,2026-07-18T20:57:58Z,2026-07-21T06:46:49Z
APL000000507,BUSINESS,US,Illinois,ORGANIC,,en,2026-07-30T05:58:16Z,2026-08-03T06:45:27Z
APL000000508,INDIVIDUAL,JP,Osaka,PARTNER,CMP-2026Q4-H423,ja,2026-06-20T21:40:20Z,2026-06-25T21:02:30Z
APL000000509,INDIVIDUAL,GB,Scotland,REFERRAL,,en,2026-07-23T18:50:08Z,2026-07-23T18:52:35Z
APL000000510,INDIVIDUAL,CA,British Columbia,PAID_SEARCH,,en,2026-07-24T04:11:55Z,2026-07-30T17:18:05Z
APL000000511,INDIVIDUAL,FR,Provence,PARTNER,,fr,2026-08-14T07:46:17Z,2026-08-17T15:26:41Z
APL000000512,INDIVIDUAL,CA,Quebec,PAID_SEARCH,CMP-2026Q4-B199,en,2026-08-07T22:46:33Z,2026-08-10T03:59:42Z
APL000000513,INDIVIDUAL,DE,Hesse,REFERRAL,,de,2026-08-03T15:46:22Z,2026-08-04T02:45:34Z
APL000000514,INDIVIDUAL,TH,Phuket,PAID_SEARCH,CMP-2026Q3-D292,th,2026-06-21T01:20:32Z,2026-06-29T13:52:08Z
APL000000515,INDIVIDUAL,SG,East Region,ORGANIC,,en,2026-07-13T02:02:47Z,2026-07-22T08:26:13Z
APL000000516,BUSINESS,CA,Ontario,PARTNER,CMP-2026Q2-H104,en,2026-07-21T18:39:20Z,2026-07-22T06:18:46Z
APL000000517,BUSINESS,CA,Quebec,SOCIAL,,en,2026-08-19T06:19:36Z,2026-08-26T04:21:46Z
APL000000518,INDIVIDUAL,TH,Bangkok,REFERRAL,,th,2026-07-27T00:58:58Z,2026-08-04T20:49:47Z
APL000000519,INDIVIDUAL,AU,Victoria,SOCIAL,,en,2026-08-08T04:16:27Z,2026-08-10T21:56:14Z
APL000000520,BUSINESS,DE,Berlin,PARTNER,CMP-2026Q3-F828,de,2026-08-06T06:16:24Z,2026-08-11T19:07:59Z
APL000000521,INDIVIDUAL,SG,East Region,PAID_SEARCH,,en,2026-06-21T22:48:32Z,2026-06-29T01:18:15Z
APL000000522,BUSINESS,TH,Phuket,REFERRAL,,th,2026-07-29T18:22:45Z,2026-08-05T20:51:50Z
APL000000523,INDIVIDUAL,BR,Rio de Janeiro,PAID_SEARCH,,pt,2026-08-04T06:13:21Z,2026-08-11T00:02:27Z
APL000000524,BUSINESS,BR,Rio de Janeiro,PARTNER,CMP-2026Q1-B125,pt,2026-07-10T13:33:59Z,2026-07-11T02:18:07Z
APL000000525,INDIVIDUAL,DE,Bavaria,SOCIAL,CMP-2026Q2-A807,de,2026-08-09T19:50:35Z,2026-08-11T20:48:12Z
APL000000526,INDIVIDUAL,FR,Provence,ORGANIC,,fr,2026-08-16T02:27:49Z,2026-08-23T11:56:30Z
APL000000527,BUSINESS,BR,Rio de Janeiro,ORGANIC,,pt,2026-08-09T19:45:10Z,2026-08-17T19:28:12Z
APL000000528,INDIVIDUAL,US,Florida,REFERRAL,,en,2026-08-22T18:03:48Z,2026-09-01T12:15:39Z
APL000000529,INDIVIDUAL,BR,Sao Paulo,ORGANIC,,pt,2026-06-30T20:24:50Z,2026-07-07T01:20:55Z
APL000000530,INDIVIDUAL,JP,Tokyo,SOCIAL,,ja,2026-07-30T13:44:17Z,2026-08-07T02:57:50Z
APL000000531,INDIVIDUAL,CA,Ontario,PARTNER,,en,2026-07-04T01:31:11Z,2026-07-05T20:06:07Z
APL000000532,INDIVIDUAL,TH,Bangkok,PAID_SEARCH,CMP-2026Q1-G385,th,2026-07-23T17:52:39Z,2026-07-25T01:05:36Z
APL000000533,INDIVIDUAL,DE,Bavaria,ORGANIC,,de,2026-08-04T05:26:26Z,2026-08-05T18:35:38Z
APL000000534,INDIVIDUAL,FR,Ile-de-France,PARTNER,CMP-2026Q3-H908,fr,2026-07-24T22:49:06Z,2026-07-28T12:45:32Z
APL000000535,INDIVIDUAL,FR,Ile-de-France,SOCIAL,CMP-2026Q2-G656,fr,2026-07-22T06:39:52Z,2026-07-23T04:43:53Z
APL000000536,INDIVIDUAL,SG,East Region,ORGANIC,,en,2026-07-04T00:26:01Z,2026-07-13T12:30:28Z
APL000000537,INDIVIDUAL,JP,Tokyo,ORGANIC,,ja,2026-07-07T22:48:47Z,2026-07-10T08:29:47Z
APL000000538,INDIVIDUAL,CA,Ontario,SOCIAL,CMP-2026Q3-G915,en,2026-08-21T20:58:40Z,2026-08-25T17:35:16Z
APL000000539,INDIVIDUAL,DE,Bavaria,SOCIAL,,de,2026-07-10T02:55:28Z,2026-07-18T03:36:01Z
APL000000540,INDIVIDUAL,US,New York,PARTNER,CMP-2026Q1-B271,en,2026-08-23T20:55:54Z,2026-08-31T14:31:41Z
APL000000541,INDIVIDUAL,GB,England,PAID_SEARCH,,en,2026-08-15T20:54:41Z,2026-08-20T02:43:18Z
APL000000542,INDIVIDUAL,BR,Rio de Janeiro,PAID_SEARCH,,pt,2026-08-07T00:24:12Z,2026-08-08T13:18:16Z
APL000000543,INDIVIDUAL,FR,Ile-de-France,ORGANIC,,fr,2026-06-16T01:40:57Z,2026-06-24T00:17:38Z
APL000000544,INDIVIDUAL,CA,Ontario,SOCIAL,CMP-2026Q4-G543,en,2026-07-05T17:31:39Z,2026-07-09T15:00:29Z
APL000000545,INDIVIDUAL,US,Illinois,ORGANIC,,en,2026-08-06T22:42:42Z,2026-08-07T09:38:09Z
APL000000546,BUSINESS,FR,Ile-de-France,ORGANIC,,fr,2026-08-02T10:34:53Z,2026-08-08T12:09:26Z
APL000000547,INDIVIDUAL,JP,Osaka,REFERRAL,,ja,2026-07-31T13:18:06Z,2026-08-05T07:03:31Z
APL000000548,INDIVIDUAL,TH,Phuket,REFERRAL,,th,2026-08-10T19:28:20Z,2026-08-16T06:26:46Z
APL000000549,BUSINESS,TH,Chiang Mai,PAID_SEARCH,,th,2026-08-10T15:01:50Z,2026-08-17T22:04:07Z
APL000000550,INDIVIDUAL,US,Illinois,PARTNER,CMP-2026Q1-A686,en,2026-07-26T17:58:43Z,2026-08-01T02:53:43Z
APL000000551,BUSINESS,DE,Bavaria,PAID_SEARCH,,de,2026-07-07T18:55:58Z,2026-07-11T21:58:12Z
APL000000552,INDIVIDUAL,BR,Sao Paulo,ORGANIC,,pt,2026-06-28T13:25:06Z,2026-07-06T21:45:28Z
APL000000553,INDIVIDUAL,TH,Phuket,PARTNER,,th,2026-08-14T20:29:52Z,2026-08-24T04:16:00Z
APL000000554,BUSINESS,JP,Tokyo,ORGANIC,,ja,2026-06-17T01:15:10Z,2026-06-18T00:49:17Z
APL000000555,INDIVIDUAL,JP,Osaka,REFERRAL,,ja,2026-08-01T08:19:55Z,2026-08-03T16:37:11Z
APL000000556,INDIVIDUAL,GB,England,ORGANIC,,en,2026-07-15T19:09:45Z,2026-07-21T23:05:05Z
APL000000557,INDIVIDUAL,CA,Ontario,PAID_SEARCH,CMP-2026Q3-G272,en,2026-06-12T08:41:50Z,2026-06-14T19:46:45Z
APL000000558,INDIVIDUAL,AU,Victoria,PARTNER,CMP-2026Q3-H573,en,2026-07-15T09:38:39Z,2026-07-23T03:35:18Z
APL000000559,INDIVIDUAL,GB,England,PAID_SEARCH,CMP-2026Q3-C651,en,2026-06-26T17:34:38Z,2026-07-04T01:37:41Z
APL000000560,INDIVIDUAL,GB,England,PARTNER,CMP-2026Q4-D137,en,2026-07-23T08:52:09Z,2026-07-28T19:18:06Z
APL000000561,BUSINESS,JP,Tokyo,REFERRAL,,ja,2026-06-28T17:57:07Z,2026-07-06T11:16:00Z
APL000000562,INDIVIDUAL,DE,Bavaria,REFERRAL,,de,2026-07-20T06:44:29Z,2026-07-24T05:58:12Z
APL000000563,INDIVIDUAL,SG,Central Region,PARTNER,CMP-2026Q2-C679,en,2026-08-22T03:40:52Z,2026-08-28T17:56:25Z
APL000000564,BUSINESS,JP,Osaka,ORGANIC,,ja,2026-08-08T02:39:01Z,2026-08-10T10:16:12Z
APL000000565,INDIVIDUAL,SG,Central Region,PAID_SEARCH,CMP-2026Q3-G580,en,2026-08-19T20:13:24Z,2026-08-28T15:47:45Z
APL000000566,INDIVIDUAL,FR,Ile-de-France,PAID_SEARCH,CMP-2026Q3-E692,fr,2026-07-22T19:49:48Z,2026-07-24T13:33:14Z
APL000000567,INDIVIDUAL,FR,Ile-de-France,REFERRAL,,fr,2026-07-10T05:23:30Z,2026-07-19T07:07:47Z
APL000000568,INDIVIDUAL,FR,Provence,REFERRAL,,fr,2026-07-18T03:47:53Z,2026-07-24T04:48:31Z
APL000000569,INDIVIDUAL,TH,Chiang Mai,ORGANIC,,th,2026-06-17T18:45:31Z,2026-06-24T05:11:35Z
APL000000570,INDIVIDUAL,TH,Bangkok,REFERRAL,,th,2026-08-04T19:08:41Z,2026-08-05T23:32:38Z
APL000000571,INDIVIDUAL,FR,Ile-de-France,REFERRAL,,fr,2026-07-17T21:51:58Z,2026-07-20T00:26:07Z
APL000000572,INDIVIDUAL,AU,New South Wales,ORGANIC,,en,2026-06-21T14:11:35Z,2026-06-27T12:21:23Z
APL000000573,INDIVIDUAL,BR,Sao Paulo,PARTNER,CMP-2026Q2-E284,pt,2026-07-20T17:57:11Z,2026-07-24T19:15:45Z
APL000000574,BUSINESS,US,New York,SOCIAL,CMP-2026Q4-H274,en,2026-06-28T10:51:17Z,2026-07-02T13:26:20Z
APL000000575,INDIVIDUAL,CA,Ontario,PAID_SEARCH,CMP-2026Q2-F564,en,2026-07-26T17:45:36Z,2026-07-27T10:16:56Z
APL000000576,INDIVIDUAL,TH,Bangkok,ORGANIC,,th,2026-07-21T04:52:49Z,2026-07-30T07:07:18Z
APL000000577,INDIVIDUAL,TH,Phuket,ORGANIC,,th,2026-07-17T16:33:52Z,2026-07-23T20:06:14Z
APL000000578,INDIVIDUAL,BR,Sao Paulo,ORGANIC,,pt,2026-07-31T10:54:24Z,2026-08-09T11:22:58Z
APL000000579,INDIVIDUAL,US,Florida,REFERRAL,,en,2026-07-09T18:40:45Z,2026-07-10T05:06:16Z
APL000000580,INDIVIDUAL,SG,East Region,PARTNER,CMP-2026Q1-G237,en,2026-07-01T02:07:56Z,2026-07-08T17:56:18Z
APL000000581,BUSINESS,GB,Scotland,PAID_SEARCH,CMP-2026Q3-D105,en,2026-08-04T04:28:04Z,2026-08-12T01:55:45Z
APL000000582,INDIVIDUAL,GB,Wales,ORGANIC,,en,2026-07-31T02:10:58Z,2026-08-06T23:14:49Z
APL000000583,INDIVIDUAL,FR,Ile-de-France,ORGANIC,,fr,2026-07-30T20:50:12Z,2026-08-02T09:42:30Z
APL000000584,BUSINESS,AU,Victoria,PAID_SEARCH,,en,2026-07-11T19:25:02Z,2026-07-13T20:18:14Z
APL000000585,INDIVIDUAL,BR,Rio de Janeiro,ORGANIC,,pt,2026-07-23T22:22:08Z,2026-07-28T18:28:16Z
APL000000586,BUSINESS,CA,Quebec,PARTNER,CMP-2026Q2-B865,en,2026-06-29T05:35:18Z,2026-07-07T01:32:04Z
APL000000587,BUSINESS,GB,England,REFERRAL,,en,2026-08-09T22:56:45Z,2026-08-17T23:09:03Z
APL000000588,INDIVIDUAL,US,Texas,REFERRAL,,en,2026-07-29T16:34:40Z,2026-08-06T17:37:35Z
APL000000589,BUSINESS,JP,Osaka,ORGANIC,,ja,2026-07-01T17:33:56Z,2026-07-05T10:33:57Z
APL000000590,INDIVIDUAL,AU,Victoria,PAID_SEARCH,CMP-2026Q1-C755,en,2026-07-19T01:51:47Z,2026-07-19T04:26:00Z
APL000000591,BUSINESS,BR,Rio de Janeiro,ORGANIC,,pt,2026-08-09T19:07:37Z,2026-08-14T21:39:30Z
APL000000592,INDIVIDUAL,CA,Ontario,PAID_SEARCH,CMP-2026Q1-C188,en,2026-08-25T18:16:15Z,2026-09-02T13:23:32Z
APL000000593,INDIVIDUAL,AU,Victoria,PAID_SEARCH,CMP-2026Q1-B662,en,2026-07-03T08:05:19Z,2026-07-11T15:13:56Z
APL000000594,BUSINESS,FR,Provence,SOCIAL,CMP-2026Q2-H513,fr,2026-07-25T02:49:55Z,2026-07-27T17:29:52Z
APL000000595,INDIVIDUAL,GB,Wales,ORGANIC,,en,2026-07-04T01:39:11Z,2026-07-13T12:56:13Z
APL000000596,BUSINESS,DE,Hesse,PARTNER,CMP-2026Q4-G676,de,2026-07-18T06:32:01Z,2026-07-20T16:55:09Z
APL000000597,INDIVIDUAL,JP,Osaka,PARTNER,,ja,2026-07-18T03:32:46Z,2026-07-20T17:25:22Z
APL000000598,INDIVIDUAL,SG,Central Region,PARTNER,CMP-2026Q3-A817,en,2026-08-13T09:55:07Z,2026-08-15T21:30:01Z
APL000000599,INDIVIDUAL,FR,Ile-de-France,PAID_SEARCH,CMP-2026Q3-F323,fr,2026-08-18T01:46:09Z,2026-08-20T18:20:50Z
APL000000600,BUSINESS,SG,East Region,PAID_SEARCH,CMP-2026Q2-E311,en,2026-06-29T04:34:24Z,2026-07-07T12:57:33Z
APL000000601,BUSINESS,FR,Ile-de-France,PARTNER,CMP-2026Q1-H728,fr,2026-06-12T11:55:21Z,2026-06-21T01:37:26Z
APL000000602,BUSINESS,JP,Osaka,PAID_SEARCH,CMP-2026Q3-H287,ja,2026-08-24T19:54:37Z,2026-09-02T23:45:07Z
APL000000603,INDIVIDUAL,SG,Central Region,ORGANIC,,en,2026-08-10T22:41:09Z,2026-08-15T17:28:57Z
APL000000604,INDIVIDUAL,BR,Rio de Janeiro,REFERRAL,,pt,2026-08-02T11:24:34Z,2026-08-04T05:21:41Z
APL000000605,BUSINESS,BR,Rio de Janeiro,ORGANIC,,pt,2026-06-12T15:09:12Z,2026-06-19T08:56:17Z
APL000000606,INDIVIDUAL,GB,Scotland,REFERRAL,,en,2026-08-15T15:18:56Z,2026-08-17T12:13:56Z
APL000000607,INDIVIDUAL,DE,Berlin,SOCIAL,CMP-2026Q2-H534,de,2026-06-27T18:57:30Z,2026-07-04T19:07:46Z
APL000000608,INDIVIDUAL,AU,Victoria,REFERRAL,,en,2026-07-24T20:32:14Z,2026-08-03T15:33:46Z
APL000000609,INDIVIDUAL,GB,Wales,ORGANIC,,en,2026-06-29T16:26:57Z,2026-07-04T00:10:54Z
APL000000610,INDIVIDUAL,TH,Phuket,ORGANIC,,th,2026-08-11T10:12:10Z,2026-08-13T04:35:19Z
APL000000611,INDIVIDUAL,BR,Rio de Janeiro,PARTNER,CMP-2026Q1-G201,pt,2026-08-02T18:58:39Z,2026-08-03T09:23:11Z
APL000000612,BUSINESS,JP,Tokyo,REFERRAL,,ja,2026-07-07T02:22:54Z,2026-07-10T17:00:45Z
APL000000613,INDIVIDUAL,DE,Berlin,ORGANIC,,de,2026-06-21T02:13:38Z,2026-06-29T18:23:45Z
APL000000614,BUSINESS,SG,Central Region,SOCIAL,CMP-2026Q3-H893,en,2026-08-06T05:44:49Z,2026-08-15T03:15:31Z
APL000000615,INDIVIDUAL,DE,Berlin,PAID_SEARCH,CMP-2026Q2-F531,de,2026-07-29T08:17:31Z,2026-08-04T01:29:06Z
APL000000616,BUSINESS,GB,England,ORGANIC,,en,2026-06-29T02:47:32Z,2026-07-02T06:50:35Z
APL000000617,INDIVIDUAL,DE,Hesse,PAID_SEARCH,CMP-2026Q4-F865,de,2026-07-26T00:27:20Z,2026-08-04T16:10:54Z
APL000000618,INDIVIDUAL,TH,Bangkok,ORGANIC,,th,2026-06-29T14:19:44Z,2026-07-02T02:43:27Z
APL000000619,INDIVIDUAL,GB,England,ORGANIC,,en,2026-06-19T17:25:00Z,2026-06-20T08:43:36Z
APL000000620,BUSINESS,BR,Sao Paulo,ORGANIC,,pt,2026-07-11T18:37:21Z,2026-07-19T10:13:18Z
APL000000621,INDIVIDUAL,DE,Hesse,ORGANIC,,de,2026-07-31T02:41:55Z,2026-08-08T23:12:42Z
APL000000622,INDIVIDUAL,SG,East Region,REFERRAL,,en,2026-06-21T11:32:27Z,2026-06-26T17:57:33Z
APL000000623,INDIVIDUAL,US,New York,PARTNER,CMP-2026Q4-H991,en,2026-07-22T13:03:05Z,2026-07-25T06:25:51Z
APL000000624,INDIVIDUAL,BR,Sao Paulo,PAID_SEARCH,CMP-2026Q4-E455,pt,2026-07-18T02:58:22Z,2026-07-20T09:29:01Z
APL000000625,INDIVIDUAL,DE,Berlin,REFERRAL,,de,2026-06-23T16:17:29Z,2026-06-23T18:49:29Z
APL000000626,INDIVIDUAL,TH,Chiang Mai,ORGANIC,,th,2026-07-22T03:10:40Z,2026-07-29T00:14:34Z
APL000000627,INDIVIDUAL,JP,Osaka,ORGANIC,,ja,2026-07-14T06:47:00Z,2026-07-17T05:05:05Z
APL000000628,INDIVIDUAL,US,Illinois,REFERRAL,,en,2026-07-12T21:07:28Z,2026-07-18T11:39:27Z
APL000000629,INDIVIDUAL,TH,Phuket,PAID_SEARCH,CMP-2026Q4-D369,th,2026-06-17T22:34:39Z,2026-06-24T04:39:18Z
APL000000630,INDIVIDUAL,CA,British Columbia,PAID_SEARCH,CMP-2026Q3-G292,en,2026-08-15T00:16:03Z,2026-08-16T20:02:43Z
APL000000631,INDIVIDUAL,JP,Osaka,ORGANIC,,ja,2026-07-28T16:57:24Z,2026-07-30T14:01:34Z
APL000000632,INDIVIDUAL,US,Illinois,ORGANIC,,en,2026-08-23T22:11:55Z,2026-08-26T17:54:22Z
APL000000633,INDIVIDUAL,JP,Tokyo,ORGANIC,,ja,2026-06-23T07:13:50Z,2026-06-28T05:41:23Z
APL000000634,INDIVIDUAL,DE,Berlin,SOCIAL,CMP-2026Q1-F182,de,2026-08-14T06:23:00Z,2026-08-23T18:46:40Z
APL000000635,INDIVIDUAL,AU,New South Wales,REFERRAL,,en,2026-06-25T14:53:12Z,2026-07-04T13:51:16Z
APL000000636,INDIVIDUAL,AU,New South Wales,ORGANIC,,en,2026-08-08T14:39:43Z,2026-08-11T02:24:47Z
APL000000637,INDIVIDUAL,JP,Tokyo,PAID_SEARCH,CMP-2026Q4-B633,ja,2026-07-31T22:48:51Z,2026-08-03T00:50:29Z
APL000000638,INDIVIDUAL,DE,Berlin,ORGANIC,,de,2026-08-05T14:49:36Z,2026-08-13T01:33:38Z
APL000000639,INDIVIDUAL,GB,Scotland,REFERRAL,,en,2026-07-04T09:51:48Z,2026-07-08T00:21:57Z
APL000000640,INDIVIDUAL,SG,Central Region,ORGANIC,,en,2026-07-14T13:29:27Z,2026-07-14T17:06:25Z
APL000000641,INDIVIDUAL,CA,Ontario,REFERRAL,,en,2026-06-30T05:33:38Z,2026-07-09T22:04:52Z
APL000000642,INDIVIDUAL,JP,Tokyo,REFERRAL,,ja,2026-06-18T17:03:49Z,2026-06-20T06:54:41Z
APL000000643,INDIVIDUAL,CA,Quebec,SOCIAL,,en,2026-07-28T21:14:17Z,2026-07-29T11:35:03Z
APL000000644,INDIVIDUAL,BR,Sao Paulo,ORGANIC,,pt,2026-06-29T10:48:51Z,2026-07-09T06:24:59Z
APL000000645,INDIVIDUAL,FR,Provence,PAID_SEARCH,CMP-2026Q4-F841,fr,2026-06-22T02:31:04Z,2026-07-01T02:11:49Z
APL000000646,INDIVIDUAL,JP,Osaka,REFERRAL,,ja,2026-07-18T18:09:56Z,2026-07-24T10:10:26Z
APL000000647,INDIVIDUAL,FR,Provence,ORGANIC,,fr,2026-08-13T08:25:45Z,2026-08-22T11:54:10Z
APL000000648,INDIVIDUAL,GB,Wales,ORGANIC,,en,2026-07-04T04:12:38Z,2026-07-06T19:24:52Z
APL000000649,INDIVIDUAL,US,Illinois,REFERRAL,,en,2026-06-25T21:57:42Z,2026-06-26T02:27:16Z
APL000000650,BUSINESS,CA,Ontario,ORGANIC,,en,2026-06-16T18:00:54Z,2026-06-26T10:08:03Z
APL000000651,BUSINESS,SG,East Region,PARTNER,CMP-2026Q3-F519,en,2026-07-30T01:37:37Z,2026-07-31T04:08:18Z
APL000000652,INDIVIDUAL,GB,England,PARTNER,CMP-2026Q1-D209,en,2026-07-18T09:39:59Z,2026-07-19T09:22:02Z
APL000000653,INDIVIDUAL,AU,Victoria,REFERRAL,,en,2026-08-03T14:21:54Z,2026-08-06T03:47:25Z
APL000000654,INDIVIDUAL,CA,British Columbia,ORGANIC,,en,2026-08-20T18:22:47Z,2026-08-22T20:28:37Z
APL000000655,INDIVIDUAL,GB,Scotland,PARTNER,CMP-2026Q4-F913,en,2026-08-04T03:10:50Z,2026-08-12T08:51:18Z
APL000000656,INDIVIDUAL,US,California,PARTNER,CMP-2026Q2-B203,en,2026-08-05T09:18:34Z,2026-08-10T16:54:29Z
APL000000657,INDIVIDUAL,BR,Sao Paulo,PAID_SEARCH,,pt,2026-07-23T21:09:44Z,2026-07-29T11:06:58Z
APL000000658,INDIVIDUAL,CA,Quebec,PAID_SEARCH,,en,2026-07-14T00:44:05Z,2026-07-15T01:43:10Z
APL000000659,INDIVIDUAL,BR,Rio de Janeiro,REFERRAL,,pt,2026-07-31T07:33:26Z,2026-08-05T15:41:36Z
APL000000660,INDIVIDUAL,FR,Provence,PAID_SEARCH,,fr,2026-08-14T08:44:14Z,2026-08-18T11:41:58Z
APL000000661,INDIVIDUAL,FR,Ile-de-France,PAID_SEARCH,CMP-2026Q3-F563,fr,2026-07-15T13:29:58Z,2026-07-19T12:48:04Z
APL000000662,INDIVIDUAL,DE,Hesse,ORGANIC,,de,2026-06-22T03:09:15Z,2026-07-01T00:49:55Z
APL000000663,INDIVIDUAL,SG,Central Region,PARTNER,CMP-2026Q3-C196,en,2026-06-14T19:55:31Z,2026-06-18T09:16:57Z
APL000000664,INDIVIDUAL,FR,Ile-de-France,ORGANIC,,fr,2026-08-11T19:56:01Z,2026-08-12T17:59:27Z
APL000000665,INDIVIDUAL,SG,Central Region,PAID_SEARCH,,en,2026-06-24T23:13:28Z,2026-07-03T05:23:37Z
APL000000666,INDIVIDUAL,CA,Ontario,PAID_SEARCH,CMP-2026Q4-B898,en,2026-06-16T04:39:39Z,2026-06-23T21:40:38Z
APL000000667,INDIVIDUAL,AU,Victoria,SOCIAL,CMP-2026Q2-A749,en,2026-08-09T07:21:12Z,2026-08-13T03:09:01Z
APL000000668,INDIVIDUAL,US,New York,REFERRAL,,en,2026-06-23T05:14:38Z,2026-06-28T05:49:13Z
APL000000669,INDIVIDUAL,US,Florida,SOCIAL,,en,2026-07-25T03:27:31Z,2026-07-26T01:04:43Z
APL000000670,INDIVIDUAL,AU,New South Wales,ORGANIC,,en,2026-06-18T04:34:52Z,2026-06-23T21:43:37Z
APL000000671,INDIVIDUAL,AU,Victoria,ORGANIC,,en,2026-07-19T15:16:53Z,2026-07-27T08:59:58Z
APL000000672,INDIVIDUAL,TH,Chiang Mai,PAID_SEARCH,CMP-2026Q2-D348,th,2026-06-17T08:57:32Z,2026-06-25T03:23:03Z
APL000000673,INDIVIDUAL,CA,Ontario,ORGANIC,,en,2026-07-13T00:26:51Z,2026-07-16T16:06:42Z
APL000000674,INDIVIDUAL,FR,Ile-de-France,PARTNER,CMP-2026Q3-H738,fr,2026-06-22T22:28:23Z,2026-06-23T09:14:37Z
APL000000675,BUSINESS,SG,East Region,ORGANIC,,en,2026-08-05T15:16:34Z,2026-08-06T11:52:17Z
APL000000676,INDIVIDUAL,SG,Central Region,PARTNER,,en,2026-06-13T00:43:11Z,2026-06-19T23:13:50Z
APL000000677,INDIVIDUAL,JP,Osaka,ORGANIC,,ja,2026-06-27T16:13:01Z,2026-07-03T01:20:18Z
APL000000678,INDIVIDUAL,BR,Rio de Janeiro,REFERRAL,,pt,2026-07-28T17:28:32Z,2026-08-07T15:37:41Z
APL000000679,INDIVIDUAL,US,Florida,PAID_SEARCH,CMP-2026Q1-E274,en,2026-06-16T12:11:53Z,2026-06-18T12:21:54Z
APL000000680,INDIVIDUAL,DE,Bavaria,REFERRAL,,de,2026-08-21T21:19:03Z,2026-08-22T13:18:04Z
APL000000681,INDIVIDUAL,FR,Ile-de-France,ORGANIC,,fr,2026-08-16T01:20:19Z,2026-08-22T13:11:50Z
APL000000682,INDIVIDUAL,AU,New South Wales,SOCIAL,CMP-2026Q1-C303,en,2026-07-19T13:10:17Z,2026-07-24T03:05:17Z
APL000000683,BUSINESS,US,California,ORGANIC,,en,2026-07-21T16:56:51Z,2026-07-25T01:00:15Z
APL000000684,INDIVIDUAL,TH,Bangkok,ORGANIC,,th,2026-07-08T09:26:36Z,2026-07-14T15:29:56Z
APL000000685,INDIVIDUAL,BR,Rio de Janeiro,PARTNER,CMP-2026Q4-A668,pt,2026-08-22T04:24:34Z,2026-08-24T10:32:57Z
APL000000686,INDIVIDUAL,AU,New South Wales,ORGANIC,,en,2026-07-10T15:58:22Z,2026-07-20T06:31:05Z
APL000000687,INDIVIDUAL,SG,East Region,ORGANIC,,en,2026-06-23T10:56:54Z,2026-07-03T03:52:38Z
APL000000688,BUSINESS,FR,Provence,REFERRAL,,fr,2026-06-27T12:09:47Z,2026-06-28T21:25:17Z
APL000000689,INDIVIDUAL,SG,Central Region,ORGANIC,,en,2026-08-03T21:14:43Z,2026-08-09T02:57:31Z
APL000000690,INDIVIDUAL,TH,Phuket,SOCIAL,,th,2026-07-05T19:29:35Z,2026-07-11T09:15:17Z
APL000000691,BUSINESS,GB,England,ORGANIC,,en,2026-08-16T23:20:55Z,2026-08-24T05:50:51Z
APL000000692,INDIVIDUAL,AU,Victoria,ORGANIC,,en,2026-08-06T22:05:51Z,2026-08-15T03:18:18Z
APL000000693,INDIVIDUAL,DE,Bavaria,PARTNER,CMP-2026Q2-A880,de,2026-08-24T22:43:12Z,2026-08-31T02:47:14Z
APL000000694,INDIVIDUAL,CA,Ontario,PAID_SEARCH,CMP-2026Q1-F181,en,2026-08-02T14:39:15Z,2026-08-07T09:02:19Z
APL000000695,INDIVIDUAL,CA,Quebec,PAID_SEARCH,CMP-2026Q4-H585,en,2026-06-22T07:31:22Z,2026-06-24T05:54:18Z
APL000000696,INDIVIDUAL,US,New York,SOCIAL,CMP-2026Q2-D167,en,2026-06-25T06:44:26Z,2026-07-04T19:52:06Z
APL000000697,INDIVIDUAL,CA,Quebec,PAID_SEARCH,,en,2026-08-17T13:39:23Z,2026-08-21T20:16:11Z
APL000000698,INDIVIDUAL,CA,British Columbia,PARTNER,,en,2026-07-11T13:28:16Z,2026-07-20T22:51:52Z
APL000000699,INDIVIDUAL,BR,Sao Paulo,REFERRAL,,pt,2026-07-15T20:53:50Z,2026-07-24T03:22:46Z
APL000000700,INDIVIDUAL,SG,East Region,SOCIAL,CMP-2026Q4-A294,en,2026-07-03T20:07:22Z,2026-07-07T19:39:08Z
APL000000701,INDIVIDUAL,DE,Berlin,ORGANIC,,de,2026-07-04T01:57:19Z,2026-07-13T06:31:24Z
APL000000702,INDIVIDUAL,TH,Chiang Mai,PARTNER,CMP-2026Q1-C897,th,2026-07-25T21:48:21Z,2026-08-03T20:26:40Z
APL000000703,INDIVIDUAL,AU,Victoria,ORGANIC,,en,2026-06-13T20:50:30Z,2026-06-18T09:43:30Z
APL000000704,BUSINESS,SG,East Region,ORGANIC,,en,2026-07-06T07:20:04Z,2026-07-12T18:59:34Z
APL000000705,INDIVIDUAL,TH,Phuket,PAID_SEARCH,CMP-2026Q4-F187,th,2026-07-21T06:52:16Z,2026-07-25T03:03:07Z
APL000000706,INDIVIDUAL,BR,Sao Paulo,REFERRAL,,pt,2026-07-10T13:05:33Z,2026-07-18T05:28:30Z
APL000000707,BUSINESS,CA,British Columbia,PARTNER,CMP-2026Q2-C887,en,2026-08-04T09:41:07Z,2026-08-08T14:23:06Z
APL000000708,INDIVIDUAL,JP,Osaka,PAID_SEARCH,CMP-2026Q2-D103,ja,2026-07-28T16:36:30Z,2026-07-31T05:21:18Z
APL000000709,INDIVIDUAL,JP,Tokyo,PAID_SEARCH,CMP-2026Q2-H564,ja,2026-07-12T18:16:20Z,2026-07-13T13:19:46Z
APL000000710,INDIVIDUAL,SG,East Region,PAID_SEARCH,CMP-2026Q2-A289,en,2026-06-23T02:51:39Z,2026-06-29T15:38:51Z
APL000000711,INDIVIDUAL,US,Illinois,PARTNER,CMP-2026Q1-A211,en,2026-07-13T06:31:20Z,2026-07-15T01:18:07Z
APL000000712,INDIVIDUAL,CA,British Columbia,PAID_SEARCH,CMP-2026Q2-H867,en,2026-07-25T10:08:21Z,2026-08-03T17:41:40Z
APL000000713,INDIVIDUAL,DE,Berlin,REFERRAL,,de,2026-07-10T10:05:26Z,2026-07-11T02:19:51Z
APL000000714,INDIVIDUAL,BR,Sao Paulo,ORGANIC,,pt,2026-06-22T02:10:56Z,2026-06-29T00:53:27Z
APL000000715,INDIVIDUAL,BR,Rio de Janeiro,REFERRAL,,pt,2026-08-03T04:29:35Z,2026-08-09T07:23:09Z
APL000000716,INDIVIDUAL,BR,Sao Paulo,REFERRAL,,pt,2026-08-02T15:34:39Z,2026-08-11T23:42:42Z
APL000000717,BUSINESS,DE,Berlin,PAID_SEARCH,CMP-2026Q3-C729,de,2026-07-24T04:44:30Z,2026-07-29T09:28:16Z
APL000000718,INDIVIDUAL,JP,Tokyo,PARTNER,CMP-2026Q3-D101,ja,2026-06-20T20:46:22Z,2026-06-25T12:20:43Z
APL000000719,INDIVIDUAL,SG,East Region,REFERRAL,,en,2026-07-07T00:49:33Z,2026-07-12T15:19:32Z
APL000000720,INDIVIDUAL,US,Texas,PAID_SEARCH,CMP-2026Q1-E407,en,2026-07-20T00:02:28Z,2026-07-23T05:46:58Z
APL000000721,INDIVIDUAL,FR,Provence,REFERRAL,,fr,2026-07-24T16:03:31Z,2026-08-03T06:29:09Z
APL000000722,BUSINESS,SG,East Region,PARTNER,,en,2026-07-17T22:23:41Z,2026-07-22T16:16:30Z
APL000000723,INDIVIDUAL,TH,Chiang Mai,ORGANIC,,th,2026-07-16T13:06:44Z,2026-07-25T04:45:58Z
APL000000724,BUSINESS,JP,Osaka,SOCIAL,CMP-2026Q3-F668,ja,2026-07-22T04:35:37Z,2026-07-24T06:34:36Z
APL000000725,INDIVIDUAL,FR,Ile-de-France,SOCIAL,CMP-2026Q1-F484,fr,2026-07-28T23:43:10Z,2026-08-06T09:53:48Z
APL000000726,INDIVIDUAL,AU,New South Wales,PAID_SEARCH,,en,2026-08-07T08:46:20Z,2026-08-14T10:02:10Z
APL000000727,INDIVIDUAL,US,New York,REFERRAL,,en,2026-07-19T06:41:52Z,2026-07-21T15:43:55Z
APL000000728,INDIVIDUAL,DE,Bavaria,REFERRAL,,de,2026-06-25T03:01:22Z,2026-06-28T20:50:04Z
APL000000729,INDIVIDUAL,SG,Central Region,REFERRAL,,en,2026-06-13T20:52:57Z,2026-06-18T16:43:18Z
APL000000730,INDIVIDUAL,SG,East Region,SOCIAL,,en,2026-07-21T06:31:49Z,2026-07-29T00:39:29Z
APL000000731,INDIVIDUAL,GB,Wales,PAID_SEARCH,CMP-2026Q1-H496,en,2026-08-04T12:37:09Z,2026-08-09T17:58:55Z
APL000000732,INDIVIDUAL,US,Illinois,PARTNER,CMP-2026Q1-B633,en,2026-08-08T11:07:27Z,2026-08-15T22:03:26Z
APL000000733,INDIVIDUAL,DE,Hesse,PARTNER,CMP-2026Q2-E383,de,2026-07-21T22:05:47Z,2026-07-29T15:33:55Z
APL000000734,INDIVIDUAL,DE,Bavaria,ORGANIC,,de,2026-06-20T14:01:43Z,2026-06-30T04:01:12Z
APL000000735,INDIVIDUAL,GB,England,REFERRAL,,en,2026-07-23T04:51:29Z,2026-07-25T21:54:38Z
APL000000736,BUSINESS,DE,Hesse,ORGANIC,,de,2026-06-17T08:14:13Z,2026-06-23T11:25:12Z
APL000000737,INDIVIDUAL,JP,Tokyo,ORGANIC,,ja,2026-07-17T07:19:26Z,2026-07-24T01:26:35Z
APL000000738,INDIVIDUAL,US,California,REFERRAL,,en,2026-06-25T10:10:09Z,2026-07-01T09:14:18Z
APL000000739,INDIVIDUAL,JP,Osaka,ORGANIC,,ja,2026-08-12T07:23:44Z,2026-08-19T10:29:28Z
APL000000740,INDIVIDUAL,BR,Sao Paulo,SOCIAL,,pt,2026-07-16T22:15:05Z,2026-07-18T05:52:57Z
APL000000741,BUSINESS,JP,Tokyo,REFERRAL,,ja,2026-08-02T08:03:37Z,2026-08-09T10:30:43Z
APL000000742,INDIVIDUAL,SG,Central Region,ORGANIC,,en,2026-08-18T04:15:41Z,2026-08-20T18:11:39Z
APL000000743,INDIVIDUAL,TH,Phuket,SOCIAL,CMP-2026Q3-H599,th,2026-06-14T06:28:31Z,2026-06-19T00:33:20Z
APL000000744,INDIVIDUAL,JP,Tokyo,ORGANIC,,ja,2026-07-08T03:30:28Z,2026-07-13T21:25:50Z
APL000000745,INDIVIDUAL,AU,New South Wales,ORGANIC,,en,2026-07-30T17:00:45Z,2026-08-07T15:11:45Z
APL000000746,INDIVIDUAL,AU,Victoria,ORGANIC,,en,2026-06-30T06:38:38Z,2026-07-01T20:48:31Z
APL000000747,INDIVIDUAL,GB,Scotland,ORGANIC,,en,2026-08-03T01:18:27Z,2026-08-07T08:47:00Z
APL000000748,BUSINESS,CA,Quebec,REFERRAL,,en,2026-06-29T17:04:39Z,2026-07-06T08:06:16Z
APL000000749,INDIVIDUAL,CA,Quebec,ORGANIC,,en,2026-07-26T16:56:09Z,2026-07-29T23:01:35Z
APL000000750,INDIVIDUAL,JP,Tokyo,ORGANIC,,ja,2026-07-12T10:25:43Z,2026-07-18T10:00:39Z
APL000000751,INDIVIDUAL,CA,Quebec,ORGANIC,,en,2026-07-30T08:58:49Z,2026-07-30T23:44:10Z
APL000000752,INDIVIDUAL,TH,Phuket,SOCIAL,CMP-2026Q1-C776,th,2026-06-23T04:35:22Z,2026-06-28T12:05:27Z
APL000000753,INDIVIDUAL,CA,Quebec,ORGANIC,,en,2026-08-02T02:43:48Z,2026-08-05T06:42:49Z
APL000000754,INDIVIDUAL,DE,Berlin,PAID_SEARCH,,de,2026-08-25T06:31:14Z,2026-08-31T02:22:30Z
APL000000755,INDIVIDUAL,BR,Rio de Janeiro,PARTNER,,pt,2026-06-16T16:20:20Z,2026-06-25T16:35:49Z
APL000000756,BUSINESS,US,Illinois,PARTNER,CMP-2026Q3-A340,en,2026-07-14T09:05:16Z,2026-07-20T06:43:38Z
APL000000757,INDIVIDUAL,AU,Victoria,REFERRAL,,en,2026-07-22T21:12:49Z,2026-07-29T12:12:38Z
APL000000758,INDIVIDUAL,SG,East Region,PARTNER,CMP-2026Q4-C395,en,2026-08-25T19:25:15Z,2026-09-01T12:14:12Z
APL000000759,INDIVIDUAL,GB,Wales,ORGANIC,,en,2026-08-05T02:24:38Z,2026-08-09T23:13:08Z
APL000000760,INDIVIDUAL,TH,Bangkok,ORGANIC,,th,2026-08-11T10:41:41Z,2026-08-20T01:07:53Z
APL000000761,BUSINESS,CA,Quebec,PAID_SEARCH,CMP-2026Q4-H493,en,2026-07-08T15:33:10Z,2026-07-10T12:08:34Z
APL000000762,INDIVIDUAL,CA,Quebec,PARTNER,CMP-2026Q3-G659,en,2026-07-25T05:26:03Z,2026-07-25T13:27:54Z
APL000000763,INDIVIDUAL,JP,Osaka,ORGANIC,,ja,2026-07-18T02:45:33Z,2026-07-25T00:28:42Z
APL000000764,INDIVIDUAL,BR,Rio de Janeiro,REFERRAL,,pt,2026-06-17T20:49:20Z,2026-06-26T18:24:07Z
APL000000765,INDIVIDUAL,JP,Tokyo,PAID_SEARCH,CMP-2026Q3-A451,ja,2026-07-22T03:03:35Z,2026-07-22T05:38:52Z
APL000000766,INDIVIDUAL,JP,Osaka,REFERRAL,,ja,2026-08-23T01:02:46Z,2026-08-31T00:37:11Z
APL000000767,INDIVIDUAL,US,Illinois,PAID_SEARCH,,en,2026-07-24T06:40:16Z,2026-07-24T21:24:41Z
APL000000768,INDIVIDUAL,TH,Phuket,ORGANIC,,th,2026-08-25T06:39:24Z,2026-09-02T08:47:30Z
APL000000769,INDIVIDUAL,DE,Berlin,ORGANIC,,de,2026-07-19T22:04:22Z,2026-07-28T10:25:11Z
APL000000770,INDIVIDUAL,TH,Phuket,ORGANIC,,th,2026-08-15T08:08:42Z,2026-08-15T11:33:13Z
APL000000771,INDIVIDUAL,TH,Phuket,PAID_SEARCH,CMP-2026Q3-C367,th,2026-08-09T16:32:59Z,2026-08-12T01:14:12Z
APL000000772,INDIVIDUAL,BR,Sao Paulo,ORGANIC,,pt,2026-06-18T07:55:21Z,2026-06-19T18:44:22Z
APL000000773,BUSINESS,TH,Chiang Mai,PARTNER,CMP-2026Q4-D776,th,2026-07-15T00:19:58Z,2026-07-21T09:21:03Z
APL000000774,INDIVIDUAL,FR,Ile-de-France,PAID_SEARCH,,fr,2026-06-20T16:47:23Z,2026-06-22T09:00:50Z
APL000000775,INDIVIDUAL,DE,Berlin,PAID_SEARCH,,de,2026-07-21T22:32:14Z,2026-07-25T17:41:22Z
APL000000776,INDIVIDUAL,JP,Osaka,ORGANIC,,ja,2026-08-16T06:29:59Z,2026-08-16T09:20:49Z
APL000000777,BUSINESS,JP,Osaka,PAID_SEARCH,,ja,2026-08-02T05:10:38Z,2026-08-02T15:01:17Z
APL000000778,BUSINESS,FR,Provence,PAID_SEARCH,CMP-2026Q3-F376,fr,2026-07-02T00:45:29Z,2026-07-03T00:20:40Z
APL000000779,INDIVIDUAL,AU,Victoria,PARTNER,,en,2026-08-06T01:45:51Z,2026-08-11T23:03:28Z
APL000000780,INDIVIDUAL,FR,Ile-de-France,ORGANIC,,fr,2026-06-12T19:02:25Z,2026-06-12T21:04:28Z
APL000000781,INDIVIDUAL,AU,New South Wales,REFERRAL,,en,2026-08-02T09:53:57Z,2026-08-05T22:15:47Z
APL000000782,INDIVIDUAL,DE,Bavaria,ORGANIC,,de,2026-07-28T10:54:54Z,2026-07-29T00:33:59Z
APL000000783,INDIVIDUAL,SG,Central Region,PAID_SEARCH,CMP-2026Q2-G772,en,2026-08-08T06:56:38Z,2026-08-14T18:26:28Z
APL000000784,BUSINESS,TH,Bangkok,PAID_SEARCH,CMP-2026Q4-B754,th,2026-07-16T00:11:55Z,2026-07-25T23:03:29Z
APL000000785,INDIVIDUAL,FR,Provence,ORGANIC,,fr,2026-06-17T13:11:40Z,2026-06-25T07:42:00Z
APL000000786,INDIVIDUAL,FR,Ile-de-France,ORGANIC,,fr,2026-08-11T23:02:29Z,2026-08-13T17:44:40Z
APL000000787,INDIVIDUAL,SG,East Region,ORGANIC,,en,2026-07-18T21:42:11Z,2026-07-20T08:13:57Z
APL000000788,INDIVIDUAL,SG,Central Region,SOCIAL,,en,2026-06-19T17:55:00Z,2026-06-20T11:25:02Z
APL000000789,INDIVIDUAL,DE,Berlin,ORGANIC,,de,2026-07-19T07:51:44Z,2026-07-25T20:33:00Z
APL000000790,INDIVIDUAL,US,Florida,ORGANIC,,en,2026-08-03T12:05:57Z,2026-08-12T13:12:27Z
APL000000791,INDIVIDUAL,BR,Rio de Janeiro,REFERRAL,,pt,2026-07-12T07:02:34Z,2026-07-19T13:42:25Z
APL000000792,BUSINESS,GB,Wales,ORGANIC,,en,2026-07-10T19:57:46Z,2026-07-17T17:23:08Z
APL000000793,INDIVIDUAL,GB,Wales,REFERRAL,,en,2026-08-25T08:52:56Z,2026-08-28T16:54:28Z
APL000000794,INDIVIDUAL,US,California,REFERRAL,,en,2026-08-15T00:00:56Z,2026-08-18T09:37:50Z
APL000000795,BUSINESS,DE,Hesse,ORGANIC,,de,2026-07-23T14:03:21Z,2026-08-02T06:15:32Z
APL000000796,INDIVIDUAL,DE,Hesse,REFERRAL,,de,2026-06-20T00:10:56Z,2026-06-26T21:30:16Z
APL000000797,INDIVIDUAL,JP,Tokyo,ORGANIC,,ja,2026-06-26T11:34:00Z,2026-07-03T16:18:15Z
APL000000798,INDIVIDUAL,JP,Osaka,ORGANIC,,ja,2026-07-22T12:59:37Z,2026-07-25T14:50:56Z
APL000000799,INDIVIDUAL,JP,Tokyo,ORGANIC,,ja,2026-06-16T04:53:52Z,2026-06-24T01:57:53Z
APL000000800,INDIVIDUAL,GB,England,PARTNER,CMP-2026Q4-C858,en,2026-07-25T10:49:20Z,2026-08-03T16:46:41Z
APL000000801,INDIVIDUAL,TH,Chiang Mai,PAID_SEARCH,CMP-2026Q1-D818,th,2026-07-30T15:48:55Z,2026-07-30T19:15:47Z
APL000000802,INDIVIDUAL,DE,Bavaria,REFERRAL,,de,2026-06-24T19:14:27Z,2026-06-30T17:05:27Z
APL000000803,BUSINESS,GB,England,REFERRAL,,en,2026-08-10T22:30:55Z,2026-08-13T03:27:10Z
APL000000804,BUSINESS,AU,Victoria,PARTNER,,en,2026-08-01T21:06:57Z,2026-08-05T02:55:56Z
APL000000805,BUSINESS,CA,British Columbia,ORGANIC,,en,2026-08-13T17:34:07Z,2026-08-21T15:54:47Z
APL000000806,INDIVIDUAL,CA,Ontario,ORGANIC,,en,2026-06-21T01:20:30Z,2026-06-22T11:14:19Z
APL000000807,INDIVIDUAL,FR,Ile-de-France,REFERRAL,,fr,2026-08-20T10:12:57Z,2026-08-20T19:59:01Z
APL000000808,INDIVIDUAL,CA,Quebec,PARTNER,CMP-2026Q4-B106,en,2026-06-12T13:00:11Z,2026-06-21T19:16:33Z
APL000000809,INDIVIDUAL,CA,Quebec,REFERRAL,,en,2026-08-11T13:20:28Z,2026-08-19T06:45:22Z
APL000000810,INDIVIDUAL,SG,Central Region,PAID_SEARCH,CMP-2026Q4-D278,en,2026-07-27T18:58:06Z,2026-07-28T03:59:50Z
APL000000811,INDIVIDUAL,JP,Tokyo,PAID_SEARCH,,ja,2026-07-08T02:08:11Z,2026-07-08T03:13:59Z
APL000000812,INDIVIDUAL,GB,Wales,SOCIAL,CMP-2026Q2-H888,en,2026-07-28T23:38:08Z,2026-07-31T01:34:54Z
APL000000813,INDIVIDUAL,GB,England,PAID_SEARCH,,en,2026-07-17T13:56:35Z,2026-07-19T08:15:38Z
APL000000814,INDIVIDUAL,US,California,PAID_SEARCH,CMP-2026Q4-E442,en,2026-07-28T06:16:29Z,2026-08-06T03:53:38Z
APL000000815,INDIVIDUAL,GB,Wales,ORGANIC,,en,2026-07-22T07:14:56Z,2026-07-23T21:10:48Z
APL000000816,INDIVIDUAL,BR,Sao Paulo,ORGANIC,,pt,2026-06-29T15:32:22Z,2026-07-04T02:17:48Z
APL000000817,INDIVIDUAL,AU,New South Wales,PAID_SEARCH,,en,2026-06-29T06:06:49Z,2026-06-30T08:32:44Z
APL000000818,INDIVIDUAL,SG,East Region,PARTNER,CMP-2026Q2-B582,en,2026-07-25T21:09:57Z,2026-07-26T10:12:27Z
APL000000819,INDIVIDUAL,SG,East Region,ORGANIC,,en,2026-07-10T00:16:23Z,2026-07-14T14:07:50Z
APL000000820,INDIVIDUAL,FR,Provence,ORGANIC,,fr,2026-06-21T12:58:52Z,2026-06-28T11:06:42Z
APL000000821,INDIVIDUAL,TH,Bangkok,PARTNER,CMP-2026Q2-F325,th,2026-08-17T11:32:10Z,2026-08-23T12:24:31Z
APL000000822,INDIVIDUAL,CA,Ontario,PAID_SEARCH,CMP-2026Q2-B521,en,2026-08-15T06:33:09Z,2026-08-20T03:57:50Z
APL000000823,BUSINESS,CA,Quebec,PARTNER,CMP-2026Q4-D353,en,2026-07-06T13:07:57Z,2026-07-12T08:12:17Z
APL000000824,BUSINESS,CA,Ontario,SOCIAL,,en,2026-07-13T07:59:21Z,2026-07-13T18:36:11Z
APL000000825,BUSINESS,BR,Sao Paulo,REFERRAL,,pt,2026-07-11T13:46:34Z,2026-07-19T16:06:29Z
APL000000826,INDIVIDUAL,GB,Scotland,REFERRAL,,en,2026-06-18T05:33:53Z,2026-06-25T18:18:13Z
APL000000827,INDIVIDUAL,AU,New South Wales,ORGANIC,,en,2026-07-04T04:25:21Z,2026-07-10T15:51:23Z
APL000000828,INDIVIDUAL,JP,Osaka,ORGANIC,,ja,2026-07-16T10:42:32Z,2026-07-22T03:36:01Z
APL000000829,INDIVIDUAL,JP,Osaka,PARTNER,,ja,2026-07-12T09:38:55Z,2026-07-20T07:12:53Z
APL000000830,INDIVIDUAL,JP,Tokyo,PARTNER,CMP-2026Q3-A403,ja,2026-07-13T22:37:26Z,2026-07-16T15:22:24Z
APL000000831,BUSINESS,BR,Sao Paulo,PARTNER,CMP-2026Q3-A627,pt,2026-08-21T21:34:48Z,2026-08-28T15:29:48Z
APL000000832,BUSINESS,GB,Scotland,REFERRAL,,en,2026-07-28T10:26:24Z,2026-08-01T02:10:38Z
APL000000833,INDIVIDUAL,BR,Sao Paulo,PAID_SEARCH,,pt,2026-06-22T09:07:49Z,2026-06-25T17:30:48Z
APL000000834,INDIVIDUAL,JP,Tokyo,PARTNER,,ja,2026-07-06T00:50:05Z,2026-07-15T00:20:19Z
APL000000835,INDIVIDUAL,AU,Victoria,ORGANIC,,en,2026-07-09T23:03:53Z,2026-07-14T11:38:36Z
APL000000836,INDIVIDUAL,GB,Scotland,PAID_SEARCH,CMP-2026Q3-H735,en,2026-07-09T14:39:45Z,2026-07-16T08:15:21Z
APL000000837,INDIVIDUAL,GB,England,PARTNER,CMP-2026Q1-G283,en,2026-07-03T15:04:15Z,2026-07-13T04:39:40Z
APL000000838,INDIVIDUAL,DE,Bavaria,PAID_SEARCH,CMP-2026Q2-A400,de,2026-07-13T05:45:57Z,2026-07-20T01:32:34Z
APL000000839,BUSINESS,JP,Osaka,REFERRAL,,ja,2026-08-06T07:52:35Z,2026-08-06T13:01:56Z
APL000000840,INDIVIDUAL,US,Texas,PARTNER,CMP-2026Q3-G692,en,2026-07-07T17:01:35Z,2026-07-14T04:04:43Z
APL000000841,INDIVIDUAL,CA,British Columbia,PAID_SEARCH,,en,2026-07-15T09:27:40Z,2026-07-18T10:26:27Z
APL000000842,INDIVIDUAL,DE,Bavaria,PARTNER,CMP-2026Q3-E888,de,2026-08-14T09:55:28Z,2026-08-15T21:31:33Z
APL000000843,INDIVIDUAL,TH,Phuket,SOCIAL,,th,2026-07-03T09:26:37Z,2026-07-13T03:00:47Z
APL000000844,BUSINESS,TH,Bangkok,ORGANIC,,th,2026-06-15T02:04:21Z,2026-06-18T06:03:46Z
APL000000845,INDIVIDUAL,DE,Berlin,ORGANIC,,de,2026-07-24T04:28:37Z,2026-07-24T12:48:08Z
APL000000846,INDIVIDUAL,FR,Ile-de-France,REFERRAL,,fr,2026-07-22T11:45:35Z,2026-07-24T02:46:59Z
APL000000847,INDIVIDUAL,US,Florida,SOCIAL,,en,2026-08-22T02:01:13Z,2026-08-31T08:41:42Z
APL000000848,INDIVIDUAL,BR,Rio de Janeiro,PAID_SEARCH,CMP-2026Q3-C918,pt,2026-07-24T09:25:00Z,2026-08-02T11:04:05Z
APL000000849,INDIVIDUAL,GB,Wales,REFERRAL,,en,2026-06-15T00:08:44Z,2026-06-21T18:52:03Z
APL000000850,INDIVIDUAL,US,Florida,PAID_SEARCH,CMP-2026Q3-B434,en,2026-06-16T03:03:37Z,2026-06-22T12:58:32Z
APL000000851,INDIVIDUAL,SG,East Region,ORGANIC,,en,2026-06-18T06:27:40Z,2026-06-26T18:19:46Z
APL000000852,INDIVIDUAL,GB,Wales,REFERRAL,,en,2026-07-18T18:50:15Z,2026-07-24T19:35:56Z
APL000000853,INDIVIDUAL,US,New York,REFERRAL,,en,2026-08-04T16:44:05Z,2026-08-08T23:22:06Z
APL000000854,INDIVIDUAL,US,New York,ORGANIC,,en,2026-07-05T02:33:13Z,2026-07-09T13:29:30Z
APL000000855,INDIVIDUAL,SG,East Region,PAID_SEARCH,CMP-2026Q4-E267,en,2026-08-11T10:12:39Z,2026-08-21T03:05:51Z
APL000000856,INDIVIDUAL,AU,New South Wales,PARTNER,CMP-2026Q2-D410,en,2026-07-17T14:18:13Z,2026-07-26T06:30:35Z
APL000000857,BUSINESS,GB,Wales,PARTNER,CMP-2026Q4-E524,en,2026-06-25T02:48:26Z,2026-06-29T17:42:58Z
APL000000858,INDIVIDUAL,TH,Bangkok,ORGANIC,,th,2026-07-10T15:11:06Z,2026-07-16T04:06:47Z
APL000000859,INDIVIDUAL,DE,Hesse,ORGANIC,,de,2026-07-23T22:42:21Z,2026-07-28T13:56:03Z
APL000000860,INDIVIDUAL,US,Texas,ORGANIC,,en,2026-08-22T16:50:52Z,2026-08-31T01:03:58Z
APL000000861,INDIVIDUAL,DE,Berlin,ORGANIC,,de,2026-08-19T00:13:39Z,2026-08-25T10:58:34Z
APL000000862,INDIVIDUAL,DE,Berlin,SOCIAL,CMP-2026Q3-H679,de,2026-07-14T16:55:23Z,2026-07-17T06:49:19Z
APL000000863,INDIVIDUAL,GB,Scotland,REFERRAL,,en,2026-07-25T03:28:28Z,2026-08-02T14:20:30Z
APL000000864,INDIVIDUAL,US,Texas,ORGANIC,,en,2026-08-16T20:58:15Z,2026-08-18T05:29:25Z
APL000000865,INDIVIDUAL,DE,Berlin,REFERRAL,,de,2026-08-19T09:47:17Z,2026-08-22T23:13:28Z
APL000000866,INDIVIDUAL,BR,Sao Paulo,REFERRAL,,pt,2026-08-08T11:35:46Z,2026-08-10T07:34:32Z
APL000000867,INDIVIDUAL,TH,Phuket,ORGANIC,,th,2026-07-05T17:10:43Z,2026-07-14T03:58:39Z
APL000000868,INDIVIDUAL,DE,Hesse,PAID_SEARCH,CMP-2026Q3-C113,de,2026-06-22T06:30:32Z,2026-06-25T02:02:57Z
APL000000869,INDIVIDUAL,AU,Victoria,SOCIAL,CMP-2026Q2-C615,en,2026-06-28T14:00:15Z,2026-06-30T11:13:27Z
APL000000870,BUSINESS,CA,British Columbia,PARTNER,CMP-2026Q1-G571,en,2026-08-19T16:51:21Z,2026-08-20T20:49:54Z
APL000000871,INDIVIDUAL,US,Florida,ORGANIC,,en,2026-08-02T19:53:28Z,2026-08-04T05:15:16Z
APL000000872,INDIVIDUAL,CA,British Columbia,PARTNER,CMP-2026Q3-A862,en,2026-08-12T02:14:00Z,2026-08-14T07:35:57Z
APL000000873,BUSINESS,TH,Phuket,ORGANIC,,th,2026-06-21T09:37:10Z,2026-06-22T16:52:18Z
APL000000874,INDIVIDUAL,GB,England,ORGANIC,,en,2026-07-18T07:39:31Z,2026-07-22T15:09:29Z
APL000000875,INDIVIDUAL,US,Illinois,PAID_SEARCH,CMP-2026Q3-A167,en,2026-07-04T14:57:44Z,2026-07-04T17:25:40Z
APL000000876,INDIVIDUAL,GB,Wales,ORGANIC,,en,2026-08-18T14:06:53Z,2026-08-20T10:27:44Z
APL000000877,INDIVIDUAL,GB,England,PARTNER,,en,2026-08-22T03:49:29Z,2026-08-25T15:18:20Z
APL000000878,INDIVIDUAL,BR,Sao Paulo,REFERRAL,,pt,2026-06-17T03:00:24Z,2026-06-25T07:42:26Z
APL000000879,INDIVIDUAL,BR,Sao Paulo,PAID_SEARCH,,pt,2026-06-24T21:11:32Z,2026-07-02T10:09:23Z
APL000000880,INDIVIDUAL,GB,England,SOCIAL,,en,2026-07-17T14:29:16Z,2026-07-24T14:02:23Z
APL000000881,INDIVIDUAL,GB,England,PARTNER,,en,2026-07-13T19:21:55Z,2026-07-18T22:47:08Z
APL000000882,INDIVIDUAL,FR,Ile-de-France,REFERRAL,,fr,2026-07-20T23:30:34Z,2026-07-25T22:30:19Z
APL000000883,INDIVIDUAL,DE,Hesse,PAID_SEARCH,CMP-2026Q4-B494,de,2026-07-03T06:30:02Z,2026-07-09T06:35:38Z
APL000000884,INDIVIDUAL,JP,Tokyo,PAID_SEARCH,CMP-2026Q4-D977,ja,2026-06-17T05:17:47Z,2026-06-25T15:09:01Z
APL000000885,INDIVIDUAL,FR,Ile-de-France,ORGANIC,,fr,2026-08-01T13:29:09Z,2026-08-08T06:47:20Z
APL000000886,INDIVIDUAL,BR,Sao Paulo,ORGANIC,,pt,2026-07-11T14:39:38Z,2026-07-18T13:28:10Z
APL000000887,BUSINESS,TH,Bangkok,REFERRAL,,th,2026-06-26T22:21:19Z,2026-06-28T22:25:07Z
APL000000888,BUSINESS,AU,New South Wales,ORGANIC,,en,2026-07-13T20:28:03Z,2026-07-18T20:15:14Z
APL000000889,INDIVIDUAL,CA,British Columbia,ORGANIC,,en,2026-08-10T05:05:12Z,2026-08-16T15:36:23Z
APL000000890,INDIVIDUAL,JP,Osaka,SOCIAL,CMP-2026Q2-H210,ja,2026-06-21T03:56:31Z,2026-06-26T01:23:02Z
APL000000891,INDIVIDUAL,TH,Bangkok,ORGANIC,,th,2026-06-15T23:08:03Z,2026-06-16T15:30:33Z
APL000000892,INDIVIDUAL,TH,Chiang Mai,PAID_SEARCH,CMP-2026Q3-B878,th,2026-06-17T17:43:51Z,2026-06-25T06:07:02Z
APL000000893,INDIVIDUAL,JP,Tokyo,ORGANIC,,ja,2026-07-19T08:13:05Z,2026-07-24T09:22:08Z
APL000000894,INDIVIDUAL,BR,Sao Paulo,SOCIAL,CMP-2026Q4-B492,pt,2026-07-15T18:12:28Z,2026-07-24T06:53:51Z
APL000000895,INDIVIDUAL,US,California,ORGANIC,,en,2026-07-31T10:56:23Z,2026-08-08T05:59:29Z
APL000000896,BUSINESS,TH,Chiang Mai,REFERRAL,,th,2026-07-05T10:25:38Z,2026-07-09T07:48:24Z
APL000000897,INDIVIDUAL,CA,British Columbia,REFERRAL,,en,2026-07-23T12:48:39Z,2026-07-28T22:15:54Z
APL000000898,INDIVIDUAL,BR,Sao Paulo,REFERRAL,,pt,2026-07-11T08:29:33Z,2026-07-16T07:13:06Z
APL000000899,BUSINESS,CA,British Columbia,REFERRAL,,en,2026-08-24T08:00:33Z,2026-08-27T12:55:30Z
APL000000900,INDIVIDUAL,US,Texas,PARTNER,CMP-2026Q1-F489,en,2026-06-19T07:13:48Z,2026-06-22T18:03:51Z
APL000000901,INDIVIDUAL,FR,Ile-de-France,PAID_SEARCH,CMP-2026Q3-B804,fr,2026-06-16T21:54:01Z,2026-06-19T23:04:45Z
APL000000902,INDIVIDUAL,US,Illinois,ORGANIC,,en,2026-07-16T13:38:12Z,2026-07-25T04:50:43Z
APL000000903,INDIVIDUAL,AU,Victoria,ORGANIC,,en,2026-07-17T05:27:35Z,2026-07-17T10:47:47Z
APL000000904,INDIVIDUAL,CA,Quebec,ORGANIC,,en,2026-06-19T07:54:22Z,2026-06-24T05:06:44Z
APL000000905,INDIVIDUAL,SG,East Region,REFERRAL,,en,2026-08-11T20:37:22Z,2026-08-18T12:47:45Z
APL000000906,INDIVIDUAL,DE,Berlin,SOCIAL,CMP-2026Q1-D394,de,2026-07-01T21:16:45Z,2026-07-04T20:38:09Z
APL000000907,INDIVIDUAL,SG,Central Region,PAID_SEARCH,CMP-2026Q3-E168,en,2026-07-24T11:34:15Z,2026-07-29T19:01:34Z
APL000000908,INDIVIDUAL,FR,Ile-de-France,PAID_SEARCH,CMP-2026Q3-G779,fr,2026-07-22T11:54:20Z,2026-07-24T11:55:26Z
APL000000909,INDIVIDUAL,CA,British Columbia,REFERRAL,,en,2026-08-08T06:11:45Z,2026-08-10T01:32:24Z
APL000000910,INDIVIDUAL,BR,Sao Paulo,PAID_SEARCH,CMP-2026Q4-E753,pt,2026-07-21T22:53:41Z,2026-07-28T02:21:22Z
APL000000911,INDIVIDUAL,AU,New South Wales,REFERRAL,,en,2026-07-09T07:41:39Z,2026-07-10T19:09:10Z
APL000000912,INDIVIDUAL,DE,Berlin,REFERRAL,,de,2026-08-15T12:20:04Z,2026-08-24T15:00:28Z
APL000000913,INDIVIDUAL,AU,Victoria,PARTNER,CMP-2026Q3-D515,en,2026-06-29T21:16:12Z,2026-07-01T09:15:39Z
APL000000914,INDIVIDUAL,DE,Berlin,REFERRAL,,de,2026-08-25T08:19:39Z,2026-08-29T13:36:43Z
APL000000915,BUSINESS,SG,Central Region,ORGANIC,,en,2026-06-14T04:27:19Z,2026-06-22T01:58:34Z
APL000000916,INDIVIDUAL,BR,Sao Paulo,PAID_SEARCH,CMP-2026Q4-A156,pt,2026-08-15T11:15:04Z,2026-08-16T07:23:39Z
APL000000917,INDIVIDUAL,GB,Scotland,PARTNER,CMP-2026Q1-G959,en,2026-08-05T07:37:19Z,2026-08-06T17:21:23Z
APL000000918,INDIVIDUAL,BR,Sao Paulo,REFERRAL,,pt,2026-08-13T04:10:00Z,2026-08-22T16:05:19Z
APL000000919,BUSINESS,DE,Berlin,PARTNER,CMP-2026Q1-F437,de,2026-08-13T10:12:05Z,2026-08-20T19:08:17Z
APL000000920,BUSINESS,SG,East Region,ORGANIC,,en,2026-06-20T00:15:54Z,2026-06-22T03:39:04Z
APL000000921,INDIVIDUAL,AU,Victoria,PARTNER,CMP-2026Q3-B424,en,2026-07-22T22:20:27Z,2026-07-27T16:18:21Z
APL000000922,INDIVIDUAL,DE,Bavaria,REFERRAL,,de,2026-08-04T16:12:29Z,2026-08-12T21:20:09Z
APL000000923,INDIVIDUAL,CA,Ontario,PARTNER,CMP-2026Q1-D359,en,2026-07-23T10:54:36Z,2026-07-26T13:08:04Z
APL000000924,BUSINESS,FR,Ile-de-France,REFERRAL,,fr,2026-06-29T17:29:14Z,2026-07-04T03:39:50Z
APL000000925,INDIVIDUAL,AU,Victoria,ORGANIC,,en,2026-08-21T05:22:49Z,2026-08-28T18:58:50Z
APL000000926,INDIVIDUAL,TH,Chiang Mai,PAID_SEARCH,,th,2026-08-08T12:08:01Z,2026-08-12T13:38:34Z
APL000000927,INDIVIDUAL,GB,Scotland,REFERRAL,,en,2026-07-12T23:19:49Z,2026-07-21T09:12:34Z
APL000000928,INDIVIDUAL,GB,England,PAID_SEARCH,CMP-2026Q3-G716,en,2026-08-05T16:37:00Z,2026-08-11T04:04:17Z
APL000000929,INDIVIDUAL,US,California,PAID_SEARCH,CMP-2026Q4-C103,en,2026-07-12T01:11:28Z,2026-07-18T07:58:56Z
APL000000930,INDIVIDUAL,GB,England,ORGANIC,,en,2026-07-20T17:27:30Z,2026-07-30T10:10:41Z
APL000000931,BUSINESS,TH,Phuket,PAID_SEARCH,,th,2026-07-05T22:55:06Z,2026-07-10T17:43:34Z
APL000000932,INDIVIDUAL,DE,Bavaria,PAID_SEARCH,,de,2026-08-10T23:09:05Z,2026-08-12T22:49:51Z
APL000000933,INDIVIDUAL,TH,Chiang Mai,PARTNER,,th,2026-08-17T07:48:52Z,2026-08-19T13:41:29Z
APL000000934,BUSINESS,BR,Sao Paulo,SOCIAL,,pt,2026-06-26T20:52:44Z,2026-07-03T21:10:54Z
APL000000935,INDIVIDUAL,AU,Victoria,PAID_SEARCH,CMP-2026Q3-C680,en,2026-06-20T19:13:51Z,2026-06-27T23:41:27Z
APL000000936,INDIVIDUAL,JP,Osaka,ORGANIC,,ja,2026-08-04T12:24:52Z,2026-08-06T10:08:43Z
APL000000937,BUSINESS,DE,Berlin,PAID_SEARCH,CMP-2026Q4-D714,de,2026-06-28T04:01:11Z,2026-07-06T09:48:04Z
APL000000938,INDIVIDUAL,SG,East Region,ORGANIC,,en,2026-08-10T10:26:03Z,2026-08-10T17:20:23Z
APL000000939,BUSINESS,SG,East Region,SOCIAL,CMP-2026Q4-B110,en,2026-07-17T03:59:12Z,2026-07-25T21:07:59Z
APL000000940,BUSINESS,AU,New South Wales,PAID_SEARCH,,en,2026-08-06T04:59:14Z,2026-08-08T18:28:53Z
APL000000941,INDIVIDUAL,US,California,ORGANIC,,en,2026-06-29T14:42:52Z,2026-07-08T16:41:20Z
APL000000942,BUSINESS,CA,British Columbia,PAID_SEARCH,CMP-2026Q3-G409,en,2026-08-24T07:32:34Z,2026-08-31T00:38:45Z
APL000000943,INDIVIDUAL,BR,Sao Paulo,PAID_SEARCH,CMP-2026Q4-F998,pt,2026-07-17T02:33:09Z,2026-07-18T00:04:05Z
APL000000944,INDIVIDUAL,AU,New South Wales,ORGANIC,,en,2026-07-05T11:53:07Z,2026-07-15T06:43:45Z
APL000000945,INDIVIDUAL,DE,Hesse,REFERRAL,,de,2026-07-14T06:09:17Z,2026-07-23T06:49:30Z
APL000000946,INDIVIDUAL,DE,Hesse,ORGANIC,,de,2026-08-17T22:48:33Z,2026-08-21T02:32:22Z
APL000000947,BUSINESS,TH,Phuket,PARTNER,CMP-2026Q4-A293,th,2026-06-23T03:31:02Z,2026-06-25T10:41:02Z
APL000000948,INDIVIDUAL,DE,Bavaria,PAID_SEARCH,CMP-2026Q4-A552,de,2026-07-08T17:44:10Z,2026-07-15T19:54:11Z
APL000000949,INDIVIDUAL,JP,Tokyo,PARTNER,,ja,2026-06-21T06:34:39Z,2026-06-22T05:02:10Z
APL000000950,BUSINESS,TH,Bangkok,PAID_SEARCH,,th,2026-07-24T05:50:43Z,2026-07-30T20:59:54Z
APL000000951,INDIVIDUAL,US,Illinois,PARTNER,CMP-2026Q1-D886,en,2026-07-19T08:35:57Z,2026-07-20T07:13:57Z
APL000000952,INDIVIDUAL,DE,Hesse,SOCIAL,CMP-2026Q3-B957,de,2026-07-06T06:22:08Z,2026-07-06T13:17:55Z
APL000000953,INDIVIDUAL,JP,Osaka,PAID_SEARCH,CMP-2026Q1-F144,ja,2026-07-31T05:06:39Z,2026-08-09T17:19:33Z
APL000000954,INDIVIDUAL,CA,Ontario,ORGANIC,,en,2026-06-15T15:37:40Z,2026-06-22T02:06:09Z
APL000000955,INDIVIDUAL,US,California,REFERRAL,,en,2026-07-27T04:07:29Z,2026-07-28T02:20:13Z
APL000000956,INDIVIDUAL,SG,East Region,ORGANIC,,en,2026-08-14T22:13:20Z,2026-08-16T13:19:41Z
APL000000957,INDIVIDUAL,DE,Hesse,PARTNER,CMP-2026Q1-E602,de,2026-08-11T01:58:50Z,2026-08-18T10:35:39Z
APL000000958,BUSINESS,CA,Ontario,REFERRAL,,en,2026-06-19T05:00:02Z,2026-06-22T21:11:25Z
APL000000959,INDIVIDUAL,JP,Osaka,REFERRAL,,ja,2026-07-24T05:30:09Z,2026-07-28T11:02:22Z
APL000000960,INDIVIDUAL,FR,Ile-de-France,REFERRAL,,fr,2026-07-13T22:49:50Z,2026-07-14T08:32:09Z
APL000000961,INDIVIDUAL,JP,Tokyo,PAID_SEARCH,,ja,2026-08-20T19:12:06Z,2026-08-26T01:44:54Z
APL000000962,INDIVIDUAL,GB,Scotland,REFERRAL,,en,2026-06-17T22:31:46Z,2026-06-25T22:54:01Z
APL000000963,INDIVIDUAL,TH,Phuket,SOCIAL,,th,2026-07-21T05:33:56Z,2026-07-24T04:28:52Z
APL000000964,INDIVIDUAL,GB,England,REFERRAL,,en,2026-07-20T07:10:22Z,2026-07-24T10:17:51Z
APL000000965,INDIVIDUAL,CA,Quebec,REFERRAL,,en,2026-07-25T22:01:19Z,2026-08-02T14:29:50Z
APL000000966,INDIVIDUAL,JP,Tokyo,PARTNER,,ja,2026-06-15T09:27:56Z,2026-06-19T13:21:57Z
APL000000967,INDIVIDUAL,FR,Provence,PARTNER,CMP-2026Q3-F992,fr,2026-08-11T18:00:38Z,2026-08-13T20:40:02Z
APL000000968,INDIVIDUAL,CA,Quebec,PARTNER,CMP-2026Q1-A504,en,2026-06-20T18:01:15Z,2026-06-22T11:14:14Z
APL000000969,INDIVIDUAL,AU,Victoria,ORGANIC,,en,2026-08-11T23:38:18Z,2026-08-18T03:39:25Z
APL000000970,INDIVIDUAL,AU,Victoria,ORGANIC,,en,2026-06-22T03:12:18Z,2026-06-24T00:59:51Z
APL000000971,BUSINESS,SG,Central Region,ORGANIC,,en,2026-07-30T15:31:18Z,2026-08-06T03:27:33Z
APL000000972,INDIVIDUAL,BR,Sao Paulo,ORGANIC,,pt,2026-08-08T17:29:53Z,2026-08-10T05:03:28Z
APL000000973,INDIVIDUAL,GB,England,SOCIAL,,en,2026-07-15T09:28:43Z,2026-07-20T05:53:23Z
APL000000974,INDIVIDUAL,JP,Tokyo,ORGANIC,,ja,2026-07-24T16:58:29Z,2026-08-02T01:05:45Z
APL000000975,INDIVIDUAL,US,California,PAID_SEARCH,,en,2026-08-24T11:04:35Z,2026-09-01T22:44:39Z
APL000000976,INDIVIDUAL,CA,British Columbia,PAID_SEARCH,CMP-2026Q4-G597,en,2026-07-20T12:02:25Z,2026-07-27T17:56:51Z
APL000000977,BUSINESS,JP,Tokyo,PAID_SEARCH,CMP-2026Q4-F666,ja,2026-06-16T18:19:08Z,2026-06-25T16:36:34Z
APL000000978,INDIVIDUAL,JP,Tokyo,REFERRAL,,ja,2026-08-21T10:08:09Z,2026-08-24T21:21:33Z
APL000000979,INDIVIDUAL,US,Texas,ORGANIC,,en,2026-06-26T09:57:44Z,2026-06-29T20:29:08Z
APL000000980,INDIVIDUAL,SG,East Region,SOCIAL,,en,2026-08-04T15:21:30Z,2026-08-09T07:47:26Z
APL000000981,BUSINESS,AU,Victoria,PARTNER,CMP-2026Q3-H918,en,2026-08-23T19:41:41Z,2026-08-25T10:34:52Z
APL000000982,INDIVIDUAL,GB,Wales,REFERRAL,,en,2026-06-24T23:55:26Z,2026-06-26T13:26:21Z
APL000000983,INDIVIDUAL,AU,Victoria,ORGANIC,,en,2026-06-27T16:58:45Z,2026-06-28T04:16:16Z
APL000000984,INDIVIDUAL,DE,Berlin,PAID_SEARCH,CMP-2026Q1-B445,de,2026-07-14T07:07:00Z,2026-07-20T11:19:54Z
APL000000985,INDIVIDUAL,SG,East Region,ORGANIC,,en,2026-07-07T12:35:00Z,2026-07-11T01:50:29Z
APL000000986,INDIVIDUAL,BR,Rio de Janeiro,PARTNER,,pt,2026-08-16T12:39:07Z,2026-08-22T13:40:54Z
APL000000987,INDIVIDUAL,US,Florida,PARTNER,,en,2026-08-07T16:22:32Z,2026-08-17T10:17:38Z
APL000000988,INDIVIDUAL,CA,Ontario,PARTNER,CMP-2026Q1-C745,en,2026-06-20T20:30:24Z,2026-06-22T21:47:58Z
APL000000989,INDIVIDUAL,DE,Hesse,REFERRAL,,de,2026-07-19T22:36:50Z,2026-07-27T06:25:34Z
APL000000990,INDIVIDUAL,FR,Provence,PARTNER,CMP-2026Q2-H525,fr,2026-08-08T16:35:41Z,2026-08-08T18:10:32Z
APL000000991,BUSINESS,JP,Osaka,ORGANIC,,ja,2026-06-24T20:16:16Z,2026-06-27T12:06:53Z
APL000000992,INDIVIDUAL,AU,Victoria,PAID_SEARCH,CMP-2026Q4-D241,en,2026-08-11T03:11:01Z,2026-08-15T06:24:06Z
APL000000993,INDIVIDUAL,JP,Osaka,SOCIAL,CMP-2026Q1-B186,ja,2026-07-07T08:56:47Z,2026-07-11T09:20:33Z
APL000000994,INDIVIDUAL,AU,New South Wales,REFERRAL,,en,2026-06-14T18:46:07Z,2026-06-24T00:10:23Z
APL000000995,INDIVIDUAL,CA,Ontario,SOCIAL,,en,2026-08-10T22:19:38Z,2026-08-19T16:31:21Z
APL000000996,BUSINESS,AU,Victoria,PARTNER,,en,2026-08-16T12:23:00Z,2026-08-23T17:33:20Z
APL000000997,INDIVIDUAL,FR,Ile-de-France,PARTNER,,fr,2026-07-27T18:43:18Z,2026-07-29T05:58:07Z
APL000000998,INDIVIDUAL,SG,East Region,PAID_SEARCH,,en,2026-08-09T14:48:48Z,2026-08-13T15:53:41Z
APL000000999,INDIVIDUAL,DE,Bavaria,ORGANIC,,de,2026-07-07T02:05:14Z,2026-07-14T08:06:39Z
APL000001000,INDIVIDUAL,TH,Phuket,SOCIAL,CMP-2026Q1-E633,th,2026-07-07T13:16:33Z,2026-07-13T21:50:25Z
APL000001001,INDIVIDUAL,BR,Rio de Janeiro,ORGANIC,,pt,2026-08-09T01:29:02Z,2026-08-16T07:50:46Z
APL000001002,BUSINESS,GB,Wales,ORGANIC,,en,2026-07-09T23:21:43Z,2026-07-16T05:50:22Z
APL000001003,INDIVIDUAL,US,California,REFERRAL,,en,2026-07-24T22:23:00Z,2026-07-24T23:38:04Z
APL000001004,INDIVIDUAL,SG,Central Region,REFERRAL,,en,2026-07-03T08:09:50Z,2026-07-11T04:30:47Z
APL000001005,INDIVIDUAL,TH,Phuket,REFERRAL,,th,2026-08-06T07:31:19Z,2026-08-07T08:46:35Z
APL000001006,INDIVIDUAL,SG,East Region,REFERRAL,,en,2026-06-22T23:47:45Z,2026-06-27T05:57:43Z
APL000001007,INDIVIDUAL,GB,England,REFERRAL,,en,2026-06-21T18:06:50Z,2026-06-23T21:39:44Z
APL000001008,INDIVIDUAL,BR,Rio de Janeiro,PAID_SEARCH,CMP-2026Q4-E698,pt,2026-07-19T09:53:20Z,2026-07-23T15:30:37Z
APL000001009,INDIVIDUAL,JP,Osaka,PARTNER,CMP-2026Q2-H828,ja,2026-07-16T07:52:58Z,2026-07-26T00:12:38Z
APL000001010,INDIVIDUAL,BR,Sao Paulo,PAID_SEARCH,CMP-2026Q1-C672,pt,2026-07-09T16:47:51Z,2026-07-19T05:14:05Z
APL000001011,INDIVIDUAL,AU,New South Wales,ORGANIC,,en,2026-07-24T21:10:35Z,2026-07-25T06:50:39Z
APL000001012,INDIVIDUAL,FR,Provence,SOCIAL,CMP-2026Q4-A910,fr,2026-06-22T17:09:53Z,2026-06-30T13:16:30Z
APL000001013,INDIVIDUAL,DE,Berlin,ORGANIC,,de,2026-08-12T10:25:30Z,2026-08-17T07:44:08Z
APL000001014,INDIVIDUAL,FR,Ile-de-France,PARTNER,CMP-2026Q3-H445,fr,2026-08-09T14:25:43Z,2026-08-14T08:29:00Z
APL000001015,INDIVIDUAL,CA,Ontario,PARTNER,CMP-2026Q4-H783,en,2026-07-15T16:20:04Z,2026-07-24T08:15:26Z
APL000001016,INDIVIDUAL,CA,British Columbia,PAID_SEARCH,CMP-2026Q4-F653,en,2026-06-15T10:28:31Z,2026-06-22T03:22:55Z
APL000001017,INDIVIDUAL,DE,Hesse,ORGANIC,,de,2026-06-24T10:06:23Z,2026-06-24T16:03:34Z
APL000001018,INDIVIDUAL,DE,Hesse,PAID_SEARCH,CMP-2026Q1-D733,de,2026-07-22T15:18:06Z,2026-07-30T05:07:45Z
APL000001019,BUSINESS,BR,Sao Paulo,PARTNER,CMP-2026Q1-B774,pt,2026-08-21T05:07:38Z,2026-08-23T00:15:56Z
APL000001020,INDIVIDUAL,SG,Central Region,PARTNER,,en,2026-07-25T11:11:41Z,2026-07-26T07:30:37Z
APL000001021,INDIVIDUAL,FR,Provence,PAID_SEARCH,CMP-2026Q1-F547,fr,2026-06-25T12:54:51Z,2026-06-25T18:41:17Z
APL000001022,INDIVIDUAL,AU,Victoria,ORGANIC,,en,2026-08-24T11:36:54Z,2026-08-29T21:38:31Z
APL000001023,INDIVIDUAL,TH,Chiang Mai,PARTNER,CMP-2026Q4-C160,th,2026-07-28T02:03:20Z,2026-07-31T08:07:31Z
APL000001024,INDIVIDUAL,US,New York,REFERRAL,,en,2026-07-06T00:04:28Z,2026-07-10T03:09:07Z
APL000001025,INDIVIDUAL,AU,New South Wales,ORGANIC,,en,2026-06-29T23:19:16Z,2026-07-05T22:36:08Z
APL000001026,INDIVIDUAL,BR,Rio de Janeiro,SOCIAL,CMP-2026Q3-H666,pt,2026-07-12T12:44:15Z,2026-07-17T08:56:19Z
APL000001027,INDIVIDUAL,SG,Central Region,ORGANIC,,en,2026-08-23T06:15:15Z,2026-08-30T00:16:40Z
APL000001028,INDIVIDUAL,BR,Sao Paulo,ORGANIC,,pt,2026-07-12T12:08:33Z,2026-07-13T08:16:50Z
APL000001029,INDIVIDUAL,SG,Central Region,REFERRAL,,en,2026-08-24T21:33:20Z,2026-09-01T17:14:28Z
APL000001030,INDIVIDUAL,AU,Victoria,ORGANIC,,en,2026-08-11T22:45:31Z,2026-08-21T13:25:34Z
APL000001031,INDIVIDUAL,TH,Bangkok,ORGANIC,,th,2026-08-20T03:15:33Z,2026-08-22T20:51:07Z
APL000001032,INDIVIDUAL,AU,Victoria,PARTNER,CMP-2026Q3-A265,en,2026-08-06T10:31:45Z,2026-08-12T01:40:07Z
APL000001033,INDIVIDUAL,AU,New South Wales,PARTNER,,en,2026-08-25T21:52:41Z,2026-09-03T16:39:55Z
APL000001034,INDIVIDUAL,BR,Rio de Janeiro,PARTNER,,pt,2026-07-29T15:18:20Z,2026-08-08T10:25:10Z
APL000001035,INDIVIDUAL,DE,Bavaria,PAID_SEARCH,CMP-2026Q2-H713,de,2026-07-06T15:13:22Z,2026-07-15T18:35:14Z
APL000001036,INDIVIDUAL,US,Illinois,REFERRAL,,en,2026-08-18T14:36:03Z,2026-08-25T08:03:01Z
APL000001037,INDIVIDUAL,JP,Osaka,REFERRAL,,ja,2026-08-10T01:08:57Z,2026-08-16T12:55:57Z
APL000001038,INDIVIDUAL,US,Florida,PAID_SEARCH,CMP-2026Q4-F496,en,2026-06-25T06:56:09Z,2026-07-02T23:14:51Z
APL000001039,INDIVIDUAL,US,California,REFERRAL,,en,2026-08-21T05:14:46Z,2026-08-25T15:56:41Z
APL000001040,INDIVIDUAL,US,New York,PAID_SEARCH,,en,2026-06-26T08:43:15Z,2026-07-04T12:37:42Z
APL000001041,INDIVIDUAL,SG,Central Region,SOCIAL,,en,2026-06-14T18:13:58Z,2026-06-19T16:30:50Z
APL000001042,INDIVIDUAL,CA,Ontario,ORGANIC,,en,2026-08-24T19:40:27Z,2026-08-31T04:53:56Z
APL000001043,INDIVIDUAL,DE,Hesse,REFERRAL,,de,2026-06-24T18:51:31Z,2026-06-26T17:21:49Z
APL000001044,INDIVIDUAL,CA,British Columbia,ORGANIC,,en,2026-07-26T02:41:46Z,2026-08-02T13:43:47Z
APL000001045,INDIVIDUAL,CA,Ontario,PARTNER,,en,2026-07-02T13:47:25Z,2026-07-11T01:13:49Z
APL000001046,INDIVIDUAL,BR,Rio de Janeiro,PAID_SEARCH,,pt,2026-06-12T03:31:08Z,2026-06-16T10:01:35Z
APL000001047,INDIVIDUAL,US,New York,REFERRAL,,en,2026-08-25T15:11:29Z,2026-08-28T08:57:36Z
APL000001048,INDIVIDUAL,JP,Osaka,REFERRAL,,ja,2026-08-07T22:14:20Z,2026-08-16T18:21:06Z
APL000001049,INDIVIDUAL,DE,Berlin,REFERRAL,,de,2026-07-05T17:14:07Z,2026-07-09T15:16:54Z
APL000001050,INDIVIDUAL,CA,Ontario,SOCIAL,CMP-2026Q4-B355,en,2026-06-26T18:22:41Z,2026-06-30T01:23:31Z
