application_id,applicant_id,application_type,source_channel,device_type,started_at,submitted_at,completed_at,current_step,application_status,decision,rejection_reason,updated_at
APP000000000001,APL000000001,PREMIUM,WEB,DESKTOP,2026-06-24T14:38:47Z,2026-06-24T17:59:27Z,,REVIEW,SUBMITTED,,,2026-06-24T17:59:27Z
APP000000000002,APL000000002,STANDARD,MOBILE,MOBILE,2026-09-17T21:52:17Z,,2026-09-22T01:10:56Z,PERSONAL_INFO,ABANDONED,,,2026-09-22T01:10:56Z
APP000000000003,APL000000003,STANDARD,WEB,DESKTOP,2026-09-10T09:15:46Z,2026-09-10T11:48:09Z,2026-09-10T15:35:58Z,DECISION,APPROVED,APPROVED,,2026-09-10T15:35:58Z
APP000000000004,APL000000004,STANDARD,WEB,TABLET,2026-08-16T22:14:51Z,,,IDENTITY_VERIFICATION,IN_PROGRESS,,,2026-08-16T23:18:44Z
APP000000000005,APL000000004,PREMIUM,MOBILE,MOBILE,2026-08-05T07:21:18Z,2026-08-05T09:44:25Z,2026-08-07T03:13:10Z,DECISION,APPROVED,APPROVED,,2026-08-07T03:13:10Z
APP000000000006,APL000000005,STANDARD,MOBILE,MOBILE,2026-08-28T02:27:56Z,2026-08-30T11:38:58Z,2026-08-30T18:24:55Z,DECISION,REJECTED,REJECTED,RISK_SCORE_THRESHOLD,2026-08-30T18:24:55Z
APP000000000007,APL000000006,STANDARD,WEB,DESKTOP,2026-08-24T16:46:18Z,,2026-08-27T04:01:41Z,DOCUMENT_UPLOAD,ABANDONED,,,2026-08-27T04:01:41Z
APP000000000008,APL000000007,STANDARD,WEB,DESKTOP,2026-09-02T11:08:39Z,2026-09-05T14:28:06Z,2026-09-08T18:06:25Z,DECISION,ABANDONED,,,2026-09-08T18:06:25Z
APP000000000009,APL000000008,PARTNER,WEB,DESKTOP,2026-09-04T09:57:18Z,2026-09-04T12:24:12Z,2026-09-04T19:27:36Z,DECISION,APPROVED,APPROVED,,2026-09-04T19:27:36Z
APP000000000010,APL000000009,STANDARD,WEB,DESKTOP,2026-08-01T06:19:06Z,2026-08-01T08:29:49Z,2026-08-01T16:05:49Z,DECISION,APPROVED,APPROVED,,2026-08-01T16:05:49Z
APP000000000011,APL000000010,PARTNER,WEB,TABLET,2026-09-14T14:21:11Z,2026-09-14T16:52:07Z,2026-09-17T12:18:20Z,DECISION,APPROVED,APPROVED,,2026-09-17T12:18:20Z
APP000000000012,APL000000011,STANDARD,PARTNER,OTHER,2026-09-04T09:05:16Z,,,DOCUMENT_UPLOAD,IN_PROGRESS,,,2026-09-04T10:24:02Z
APP000000000013,APL000000012,BUSINESS,WEB,DESKTOP,2026-08-15T16:18:17Z,2026-08-15T18:56:34Z,,REVIEW,SUBMITTED,,,2026-08-15T18:56:34Z
APP000000000014,APL000000013,PREMIUM,WEB,DESKTOP,2026-07-30T22:11:30Z,2026-07-31T01:41:24Z,2026-07-31T12:07:13Z,DECISION,REJECTED,REJECTED,FAILED_IDENTITY_CHECK,2026-07-31T12:07:13Z
APP000000000015,APL000000014,PREMIUM,WEB,DESKTOP,2026-08-08T17:41:36Z,2026-08-08T20:33:06Z,2026-08-10T10:18:29Z,DECISION,ABANDONED,,,2026-08-10T10:18:29Z
APP000000000016,APL000000014,BUSINESS,MOBILE,MOBILE,2026-09-02T12:40:58Z,2026-09-02T14:26:28Z,,REVIEW,SUBMITTED,,,2026-09-02T14:26:28Z
APP000000000017,APL000000015,STANDARD,MOBILE,MOBILE,2026-08-30T16:39:54Z,2026-08-30T19:04:28Z,2026-09-01T00:02:58Z,DECISION,REJECTED,REJECTED,INELIGIBLE_REGION,2026-09-01T00:02:58Z
APP000000000018,APL000000016,PARTNER,WEB,DESKTOP,2026-08-19T13:15:52Z,2026-08-19T15:01:57Z,2026-08-28T22:04:29Z,DECISION,ABANDONED,,,2026-08-28T22:04:29Z
APP000000000019,APL000000017,STANDARD,WEB,DESKTOP,2026-09-16T13:36:23Z,2026-09-16T15:36:27Z,,REVIEW,SUBMITTED,,,2026-09-16T15:36:27Z
APP000000000020,APL000000018,PARTNER,MOBILE,MOBILE,2026-07-26T10:12:08Z,2026-07-26T12:59:44Z,2026-07-26T16:46:15Z,DECISION,APPROVED,APPROVED,,2026-07-26T16:46:15Z
APP000000000021,APL000000019,PREMIUM,WEB,DESKTOP,2026-07-23T11:50:54Z,2026-07-23T14:29:10Z,2026-07-24T21:13:45Z,DECISION,APPROVED,APPROVED,,2026-07-24T21:13:45Z
APP000000000022,APL000000020,PREMIUM,MOBILE,MOBILE,2026-08-29T06:11:54Z,,2026-09-06T04:28:17Z,ACCOUNT_TYPE_SELECTION,ABANDONED,,,2026-09-06T04:28:17Z
APP000000000023,APL000000021,STANDARD,WEB,DESKTOP,2026-09-12T00:04:51Z,2026-09-12T02:22:00Z,,REVIEW,SUBMITTED,,,2026-09-12T02:22:00Z
APP000000000024,APL000000022,PREMIUM,MOBILE,MOBILE,2026-08-17T15:12:00Z,2026-08-17T17:23:00Z,,REVIEW,SUBMITTED,,,2026-08-17T17:23:00Z
APP000000000025,APL000000023,PARTNER,MOBILE,MOBILE,2026-07-31T03:35:36Z,2026-08-06T06:46:05Z,2026-08-07T09:43:06Z,DECISION,APPROVED,APPROVED,,2026-08-07T09:43:06Z
APP000000000026,APL000000024,STANDARD,MOBILE,MOBILE,2026-08-10T15:01:25Z,,2026-08-18T22:16:45Z,IDENTITY_VERIFICATION,ABANDONED,,,2026-08-18T22:16:45Z
APP000000000027,APL000000024,PREMIUM,MOBILE,MOBILE,2026-09-09T00:12:23Z,2026-09-10T02:54:42Z,2026-09-10T14:45:53Z,DECISION,APPROVED,APPROVED,,2026-09-10T14:45:53Z
APP000000000028,APL000000025,STANDARD,PARTNER,DESKTOP,2026-09-17T04:57:45Z,2026-09-18T01:14:07Z,,REVIEW,SUBMITTED,,,2026-09-18T01:14:07Z
APP000000000029,APL000000025,STANDARD,ASSISTED,DESKTOP,2026-09-04T11:41:54Z,2026-09-04T14:05:27Z,,REVIEW,SUBMITTED,,,2026-09-04T14:05:27Z
APP000000000030,APL000000026,STANDARD,WEB,DESKTOP,2026-07-29T12:50:24Z,2026-07-29T15:39:42Z,2026-08-05T23:57:54Z,DECISION,ABANDONED,,,2026-08-05T23:57:54Z
APP000000000031,APL000000027,STANDARD,WEB,TABLET,2026-08-03T03:30:19Z,,,DOCUMENT_UPLOAD,IN_PROGRESS,,,2026-08-03T04:52:28Z
APP000000000032,APL000000028,STANDARD,MOBILE,MOBILE,2026-08-10T03:49:07Z,,2026-08-20T15:29:40Z,IDENTITY_VERIFICATION,ABANDONED,,,2026-08-20T15:29:40Z
APP000000000033,APL000000029,STANDARD,WEB,DESKTOP,2026-08-24T05:33:06Z,2026-08-24T08:12:36Z,2026-08-25T05:22:35Z,DECISION,APPROVED,APPROVED,,2026-08-25T05:22:35Z
APP000000000034,APL000000029,STANDARD,MOBILE,MOBILE,2026-08-27T20:38:29Z,2026-08-27T22:35:52Z,2026-08-28T05:55:44Z,DECISION,REJECTED,REJECTED,INELIGIBLE_REGION,2026-08-28T05:55:44Z
APP000000000035,APL000000030,PARTNER,PARTNER,DESKTOP,2026-08-30T21:03:23Z,2026-08-30T23:19:33Z,2026-09-01T20:32:07Z,DECISION,APPROVED,APPROVED,,2026-09-01T20:32:07Z
APP000000000036,APL000000030,BUSINESS,WEB,DESKTOP,2026-08-19T17:59:45Z,2026-08-19T19:46:13Z,2026-08-22T01:27:22Z,DECISION,APPROVED,APPROVED,,2026-08-22T01:27:22Z
APP000000000037,APL000000030,BUSINESS,MOBILE,MOBILE,2026-08-04T09:23:14Z,,,DOCUMENT_UPLOAD,IN_PROGRESS,,,2026-08-04T10:31:23Z
APP000000000038,APL000000031,STANDARD,MOBILE,MOBILE,2026-07-30T06:49:49Z,2026-07-30T08:45:18Z,2026-07-31T05:59:20Z,DECISION,APPROVED,APPROVED,,2026-07-31T05:59:20Z
APP000000000039,APL000000032,STANDARD,WEB,DESKTOP,2026-09-19T08:14:04Z,2026-09-19T10:33:00Z,2026-09-21T00:35:06Z,DECISION,APPROVED,APPROVED,,2026-09-21T00:35:06Z
APP000000000040,APL000000033,PARTNER,WEB,DESKTOP,2026-09-14T18:33:08Z,,2026-09-16T11:30:52Z,IDENTITY_VERIFICATION,ABANDONED,,,2026-09-16T11:30:52Z
APP000000000041,APL000000034,PREMIUM,WEB,DESKTOP,2026-08-25T16:36:54Z,2026-08-25T18:31:06Z,2026-08-27T15:28:50Z,DECISION,APPROVED,APPROVED,,2026-08-27T15:28:50Z
APP000000000042,APL000000035,STANDARD,WEB,DESKTOP,2026-09-16T01:42:37Z,2026-09-16T04:13:25Z,2026-09-18T16:03:27Z,DECISION,REJECTED,REJECTED,INELIGIBLE_REGION,2026-09-18T16:03:27Z
APP000000000043,APL000000035,PARTNER,MOBILE,MOBILE,2026-09-14T07:47:04Z,2026-09-17T02:42:30Z,2026-09-20T02:15:29Z,DECISION,REJECTED,REJECTED,FAILED_IDENTITY_CHECK,2026-09-20T02:15:29Z
APP000000000044,APL000000036,BUSINESS,WEB,DESKTOP,2026-08-13T02:49:12Z,,,IDENTITY_VERIFICATION,IN_PROGRESS,,,2026-08-18T07:33:42Z
APP000000000045,APL000000037,STANDARD,ASSISTED,DESKTOP,2026-08-10T20:43:30Z,,,ACCOUNT_TYPE_SELECTION,STARTED,,,2026-08-10T20:43:30Z
APP000000000046,APL000000037,STANDARD,WEB,DESKTOP,2026-09-10T00:37:40Z,2026-09-10T03:12:48Z,2026-09-11T01:24:23Z,DECISION,APPROVED,APPROVED,,2026-09-11T01:24:23Z
APP000000000047,APL000000038,PARTNER,WEB,DESKTOP,2026-09-06T07:11:35Z,,2026-09-10T20:54:43Z,FUNDING_SETUP,ABANDONED,,,2026-09-10T20:54:43Z
APP000000000048,APL000000038,BUSINESS,MOBILE,MOBILE,2026-08-25T06:52:46Z,2026-08-25T09:46:55Z,2026-08-26T19:12:35Z,DECISION,APPROVED,APPROVED,,2026-08-26T19:12:35Z
APP000000000049,APL000000039,STANDARD,MOBILE,MOBILE,2026-08-23T19:29:10Z,2026-08-23T20:54:23Z,2026-08-24T06:43:46Z,DECISION,APPROVED,APPROVED,,2026-08-24T06:43:46Z
APP000000000050,APL000000040,STANDARD,WEB,DESKTOP,2026-09-16T21:58:08Z,,,PERSONAL_INFO,IN_PROGRESS,,,2026-09-16T22:30:36Z
APP000000000051,APL000000041,PREMIUM,WEB,DESKTOP,2026-09-01T05:47:45Z,2026-09-01T08:08:35Z,2026-09-03T18:43:35Z,DECISION,APPROVED,APPROVED,,2026-09-03T18:43:35Z
APP000000000052,APL000000042,STANDARD,WEB,DESKTOP,2026-06-24T19:31:33Z,2026-06-24T21:05:56Z,2026-06-25T05:11:25Z,DECISION,REJECTED,REJECTED,INELIGIBLE_REGION,2026-06-25T05:11:25Z
APP000000000053,APL000000043,PREMIUM,WEB,DESKTOP,2026-07-22T19:05:59Z,2026-07-26T16:10:24Z,2026-07-29T11:18:31Z,DECISION,REJECTED,REJECTED,INSUFFICIENT_DOCUMENTATION,2026-07-29T11:18:31Z
APP000000000054,APL000000043,STANDARD,MOBILE,MOBILE,2026-07-18T04:27:37Z,2026-07-18T07:13:53Z,2026-07-19T17:52:04Z,DECISION,APPROVED,APPROVED,,2026-07-19T17:52:04Z
APP000000000055,APL000000044,STANDARD,MOBILE,MOBILE,2026-07-21T21:00:35Z,,,IDENTITY_VERIFICATION,IN_PROGRESS,,,2026-07-21T21:49:10Z
APP000000000056,APL000000045,PARTNER,MOBILE,MOBILE,2026-08-02T07:47:32Z,,2026-08-06T20:24:14Z,DOCUMENT_UPLOAD,ABANDONED,,,2026-08-06T20:24:14Z
APP000000000057,APL000000045,STANDARD,MOBILE,MOBILE,2026-07-31T15:40:30Z,2026-07-31T18:38:52Z,2026-08-02T20:17:22Z,DECISION,APPROVED,APPROVED,,2026-08-02T20:17:22Z
APP000000000058,APL000000046,STANDARD,MOBILE,MOBILE,2026-08-15T16:14:52Z,2026-08-15T18:16:08Z,2026-08-17T21:00:11Z,DECISION,APPROVED,APPROVED,,2026-08-17T21:00:11Z
APP000000000059,APL000000046,STANDARD,WEB,DESKTOP,2026-07-28T16:34:54Z,2026-07-28T18:30:53Z,2026-07-30T02:30:19Z,DECISION,APPROVED,APPROVED,,2026-07-30T02:30:19Z
APP000000000060,APL000000046,STANDARD,WEB,DESKTOP,2026-07-28T05:26:28Z,,,DOCUMENT_UPLOAD,IN_PROGRESS,,,2026-08-02T22:21:54Z
APP000000000061,APL000000047,PARTNER,MOBILE,MOBILE,2026-08-21T15:33:00Z,,,ACCOUNT_TYPE_SELECTION,STARTED,,,2026-08-21T15:33:00Z
APP000000000062,APL000000048,STANDARD,MOBILE,MOBILE,2026-09-15T19:41:25Z,2026-09-15T22:24:43Z,2026-09-18T03:09:59Z,DECISION,ABANDONED,,,2026-09-18T03:09:59Z
APP000000000063,APL000000049,STANDARD,ASSISTED,DESKTOP,2026-08-10T02:03:58Z,2026-08-10T04:08:27Z,2026-08-12T03:52:43Z,DECISION,APPROVED,APPROVED,,2026-08-12T03:52:43Z
APP000000000064,APL000000050,STANDARD,WEB,TABLET,2026-08-22T10:17:29Z,,,PERSONAL_INFO,IN_PROGRESS,,,2026-08-22T10:37:24Z
APP000000000065,APL000000050,STANDARD,MOBILE,MOBILE,2026-08-28T02:40:57Z,2026-08-28T05:13:01Z,2026-08-29T23:54:40Z,DECISION,APPROVED,APPROVED,,2026-08-29T23:54:40Z
APP000000000066,APL000000051,STANDARD,PARTNER,DESKTOP,2026-08-29T18:39:05Z,,,IDENTITY_VERIFICATION,IN_PROGRESS,,,2026-08-29T19:24:18Z
APP000000000067,APL000000052,STANDARD,WEB,TABLET,2026-09-14T09:25:48Z,,2026-09-23T06:56:51Z,ACCOUNT_TYPE_SELECTION,ABANDONED,,,2026-09-23T06:56:51Z
APP000000000068,APL000000052,STANDARD,WEB,DESKTOP,2026-09-01T05:01:25Z,2026-09-01T06:54:59Z,2026-09-02T07:07:49Z,DECISION,APPROVED,APPROVED,,2026-09-02T07:07:49Z
APP000000000069,APL000000052,STANDARD,WEB,DESKTOP,2026-09-06T08:08:01Z,2026-09-06T10:09:24Z,2026-09-06T18:29:21Z,DECISION,APPROVED,APPROVED,,2026-09-06T18:29:21Z
APP000000000070,APL000000053,PARTNER,WEB,DESKTOP,2026-09-01T00:12:17Z,2026-09-01T02:38:56Z,2026-09-03T12:31:48Z,DECISION,APPROVED,APPROVED,,2026-09-03T12:31:48Z
APP000000000071,APL000000054,BUSINESS,ASSISTED,DESKTOP,2026-08-28T04:30:40Z,2026-08-28T06:29:34Z,2026-08-30T23:21:58Z,DECISION,REJECTED,REJECTED,DUPLICATE_APPLICATION,2026-08-30T23:21:58Z
APP000000000072,APL000000054,BUSINESS,PARTNER,OTHER,2026-06-24T08:32:42Z,2026-06-29T04:35:59Z,2026-06-30T15:25:18Z,DECISION,APPROVED,APPROVED,,2026-06-30T15:25:18Z
APP000000000073,APL000000055,STANDARD,ASSISTED,DESKTOP,2026-06-24T14:58:17Z,2026-06-24T17:44:22Z,2026-06-27T04:07:37Z,DECISION,REJECTED,REJECTED,WATCHLIST_MATCH,2026-06-27T04:07:37Z
APP000000000074,APL000000056,PARTNER,MOBILE,MOBILE,2026-08-30T03:27:43Z,2026-09-03T22:34:04Z,2026-09-05T17:42:10Z,DECISION,REJECTED,REJECTED,INSUFFICIENT_DOCUMENTATION,2026-09-05T17:42:10Z
APP000000000075,APL000000057,STANDARD,PARTNER,DESKTOP,2026-09-01T15:18:26Z,,,PERSONAL_INFO,IN_PROGRESS,,,2026-09-01T15:50:01Z
APP000000000076,APL000000057,PARTNER,WEB,DESKTOP,2026-07-28T07:22:51Z,,2026-08-02T21:00:42Z,FUNDING_SETUP,ABANDONED,,,2026-08-02T21:00:42Z
APP000000000077,APL000000057,PREMIUM,MOBILE,MOBILE,2026-08-21T06:22:08Z,2026-08-21T08:58:32Z,2026-08-24T02:42:00Z,DECISION,APPROVED,APPROVED,,2026-08-24T02:42:00Z
APP000000000078,APL000000058,STANDARD,WEB,DESKTOP,2026-08-07T19:21:58Z,2026-08-07T21:33:39Z,2026-08-09T13:00:42Z,DECISION,APPROVED,APPROVED,,2026-08-09T13:00:42Z
APP000000000079,APL000000059,PREMIUM,MOBILE,MOBILE,2026-07-20T18:20:41Z,,,FUNDING_SETUP,IN_PROGRESS,,,2026-07-20T20:22:07Z
APP000000000080,APL000000059,STANDARD,MOBILE,MOBILE,2026-08-02T15:17:37Z,2026-08-02T17:48:08Z,2026-08-05T09:29:49Z,DECISION,APPROVED,APPROVED,,2026-08-05T09:29:49Z
APP000000000081,APL000000060,STANDARD,WEB,DESKTOP,2026-09-16T05:40:15Z,,,IDENTITY_VERIFICATION,IN_PROGRESS,,,2026-09-16T06:45:07Z
APP000000000082,APL000000060,STANDARD,MOBILE,MOBILE,2026-08-16T14:57:02Z,2026-08-16T17:36:35Z,2026-08-19T05:37:32Z,DECISION,APPROVED,APPROVED,,2026-08-19T05:37:32Z
APP000000000083,APL000000061,BUSINESS,WEB,DESKTOP,2026-09-12T12:54:32Z,2026-09-12T15:09:00Z,2026-09-13T16:42:09Z,DECISION,REJECTED,REJECTED,RISK_SCORE_THRESHOLD,2026-09-13T16:42:09Z
APP000000000084,APL000000062,PARTNER,WEB,DESKTOP,2026-09-15T05:45:04Z,,2026-09-25T13:43:14Z,PERSONAL_INFO,ABANDONED,,,2026-09-25T13:43:14Z
APP000000000085,APL000000063,PARTNER,WEB,DESKTOP,2026-08-22T19:07:55Z,2026-08-22T21:19:20Z,,REVIEW,SUBMITTED,,,2026-08-22T21:19:20Z
APP000000000086,APL000000064,STANDARD,MOBILE,MOBILE,2026-07-06T21:20:50Z,2026-07-06T23:36:31Z,2026-07-09T22:56:22Z,DECISION,REJECTED,REJECTED,INELIGIBLE_REGION,2026-07-09T22:56:22Z
APP000000000087,APL000000065,PARTNER,ASSISTED,DESKTOP,2026-09-02T15:54:56Z,,,ACCOUNT_TYPE_SELECTION,IN_PROGRESS,,,2026-09-02T16:14:47Z
APP000000000088,APL000000066,PARTNER,WEB,DESKTOP,2026-07-31T20:00:26Z,,2026-08-07T17:42:26Z,IDENTITY_VERIFICATION,ABANDONED,,,2026-08-07T17:42:26Z
APP000000000089,APL000000066,PARTNER,PARTNER,DESKTOP,2026-09-06T07:30:41Z,2026-09-07T12:57:44Z,2026-09-07T18:26:57Z,DECISION,APPROVED,APPROVED,,2026-09-07T18:26:57Z
APP000000000090,APL000000066,PREMIUM,MOBILE,MOBILE,2026-09-07T03:32:55Z,2026-09-07T05:39:10Z,2026-09-10T02:03:45Z,DECISION,APPROVED,APPROVED,,2026-09-10T02:03:45Z
APP000000000091,APL000000067,PARTNER,WEB,DESKTOP,2026-08-08T17:21:47Z,2026-08-08T18:58:59Z,2026-08-10T06:52:29Z,DECISION,APPROVED,APPROVED,,2026-08-10T06:52:29Z
APP000000000092,APL000000068,STANDARD,WEB,TABLET,2026-09-03T04:24:34Z,2026-09-06T13:23:28Z,2026-09-07T18:43:24Z,DECISION,APPROVED,APPROVED,,2026-09-07T18:43:24Z
APP000000000093,APL000000068,PREMIUM,WEB,DESKTOP,2026-08-05T14:46:53Z,2026-08-05T16:46:14Z,2026-08-08T05:09:35Z,DECISION,APPROVED,APPROVED,,2026-08-08T05:09:35Z
APP000000000094,APL000000068,PREMIUM,WEB,DESKTOP,2026-08-21T22:56:44Z,,,IDENTITY_VERIFICATION,IN_PROGRESS,,,2026-08-21T23:55:22Z
APP000000000095,APL000000069,STANDARD,WEB,DESKTOP,2026-08-17T05:40:48Z,2026-08-21T00:04:12Z,2026-08-23T21:28:10Z,DECISION,APPROVED,APPROVED,,2026-08-23T21:28:10Z
APP000000000096,APL000000070,STANDARD,WEB,TABLET,2026-09-10T06:34:37Z,2026-09-13T15:14:42Z,2026-09-15T10:15:38Z,DECISION,APPROVED,APPROVED,,2026-09-15T10:15:38Z
APP000000000097,APL000000071,STANDARD,WEB,DESKTOP,2026-08-18T02:17:16Z,2026-08-18T04:24:36Z,,REVIEW,SUBMITTED,,,2026-08-18T04:24:36Z
APP000000000098,APL000000072,PREMIUM,MOBILE,MOBILE,2026-09-13T07:46:09Z,2026-09-16T00:40:54Z,2026-09-18T10:00:46Z,DECISION,APPROVED,APPROVED,,2026-09-18T10:00:46Z
APP000000000099,APL000000073,STANDARD,MOBILE,MOBILE,2026-09-01T18:16:19Z,2026-09-05T21:47:13Z,2026-09-07T01:41:00Z,DECISION,REJECTED,REJECTED,INELIGIBLE_REGION,2026-09-07T01:41:00Z
APP000000000100,APL000000074,STANDARD,WEB,DESKTOP,2026-08-27T19:31:41Z,2026-08-27T21:46:25Z,2026-08-29T13:22:05Z,DECISION,REJECTED,REJECTED,WATCHLIST_MATCH,2026-08-29T13:22:05Z
APP000000000101,APL000000075,PARTNER,MOBILE,MOBILE,2026-08-01T15:50:33Z,2026-08-01T18:03:42Z,2026-08-04T17:58:59Z,DECISION,REJECTED,REJECTED,INELIGIBLE_REGION,2026-08-04T17:58:59Z
APP000000000102,APL000000076,STANDARD,MOBILE,MOBILE,2026-09-18T20:39:56Z,2026-09-18T22:50:40Z,2026-09-21T12:06:34Z,DECISION,REJECTED,REJECTED,RISK_SCORE_THRESHOLD,2026-09-21T12:06:34Z
APP000000000103,APL000000077,STANDARD,WEB,DESKTOP,2026-08-05T08:43:09Z,2026-08-05T10:51:53Z,2026-08-06T14:29:10Z,DECISION,APPROVED,APPROVED,,2026-08-06T14:29:10Z
APP000000000104,APL000000078,STANDARD,WEB,DESKTOP,2026-06-23T11:26:39Z,2026-06-23T13:55:22Z,2026-06-24T10:42:38Z,DECISION,REJECTED,REJECTED,FAILED_IDENTITY_CHECK,2026-06-24T10:42:38Z
APP000000000105,APL000000078,PARTNER,WEB,DESKTOP,2026-09-04T04:58:09Z,2026-09-04T07:43:30Z,2026-09-05T20:52:29Z,DECISION,APPROVED,APPROVED,,2026-09-05T20:52:29Z
APP000000000106,APL000000078,STANDARD,WEB,DESKTOP,2026-09-15T08:26:56Z,2026-09-15T11:07:16Z,2026-09-17T06:17:37Z,DECISION,REJECTED,REJECTED,INELIGIBLE_REGION,2026-09-17T06:17:37Z
APP000000000107,APL000000079,STANDARD,MOBILE,MOBILE,2026-08-31T09:17:36Z,2026-09-02T21:39:39Z,2026-09-10T20:18:39Z,DECISION,ABANDONED,,,2026-09-10T20:18:39Z
APP000000000108,APL000000080,STANDARD,WEB,DESKTOP,2026-09-02T13:33:06Z,,2026-09-08T19:47:19Z,PERSONAL_INFO,ABANDONED,,,2026-09-08T19:47:19Z
APP000000000109,APL000000080,STANDARD,MOBILE,MOBILE,2026-07-23T05:24:40Z,,,ACCOUNT_TYPE_SELECTION,STARTED,,,2026-07-23T05:24:40Z
APP000000000110,APL000000081,PREMIUM,MOBILE,MOBILE,2026-08-12T18:49:15Z,2026-08-12T21:41:50Z,2026-08-14T09:50:53Z,DECISION,APPROVED,APPROVED,,2026-08-14T09:50:53Z
APP000000000111,APL000000082,PREMIUM,WEB,TABLET,2026-08-08T13:01:31Z,2026-08-08T15:22:14Z,2026-08-09T16:04:15Z,DECISION,APPROVED,APPROVED,,2026-08-09T16:04:15Z
APP000000000112,APL000000083,PARTNER,WEB,TABLET,2026-07-12T06:01:09Z,,,DOCUMENT_UPLOAD,IN_PROGRESS,,,2026-07-12T07:23:12Z
APP000000000113,APL000000084,STANDARD,MOBILE,MOBILE,2026-07-28T01:53:10Z,,2026-07-30T00:15:24Z,IDENTITY_VERIFICATION,ABANDONED,,,2026-07-30T00:15:24Z
APP000000000114,APL000000085,PARTNER,WEB,DESKTOP,2026-08-23T06:55:58Z,2026-08-25T16:59:40Z,2026-08-28T09:38:49Z,DECISION,APPROVED,APPROVED,,2026-08-28T09:38:49Z
APP000000000115,APL000000086,STANDARD,ASSISTED,OTHER,2026-08-29T17:06:08Z,,,ACCOUNT_TYPE_SELECTION,STARTED,,,2026-08-29T17:06:08Z
APP000000000116,APL000000087,PARTNER,WEB,DESKTOP,2026-08-24T18:38:17Z,2026-08-24T20:58:09Z,2026-08-27T07:44:48Z,DECISION,APPROVED,APPROVED,,2026-08-27T07:44:48Z
APP000000000117,APL000000088,PREMIUM,PARTNER,OTHER,2026-09-14T04:33:14Z,,,IDENTITY_VERIFICATION,IN_PROGRESS,,,2026-09-14T05:59:10Z
APP000000000118,APL000000089,PREMIUM,PARTNER,DESKTOP,2026-08-30T06:27:38Z,2026-08-30T09:10:20Z,2026-09-01T20:45:32Z,DECISION,APPROVED,APPROVED,,2026-09-01T20:45:32Z
APP000000000119,APL000000090,STANDARD,WEB,DESKTOP,2026-06-15T21:04:07Z,,2026-06-16T18:21:20Z,ACCOUNT_TYPE_SELECTION,ABANDONED,,,2026-06-16T18:21:20Z
APP000000000120,APL000000091,PREMIUM,MOBILE,MOBILE,2026-08-13T00:58:45Z,,,ACCOUNT_TYPE_SELECTION,STARTED,,,2026-08-13T00:58:45Z
APP000000000121,APL000000092,STANDARD,WEB,TABLET,2026-08-16T11:09:17Z,2026-08-16T14:13:42Z,2026-08-17T07:16:50Z,DECISION,APPROVED,APPROVED,,2026-08-17T07:16:50Z
APP000000000122,APL000000093,STANDARD,MOBILE,MOBILE,2026-09-02T08:04:53Z,2026-09-02T10:32:40Z,2026-09-04T02:43:09Z,DECISION,APPROVED,APPROVED,,2026-09-04T02:43:09Z
APP000000000123,APL000000094,BUSINESS,WEB,DESKTOP,2026-08-11T18:41:38Z,2026-08-11T20:46:11Z,,REVIEW,SUBMITTED,,,2026-08-11T20:46:11Z
APP000000000124,APL000000095,PREMIUM,WEB,DESKTOP,2026-09-13T21:20:13Z,2026-09-17T00:36:03Z,2026-09-18T16:56:49Z,DECISION,APPROVED,APPROVED,,2026-09-18T16:56:49Z
APP000000000125,APL000000096,PREMIUM,ASSISTED,OTHER,2026-09-12T16:08:42Z,2026-09-12T18:43:21Z,2026-09-15T11:42:17Z,DECISION,APPROVED,APPROVED,,2026-09-15T11:42:17Z
APP000000000126,APL000000097,BUSINESS,MOBILE,MOBILE,2026-07-19T06:38:15Z,,2026-07-20T05:00:56Z,PERSONAL_INFO,ABANDONED,,,2026-07-20T05:00:56Z
APP000000000127,APL000000098,STANDARD,PARTNER,DESKTOP,2026-08-15T16:35:13Z,,,ACCOUNT_TYPE_SELECTION,IN_PROGRESS,,,2026-08-15T16:37:09Z
APP000000000128,APL000000099,BUSINESS,WEB,DESKTOP,2026-09-02T03:38:47Z,2026-09-05T16:35:54Z,2026-09-08T04:32:17Z,DECISION,REJECTED,REJECTED,INELIGIBLE_REGION,2026-09-08T04:32:17Z
APP000000000129,APL000000100,STANDARD,MOBILE,MOBILE,2026-09-05T11:05:05Z,2026-09-05T13:19:55Z,,REVIEW,SUBMITTED,,,2026-09-05T13:19:55Z
APP000000000130,APL000000100,STANDARD,ASSISTED,DESKTOP,2026-08-22T02:04:32Z,2026-08-22T04:43:58Z,2026-08-22T16:30:36Z,DECISION,APPROVED,APPROVED,,2026-08-22T16:30:36Z
APP000000000131,APL000000101,PREMIUM,WEB,TABLET,2026-07-14T01:37:58Z,,2026-07-21T15:24:29Z,DOCUMENT_UPLOAD,ABANDONED,,,2026-07-21T15:24:29Z
APP000000000132,APL000000102,STANDARD,PARTNER,DESKTOP,2026-09-15T03:33:15Z,,2026-09-25T01:54:33Z,ACCOUNT_TYPE_SELECTION,ABANDONED,,,2026-09-25T01:54:33Z
APP000000000133,APL000000102,STANDARD,WEB,TABLET,2026-08-23T21:34:39Z,2026-08-23T23:45:23Z,2026-08-26T02:30:38Z,DECISION,APPROVED,APPROVED,,2026-08-26T02:30:38Z
APP000000000134,APL000000103,PREMIUM,MOBILE,MOBILE,2026-08-13T02:34:14Z,2026-08-13T04:33:27Z,2026-08-15T14:35:08Z,DECISION,APPROVED,APPROVED,,2026-08-15T14:35:08Z
APP000000000135,APL000000104,BUSINESS,WEB,DESKTOP,2026-09-04T23:01:02Z,,2026-09-12T12:33:37Z,PERSONAL_INFO,ABANDONED,,,2026-09-12T12:33:37Z
APP000000000136,APL000000105,BUSINESS,MOBILE,MOBILE,2026-08-17T07:33:19Z,2026-08-17T09:55:12Z,2026-08-20T04:59:29Z,DECISION,APPROVED,APPROVED,,2026-08-20T04:59:29Z
APP000000000137,APL000000106,BUSINESS,MOBILE,MOBILE,2026-09-13T05:56:58Z,,,ACCOUNT_TYPE_SELECTION,STARTED,,,2026-09-13T05:56:58Z
APP000000000138,APL000000107,PREMIUM,MOBILE,MOBILE,2026-07-17T05:50:32Z,,,IDENTITY_VERIFICATION,IN_PROGRESS,,,2026-07-17T07:11:36Z
APP000000000139,APL000000108,BUSINESS,WEB,DESKTOP,2026-08-09T15:12:15Z,2026-08-09T17:42:18Z,,REVIEW,SUBMITTED,,,2026-08-09T17:42:18Z
APP000000000140,APL000000109,PARTNER,ASSISTED,OTHER,2026-09-01T12:47:03Z,2026-09-02T12:24:36Z,2026-09-05T11:43:26Z,DECISION,APPROVED,APPROVED,,2026-09-05T11:43:26Z
APP000000000141,APL000000109,STANDARD,WEB,DESKTOP,2026-07-22T07:32:04Z,2026-07-22T20:54:31Z,2026-07-23T12:14:27Z,DECISION,REJECTED,REJECTED,INSUFFICIENT_DOCUMENTATION,2026-07-23T12:14:27Z
APP000000000142,APL000000110,STANDARD,WEB,DESKTOP,2026-08-21T05:09:58Z,2026-08-21T07:25:01Z,2026-08-23T03:44:12Z,DECISION,REJECTED,REJECTED,INELIGIBLE_REGION,2026-08-23T03:44:12Z
APP000000000143,APL000000111,PARTNER,WEB,DESKTOP,2026-09-18T23:10:08Z,,2026-09-25T20:13:43Z,ACCOUNT_TYPE_SELECTION,ABANDONED,,,2026-09-25T20:13:43Z
APP000000000144,APL000000111,PARTNER,ASSISTED,OTHER,2026-08-29T03:29:19Z,,,PERSONAL_INFO,IN_PROGRESS,,,2026-08-29T05:07:58Z
APP000000000145,APL000000112,PARTNER,MOBILE,MOBILE,2026-09-10T16:55:28Z,,,ACCOUNT_TYPE_SELECTION,STARTED,,,2026-09-10T16:55:28Z
APP000000000146,APL000000112,BUSINESS,WEB,DESKTOP,2026-09-10T14:33:39Z,2026-09-10T17:24:14Z,,REVIEW,SUBMITTED,,,2026-09-10T17:24:14Z
APP000000000147,APL000000112,BUSINESS,WEB,DESKTOP,2026-07-31T07:27:53Z,2026-07-31T09:43:40Z,2026-08-01T04:49:15Z,DECISION,APPROVED,APPROVED,,2026-08-01T04:49:15Z
APP000000000148,APL000000113,PREMIUM,WEB,DESKTOP,2026-09-14T06:29:41Z,2026-09-14T08:34:15Z,2026-09-16T02:00:59Z,DECISION,APPROVED,APPROVED,,2026-09-16T02:00:59Z
APP000000000149,APL000000114,STANDARD,ASSISTED,DESKTOP,2026-07-31T20:09:24Z,2026-08-01T07:50:13Z,2026-08-02T05:29:14Z,DECISION,APPROVED,APPROVED,,2026-08-02T05:29:14Z
APP000000000150,APL000000115,STANDARD,PARTNER,DESKTOP,2026-09-15T01:00:20Z,2026-09-15T03:52:53Z,2026-09-17T15:09:10Z,DECISION,REJECTED,REJECTED,INELIGIBLE_REGION,2026-09-17T15:09:10Z
APP000000000151,APL000000116,BUSINESS,MOBILE,MOBILE,2026-07-21T23:55:30Z,2026-07-22T02:32:27Z,2026-07-22T17:34:53Z,DECISION,APPROVED,APPROVED,,2026-07-22T17:34:53Z
APP000000000152,APL000000117,STANDARD,MOBILE,MOBILE,2026-08-07T22:12:29Z,,,IDENTITY_VERIFICATION,IN_PROGRESS,,,2026-08-07T23:07:25Z
APP000000000153,APL000000117,PREMIUM,MOBILE,MOBILE,2026-08-29T09:28:30Z,2026-08-29T13:09:32Z,2026-08-31T14:02:49Z,DECISION,APPROVED,APPROVED,,2026-08-31T14:02:49Z
APP000000000154,APL000000117,STANDARD,WEB,DESKTOP,2026-08-11T10:13:00Z,2026-08-11T12:59:34Z,2026-08-11T21:19:04Z,DECISION,APPROVED,APPROVED,,2026-08-11T21:19:04Z
APP000000000155,APL000000118,PREMIUM,WEB,DESKTOP,2026-07-21T00:11:40Z,2026-07-21T03:05:02Z,,REVIEW,SUBMITTED,,,2026-07-21T03:05:02Z
APP000000000156,APL000000119,STANDARD,PARTNER,DESKTOP,2026-07-29T13:16:52Z,2026-07-29T14:29:03Z,2026-08-01T14:04:24Z,DECISION,APPROVED,APPROVED,,2026-08-01T14:04:24Z
APP000000000157,APL000000120,PREMIUM,PARTNER,OTHER,2026-09-13T06:46:15Z,2026-09-21T05:01:36Z,2026-09-21T18:41:31Z,DECISION,APPROVED,APPROVED,,2026-09-21T18:41:31Z
APP000000000158,APL000000121,PARTNER,ASSISTED,OTHER,2026-09-14T06:52:56Z,,2026-09-21T12:50:52Z,IDENTITY_VERIFICATION,ABANDONED,,,2026-09-21T12:50:52Z
APP000000000159,APL000000121,PREMIUM,WEB,DESKTOP,2026-09-16T12:16:31Z,,2026-09-24T14:47:57Z,ACCOUNT_TYPE_SELECTION,ABANDONED,,,2026-09-24T14:47:57Z
APP000000000160,APL000000121,STANDARD,PARTNER,DESKTOP,2026-07-29T04:54:53Z,2026-07-31T19:04:47Z,,REVIEW,SUBMITTED,,,2026-07-31T19:04:47Z
APP000000000161,APL000000122,STANDARD,WEB,DESKTOP,2026-08-31T02:04:32Z,2026-08-31T04:37:21Z,2026-09-01T18:43:05Z,DECISION,APPROVED,APPROVED,,2026-09-01T18:43:05Z
APP000000000162,APL000000123,BUSINESS,WEB,TABLET,2026-08-05T21:48:38Z,,,PERSONAL_INFO,IN_PROGRESS,,,2026-08-05T22:10:55Z
APP000000000163,APL000000123,BUSINESS,WEB,DESKTOP,2026-08-29T12:06:27Z,2026-09-02T12:47:55Z,2026-09-04T03:44:36Z,DECISION,APPROVED,APPROVED,,2026-09-04T03:44:36Z
APP000000000164,APL000000124,PREMIUM,MOBILE,MOBILE,2026-08-04T20:46:24Z,2026-08-07T16:07:10Z,2026-08-09T08:56:18Z,DECISION,REJECTED,REJECTED,WATCHLIST_MATCH,2026-08-09T08:56:18Z
APP000000000165,APL000000125,PARTNER,PARTNER,OTHER,2026-07-06T03:10:41Z,2026-07-08T10:23:50Z,2026-07-10T05:02:50Z,DECISION,REJECTED,REJECTED,DUPLICATE_APPLICATION,2026-07-10T05:02:50Z
APP000000000166,APL000000125,PREMIUM,WEB,DESKTOP,2026-08-26T12:04:45Z,2026-08-26T14:44:18Z,2026-08-29T01:46:56Z,DECISION,APPROVED,APPROVED,,2026-08-29T01:46:56Z
APP000000000167,APL000000125,PARTNER,WEB,DESKTOP,2026-07-05T21:53:03Z,2026-07-10T07:33:05Z,2026-07-12T15:09:02Z,DECISION,APPROVED,APPROVED,,2026-07-12T15:09:02Z
APP000000000168,APL000000126,STANDARD,WEB,DESKTOP,2026-08-04T02:23:35Z,2026-08-04T04:21:51Z,2026-08-04T08:59:39Z,DECISION,REJECTED,REJECTED,WATCHLIST_MATCH,2026-08-04T08:59:39Z
APP000000000169,APL000000127,STANDARD,MOBILE,MOBILE,2026-08-26T23:47:50Z,,2026-08-31T00:41:50Z,IDENTITY_VERIFICATION,ABANDONED,,,2026-08-31T00:41:50Z
APP000000000170,APL000000128,STANDARD,PARTNER,DESKTOP,2026-08-19T20:30:31Z,2026-08-19T22:41:39Z,2026-08-22T01:34:23Z,DECISION,APPROVED,APPROVED,,2026-08-22T01:34:23Z
APP000000000171,APL000000129,PREMIUM,WEB,DESKTOP,2026-09-17T08:27:41Z,2026-09-17T11:25:02Z,2026-09-21T15:01:59Z,DECISION,ABANDONED,,,2026-09-21T15:01:59Z
APP000000000172,APL000000130,STANDARD,WEB,TABLET,2026-09-08T09:50:30Z,,2026-09-17T09:28:04Z,FUNDING_SETUP,ABANDONED,,,2026-09-17T09:28:04Z
APP000000000173,APL000000131,STANDARD,ASSISTED,DESKTOP,2026-09-02T18:03:03Z,2026-09-04T08:01:18Z,2026-09-06T07:44:23Z,DECISION,REJECTED,REJECTED,WATCHLIST_MATCH,2026-09-06T07:44:23Z
APP000000000174,APL000000132,STANDARD,MOBILE,MOBILE,2026-08-03T21:27:19Z,,,ACCOUNT_TYPE_SELECTION,IN_PROGRESS,,,2026-08-03T22:04:19Z
APP000000000175,APL000000133,STANDARD,PARTNER,DESKTOP,2026-08-29T14:49:27Z,2026-08-29T16:40:05Z,2026-09-01T16:52:29Z,DECISION,REJECTED,REJECTED,WATCHLIST_MATCH,2026-09-01T16:52:29Z
APP000000000176,APL000000134,STANDARD,MOBILE,MOBILE,2026-09-09T14:00:16Z,2026-09-09T15:52:51Z,2026-09-09T20:15:52Z,DECISION,APPROVED,APPROVED,,2026-09-09T20:15:52Z
APP000000000177,APL000000135,PREMIUM,ASSISTED,DESKTOP,2026-09-09T14:22:11Z,2026-09-14T07:51:14Z,,REVIEW,SUBMITTED,,,2026-09-14T07:51:14Z
APP000000000178,APL000000136,PARTNER,MOBILE,MOBILE,2026-07-12T19:35:56Z,2026-07-12T21:06:45Z,2026-07-15T00:24:28Z,DECISION,APPROVED,APPROVED,,2026-07-15T00:24:28Z
APP000000000179,APL000000137,PARTNER,WEB,TABLET,2026-09-10T20:50:39Z,2026-09-10T22:56:22Z,2026-09-11T20:14:37Z,DECISION,REJECTED,REJECTED,INELIGIBLE_REGION,2026-09-11T20:14:37Z
APP000000000180,APL000000138,PREMIUM,WEB,DESKTOP,2026-09-06T11:29:34Z,2026-09-06T13:47:15Z,2026-09-07T05:48:07Z,DECISION,APPROVED,APPROVED,,2026-09-07T05:48:07Z
APP000000000181,APL000000139,PREMIUM,ASSISTED,OTHER,2026-08-29T20:44:37Z,,,ACCOUNT_TYPE_SELECTION,IN_PROGRESS,,,2026-08-29T21:16:10Z
APP000000000182,APL000000140,PREMIUM,PARTNER,DESKTOP,2026-08-17T14:24:32Z,,,ACCOUNT_TYPE_SELECTION,IN_PROGRESS,,,2026-08-17T14:36:52Z
APP000000000183,APL000000141,STANDARD,MOBILE,MOBILE,2026-08-14T18:28:08Z,2026-08-14T20:27:53Z,2026-08-16T17:27:06Z,DECISION,APPROVED,APPROVED,,2026-08-16T17:27:06Z
APP000000000184,APL000000142,STANDARD,MOBILE,MOBILE,2026-09-09T16:37:11Z,2026-09-09T18:34:14Z,2026-09-11T11:11:20Z,DECISION,APPROVED,APPROVED,,2026-09-11T11:11:20Z
APP000000000185,APL000000143,PARTNER,WEB,DESKTOP,2026-08-17T19:55:42Z,2026-08-25T11:25:42Z,2026-08-25T17:33:59Z,DECISION,APPROVED,APPROVED,,2026-08-25T17:33:59Z
APP000000000186,APL000000144,BUSINESS,MOBILE,MOBILE,2026-07-25T18:43:25Z,2026-07-25T20:56:40Z,,REVIEW,SUBMITTED,,,2026-07-25T20:56:40Z
APP000000000187,APL000000144,BUSINESS,WEB,DESKTOP,2026-07-25T14:00:06Z,2026-07-25T15:39:38Z,,REVIEW,SUBMITTED,,,2026-07-25T15:39:38Z
APP000000000188,APL000000145,STANDARD,PARTNER,DESKTOP,2026-08-18T03:23:47Z,,2026-08-21T11:39:11Z,ACCOUNT_TYPE_SELECTION,ABANDONED,,,2026-08-21T11:39:11Z
APP000000000189,APL000000146,PREMIUM,MOBILE,MOBILE,2026-08-17T22:38:40Z,,,DOCUMENT_UPLOAD,IN_PROGRESS,,,2026-08-18T00:17:44Z
APP000000000190,APL000000147,PREMIUM,MOBILE,MOBILE,2026-08-30T00:42:34Z,2026-08-30T02:30:33Z,,REVIEW,SUBMITTED,,,2026-08-30T02:30:33Z
APP000000000191,APL000000148,STANDARD,MOBILE,MOBILE,2026-08-20T04:47:13Z,2026-08-20T17:54:12Z,,REVIEW,SUBMITTED,,,2026-08-20T17:54:12Z
APP000000000192,APL000000148,PARTNER,MOBILE,MOBILE,2026-09-09T05:30:37Z,,,IDENTITY_VERIFICATION,IN_PROGRESS,,,2026-09-09T06:26:17Z
APP000000000193,APL000000148,PARTNER,MOBILE,MOBILE,2026-09-18T12:19:44Z,2026-09-27T20:59:33Z,2026-09-29T01:43:26Z,DECISION,REJECTED,REJECTED,DUPLICATE_APPLICATION,2026-09-29T01:43:26Z
APP000000000194,APL000000149,STANDARD,WEB,DESKTOP,2026-07-25T17:46:45Z,2026-07-25T19:58:42Z,2026-07-28T14:33:17Z,DECISION,APPROVED,APPROVED,,2026-07-28T14:33:17Z
APP000000000195,APL000000150,PARTNER,WEB,DESKTOP,2026-09-07T00:52:05Z,,,ACCOUNT_TYPE_SELECTION,STARTED,,,2026-09-07T00:52:05Z
APP000000000196,APL000000151,STANDARD,MOBILE,MOBILE,2026-09-12T08:25:00Z,,2026-09-18T16:19:14Z,IDENTITY_VERIFICATION,ABANDONED,,,2026-09-18T16:19:14Z
APP000000000197,APL000000152,STANDARD,PARTNER,OTHER,2026-08-26T03:24:50Z,2026-08-26T05:35:24Z,2026-08-28T21:05:22Z,DECISION,APPROVED,APPROVED,,2026-08-28T21:05:22Z
APP000000000198,APL000000153,STANDARD,WEB,TABLET,2026-09-01T12:16:31Z,,,ACCOUNT_TYPE_SELECTION,STARTED,,,2026-09-01T12:16:31Z
APP000000000199,APL000000154,STANDARD,WEB,TABLET,2026-09-04T08:31:00Z,,,FUNDING_SETUP,IN_PROGRESS,,,2026-09-04T10:25:22Z
APP000000000200,APL000000155,STANDARD,WEB,TABLET,2026-08-26T15:59:13Z,2026-08-26T19:22:17Z,2026-08-28T17:13:44Z,DECISION,REJECTED,REJECTED,WATCHLIST_MATCH,2026-08-28T17:13:44Z
APP000000000201,APL000000156,PARTNER,MOBILE,MOBILE,2026-09-12T06:44:38Z,2026-09-12T08:32:03Z,2026-09-13T17:07:17Z,DECISION,REJECTED,REJECTED,DUPLICATE_APPLICATION,2026-09-13T17:07:17Z
APP000000000202,APL000000156,BUSINESS,MOBILE,MOBILE,2026-09-08T05:01:54Z,2026-09-12T09:06:50Z,2026-09-13T06:08:32Z,DECISION,APPROVED,APPROVED,,2026-09-13T06:08:32Z
APP000000000203,APL000000157,STANDARD,WEB,DESKTOP,2026-08-27T01:34:32Z,,2026-08-28T16:31:35Z,ACCOUNT_TYPE_SELECTION,ABANDONED,,,2026-08-28T16:31:35Z
APP000000000204,APL000000157,PREMIUM,MOBILE,MOBILE,2026-08-04T11:06:33Z,2026-08-13T05:55:03Z,,REVIEW,SUBMITTED,,,2026-08-13T05:55:03Z
APP000000000205,APL000000158,PREMIUM,PARTNER,DESKTOP,2026-09-01T08:06:07Z,,,PERSONAL_INFO,IN_PROGRESS,,,2026-09-04T05:16:08Z
APP000000000206,APL000000159,PARTNER,WEB,DESKTOP,2026-07-24T02:35:07Z,2026-07-24T05:10:14Z,2026-07-26T09:38:39Z,DECISION,APPROVED,APPROVED,,2026-07-26T09:38:39Z
APP000000000207,APL000000159,STANDARD,WEB,DESKTOP,2026-08-17T19:31:51Z,2026-08-17T22:23:10Z,,REVIEW,SUBMITTED,,,2026-08-17T22:23:10Z
APP000000000208,APL000000160,PARTNER,WEB,DESKTOP,2026-07-03T14:08:34Z,2026-07-03T16:40:49Z,2026-07-06T16:34:09Z,DECISION,APPROVED,APPROVED,,2026-07-06T16:34:09Z
APP000000000209,APL000000161,PARTNER,PARTNER,DESKTOP,2026-08-03T00:00:57Z,2026-08-09T00:36:37Z,2026-08-09T14:51:06Z,DECISION,REJECTED,REJECTED,RISK_SCORE_THRESHOLD,2026-08-09T14:51:06Z
APP000000000210,APL000000162,BUSINESS,WEB,DESKTOP,2026-08-12T16:37:51Z,2026-08-12T18:33:18Z,2026-08-13T12:50:07Z,DECISION,APPROVED,APPROVED,,2026-08-13T12:50:07Z
APP000000000211,APL000000162,BUSINESS,WEB,DESKTOP,2026-09-11T19:09:49Z,2026-09-11T20:33:45Z,2026-09-12T05:13:11Z,DECISION,APPROVED,APPROVED,,2026-09-12T05:13:11Z
APP000000000212,APL000000163,STANDARD,PARTNER,DESKTOP,2026-07-06T02:06:24Z,2026-07-06T04:22:21Z,2026-07-08T04:17:18Z,DECISION,REJECTED,REJECTED,INSUFFICIENT_DOCUMENTATION,2026-07-08T04:17:18Z
APP000000000213,APL000000164,PREMIUM,WEB,DESKTOP,2026-08-30T05:20:27Z,2026-08-30T07:49:58Z,2026-09-02T04:17:45Z,DECISION,REJECTED,REJECTED,WATCHLIST_MATCH,2026-09-02T04:17:45Z
APP000000000214,APL000000164,STANDARD,ASSISTED,DESKTOP,2026-08-03T09:49:10Z,2026-08-03T12:40:56Z,2026-08-05T04:48:26Z,DECISION,APPROVED,APPROVED,,2026-08-05T04:48:26Z
APP000000000215,APL000000165,PREMIUM,WEB,DESKTOP,2026-07-26T05:15:13Z,,,IDENTITY_VERIFICATION,IN_PROGRESS,,,2026-07-26T05:57:40Z
APP000000000216,APL000000166,PREMIUM,WEB,DESKTOP,2026-07-14T19:31:04Z,2026-07-14T22:10:26Z,2026-07-17T06:23:24Z,DECISION,APPROVED,APPROVED,,2026-07-17T06:23:24Z
APP000000000217,APL000000166,STANDARD,MOBILE,MOBILE,2026-09-17T14:46:02Z,2026-09-17T17:04:46Z,2026-09-20T06:58:51Z,DECISION,APPROVED,APPROVED,,2026-09-20T06:58:51Z
APP000000000218,APL000000167,PARTNER,MOBILE,MOBILE,2026-08-09T04:29:21Z,2026-08-09T06:46:50Z,2026-08-12T06:30:03Z,DECISION,APPROVED,APPROVED,,2026-08-12T06:30:03Z
APP000000000219,APL000000168,STANDARD,WEB,DESKTOP,2026-09-19T10:56:47Z,,2026-09-24T06:56:32Z,IDENTITY_VERIFICATION,ABANDONED,,,2026-09-24T06:56:32Z
APP000000000220,APL000000169,STANDARD,MOBILE,MOBILE,2026-09-12T13:31:18Z,2026-09-12T15:45:28Z,2026-09-14T14:33:16Z,DECISION,APPROVED,APPROVED,,2026-09-14T14:33:16Z
APP000000000221,APL000000170,STANDARD,WEB,DESKTOP,2026-09-08T02:22:27Z,2026-09-08T04:45:07Z,2026-09-11T04:49:38Z,DECISION,APPROVED,APPROVED,,2026-09-11T04:49:38Z
APP000000000222,APL000000170,STANDARD,WEB,DESKTOP,2026-09-18T21:41:05Z,2026-09-19T00:24:39Z,2026-09-21T20:42:35Z,DECISION,APPROVED,APPROVED,,2026-09-21T20:42:35Z
APP000000000223,APL000000171,STANDARD,WEB,DESKTOP,2026-07-25T12:43:48Z,2026-07-30T05:48:33Z,,REVIEW,SUBMITTED,,,2026-07-30T05:48:33Z
APP000000000224,APL000000171,STANDARD,MOBILE,MOBILE,2026-09-17T18:24:29Z,2026-09-17T20:36:58Z,2026-09-18T02:23:26Z,DECISION,APPROVED,APPROVED,,2026-09-18T02:23:26Z
APP000000000225,APL000000172,STANDARD,WEB,TABLET,2026-06-25T05:59:54Z,2026-07-02T18:39:40Z,2026-07-03T01:32:59Z,DECISION,REJECTED,REJECTED,INSUFFICIENT_DOCUMENTATION,2026-07-03T01:32:59Z
APP000000000226,APL000000172,PREMIUM,WEB,DESKTOP,2026-08-14T04:04:18Z,2026-08-14T06:16:37Z,2026-08-16T11:56:26Z,DECISION,REJECTED,REJECTED,DUPLICATE_APPLICATION,2026-08-16T11:56:26Z
APP000000000227,APL000000173,PARTNER,WEB,TABLET,2026-08-16T21:40:15Z,2026-08-17T00:45:00Z,2026-08-17T10:32:18Z,DECISION,APPROVED,APPROVED,,2026-08-17T10:32:18Z
APP000000000228,APL000000173,PREMIUM,MOBILE,MOBILE,2026-08-12T15:46:33Z,2026-08-12T17:35:17Z,2026-08-13T10:01:04Z,DECISION,APPROVED,APPROVED,,2026-08-13T10:01:04Z
APP000000000229,APL000000174,PARTNER,MOBILE,MOBILE,2026-08-22T13:01:44Z,,2026-08-27T12:24:11Z,ACCOUNT_TYPE_SELECTION,ABANDONED,,,2026-08-27T12:24:11Z
APP000000000230,APL000000174,PARTNER,MOBILE,MOBILE,2026-08-17T21:54:08Z,2026-08-17T23:42:26Z,2026-08-19T14:12:23Z,DECISION,APPROVED,APPROVED,,2026-08-19T14:12:23Z
APP000000000231,APL000000175,STANDARD,WEB,DESKTOP,2026-09-13T16:13:53Z,2026-09-15T08:52:53Z,2026-09-22T18:06:17Z,DECISION,ABANDONED,,,2026-09-22T18:06:17Z
APP000000000232,APL000000176,STANDARD,MOBILE,MOBILE,2026-08-29T23:20:53Z,,2026-09-07T19:58:26Z,IDENTITY_VERIFICATION,ABANDONED,,,2026-09-07T19:58:26Z
APP000000000233,APL000000177,STANDARD,PARTNER,OTHER,2026-08-04T12:05:31Z,,,PERSONAL_INFO,IN_PROGRESS,,,2026-08-04T12:35:57Z
APP000000000234,APL000000178,PARTNER,WEB,TABLET,2026-08-07T03:07:06Z,2026-08-07T05:02:42Z,2026-08-07T17:05:11Z,DECISION,REJECTED,REJECTED,RISK_SCORE_THRESHOLD,2026-08-07T17:05:11Z
APP000000000235,APL000000178,STANDARD,MOBILE,MOBILE,2026-08-05T02:55:09Z,2026-08-05T05:43:56Z,,REVIEW,SUBMITTED,,,2026-08-05T05:43:56Z
APP000000000236,APL000000178,PARTNER,MOBILE,MOBILE,2026-08-05T01:14:46Z,,,ACCOUNT_TYPE_SELECTION,STARTED,,,2026-08-05T01:14:46Z
APP000000000237,APL000000179,STANDARD,WEB,DESKTOP,2026-07-14T11:21:42Z,2026-07-14T14:12:21Z,2026-07-15T01:43:28Z,DECISION,REJECTED,REJECTED,RISK_SCORE_THRESHOLD,2026-07-15T01:43:28Z
APP000000000238,APL000000180,STANDARD,MOBILE,MOBILE,2026-09-17T10:18:12Z,,,PERSONAL_INFO,IN_PROGRESS,,,2026-09-19T09:06:08Z
APP000000000239,APL000000181,PREMIUM,WEB,DESKTOP,2026-08-24T13:35:45Z,,2026-08-30T00:13:20Z,FUNDING_SETUP,ABANDONED,,,2026-08-30T00:13:20Z
APP000000000240,APL000000182,PARTNER,PARTNER,DESKTOP,2026-08-06T22:22:46Z,2026-08-07T01:08:15Z,2026-08-09T07:08:27Z,DECISION,REJECTED,REJECTED,DUPLICATE_APPLICATION,2026-08-09T07:08:27Z
APP000000000241,APL000000183,STANDARD,PARTNER,DESKTOP,2026-09-02T21:21:54Z,2026-09-03T00:01:52Z,2026-09-05T09:33:41Z,DECISION,APPROVED,APPROVED,,2026-09-05T09:33:41Z
APP000000000242,APL000000184,PREMIUM,WEB,DESKTOP,2026-08-30T20:52:57Z,2026-09-04T14:03:28Z,2026-09-07T03:40:08Z,DECISION,APPROVED,APPROVED,,2026-09-07T03:40:08Z
APP000000000243,APL000000185,PARTNER,WEB,DESKTOP,2026-08-24T16:04:26Z,2026-08-24T18:26:25Z,2026-08-26T20:57:01Z,DECISION,APPROVED,APPROVED,,2026-08-26T20:57:01Z
APP000000000244,APL000000186,PREMIUM,WEB,DESKTOP,2026-09-02T06:36:44Z,2026-09-02T08:52:15Z,2026-09-04T11:17:05Z,DECISION,APPROVED,APPROVED,,2026-09-04T11:17:05Z
APP000000000245,APL000000187,PARTNER,WEB,DESKTOP,2026-07-12T12:47:51Z,2026-07-17T03:27:13Z,2026-07-19T01:57:08Z,DECISION,APPROVED,APPROVED,,2026-07-19T01:57:08Z
APP000000000246,APL000000188,STANDARD,ASSISTED,OTHER,2026-09-04T21:07:30Z,,2026-09-14T16:31:10Z,IDENTITY_VERIFICATION,ABANDONED,,,2026-09-14T16:31:10Z
APP000000000247,APL000000189,PREMIUM,MOBILE,MOBILE,2026-09-02T09:14:39Z,2026-09-02T11:53:08Z,2026-09-03T09:08:06Z,DECISION,REJECTED,REJECTED,WATCHLIST_MATCH,2026-09-03T09:08:06Z
APP000000000248,APL000000190,PREMIUM,ASSISTED,DESKTOP,2026-08-05T11:07:23Z,2026-08-09T15:30:44Z,2026-08-10T12:43:13Z,DECISION,APPROVED,APPROVED,,2026-08-10T12:43:13Z
APP000000000249,APL000000191,BUSINESS,WEB,DESKTOP,2026-09-18T14:32:02Z,2026-09-21T18:21:09Z,2026-09-23T08:59:21Z,DECISION,APPROVED,APPROVED,,2026-09-23T08:59:21Z
APP000000000250,APL000000192,STANDARD,WEB,DESKTOP,2026-09-03T02:33:21Z,2026-09-03T04:24:30Z,2026-09-05T09:35:26Z,DECISION,APPROVED,APPROVED,,2026-09-05T09:35:26Z
APP000000000251,APL000000193,PREMIUM,MOBILE,MOBILE,2026-08-18T22:21:11Z,2026-08-18T23:56:29Z,2026-08-21T18:51:43Z,DECISION,REJECTED,REJECTED,RISK_SCORE_THRESHOLD,2026-08-21T18:51:43Z
APP000000000252,APL000000194,STANDARD,WEB,DESKTOP,2026-08-22T14:57:33Z,2026-08-22T16:11:13Z,2026-08-22T23:07:47Z,DECISION,APPROVED,APPROVED,,2026-08-22T23:07:47Z
APP000000000253,APL000000195,STANDARD,WEB,DESKTOP,2026-09-08T00:04:40Z,,2026-09-14T18:18:34Z,DOCUMENT_UPLOAD,ABANDONED,,,2026-09-14T18:18:34Z
APP000000000254,APL000000196,STANDARD,WEB,TABLET,2026-09-09T09:20:18Z,2026-09-09T11:41:12Z,2026-09-11T09:57:25Z,DECISION,REJECTED,REJECTED,RISK_SCORE_THRESHOLD,2026-09-11T09:57:25Z
APP000000000255,APL000000196,STANDARD,PARTNER,DESKTOP,2026-08-31T01:05:17Z,2026-09-04T23:12:04Z,2026-09-05T02:01:07Z,DECISION,APPROVED,APPROVED,,2026-09-05T02:01:07Z
APP000000000256,APL000000196,STANDARD,WEB,DESKTOP,2026-09-07T16:56:34Z,2026-09-07T19:26:24Z,2026-09-10T08:19:52Z,DECISION,APPROVED,APPROVED,,2026-09-10T08:19:52Z
APP000000000257,APL000000197,STANDARD,MOBILE,MOBILE,2026-08-23T20:30:19Z,,,IDENTITY_VERIFICATION,IN_PROGRESS,,,2026-08-23T21:34:11Z
APP000000000258,APL000000198,STANDARD,WEB,TABLET,2026-07-24T12:52:56Z,,,ACCOUNT_TYPE_SELECTION,STARTED,,,2026-07-24T12:52:56Z
APP000000000259,APL000000199,PARTNER,WEB,DESKTOP,2026-08-27T16:02:51Z,2026-08-27T18:45:18Z,2026-08-29T06:20:13Z,DECISION,APPROVED,APPROVED,,2026-08-29T06:20:13Z
APP000000000260,APL000000200,PARTNER,WEB,TABLET,2026-09-18T00:15:10Z,2026-09-18T02:21:24Z,2026-09-19T21:33:34Z,DECISION,APPROVED,APPROVED,,2026-09-19T21:33:34Z
APP000000000261,APL000000201,PREMIUM,MOBILE,MOBILE,2026-08-05T23:22:20Z,2026-08-06T01:43:09Z,2026-08-08T19:06:57Z,DECISION,APPROVED,APPROVED,,2026-08-08T19:06:57Z
APP000000000262,APL000000202,STANDARD,WEB,DESKTOP,2026-08-25T04:26:52Z,2026-08-25T06:24:53Z,,REVIEW,SUBMITTED,,,2026-08-25T06:24:53Z
APP000000000263,APL000000203,STANDARD,WEB,DESKTOP,2026-07-05T11:45:08Z,2026-07-06T19:19:35Z,2026-07-09T00:07:46Z,DECISION,REJECTED,REJECTED,INELIGIBLE_REGION,2026-07-09T00:07:46Z
APP000000000264,APL000000203,PARTNER,WEB,DESKTOP,2026-07-30T12:23:35Z,,,ACCOUNT_TYPE_SELECTION,IN_PROGRESS,,,2026-07-30T12:39:53Z
APP000000000265,APL000000204,STANDARD,ASSISTED,DESKTOP,2026-08-28T13:03:20Z,2026-08-28T15:08:13Z,2026-08-29T04:39:02Z,DECISION,REJECTED,REJECTED,DUPLICATE_APPLICATION,2026-08-29T04:39:02Z
APP000000000266,APL000000205,PREMIUM,MOBILE,MOBILE,2026-09-01T23:15:54Z,2026-09-02T02:07:56Z,2026-09-02T03:42:07Z,DECISION,REJECTED,REJECTED,INELIGIBLE_REGION,2026-09-02T03:42:07Z
APP000000000267,APL000000206,STANDARD,PARTNER,DESKTOP,2026-09-13T01:21:48Z,2026-09-13T03:58:40Z,2026-09-14T10:04:26Z,DECISION,APPROVED,APPROVED,,2026-09-14T10:04:26Z
APP000000000268,APL000000207,BUSINESS,PARTNER,OTHER,2026-08-09T14:21:22Z,2026-08-09T16:23:16Z,2026-08-10T18:50:55Z,DECISION,APPROVED,APPROVED,,2026-08-10T18:50:55Z
APP000000000269,APL000000208,BUSINESS,ASSISTED,OTHER,2026-08-17T05:46:26Z,2026-08-17T07:43:15Z,2026-08-19T12:27:18Z,DECISION,APPROVED,APPROVED,,2026-08-19T12:27:18Z
APP000000000270,APL000000209,STANDARD,WEB,TABLET,2026-08-06T05:12:10Z,2026-08-06T07:16:04Z,2026-08-07T21:46:08Z,DECISION,APPROVED,APPROVED,,2026-08-07T21:46:08Z
APP000000000271,APL000000210,BUSINESS,MOBILE,MOBILE,2026-07-27T00:14:32Z,2026-07-27T02:44:40Z,2026-07-29T16:11:24Z,DECISION,APPROVED,APPROVED,,2026-07-29T16:11:24Z
APP000000000272,APL000000211,PREMIUM,WEB,TABLET,2026-09-10T03:14:00Z,2026-09-10T05:27:31Z,2026-09-11T07:48:23Z,DECISION,ABANDONED,,,2026-09-11T07:48:23Z
APP000000000273,APL000000212,BUSINESS,MOBILE,MOBILE,2026-08-24T20:17:04Z,,2026-08-29T14:28:10Z,PERSONAL_INFO,ABANDONED,,,2026-08-29T14:28:10Z
APP000000000274,APL000000213,BUSINESS,WEB,DESKTOP,2026-08-16T21:02:26Z,2026-08-16T23:24:00Z,2026-08-17T22:14:50Z,DECISION,APPROVED,APPROVED,,2026-08-17T22:14:50Z
APP000000000275,APL000000214,STANDARD,WEB,DESKTOP,2026-09-04T13:10:11Z,,2026-09-06T19:12:00Z,DOCUMENT_UPLOAD,ABANDONED,,,2026-09-06T19:12:00Z
APP000000000276,APL000000215,PARTNER,WEB,TABLET,2026-07-26T23:05:17Z,2026-07-27T00:58:31Z,2026-07-28T12:06:05Z,DECISION,APPROVED,APPROVED,,2026-07-28T12:06:05Z
APP000000000277,APL000000216,BUSINESS,MOBILE,MOBILE,2026-07-25T13:09:04Z,2026-07-25T15:54:34Z,2026-07-27T18:03:36Z,DECISION,APPROVED,APPROVED,,2026-07-27T18:03:36Z
APP000000000278,APL000000217,STANDARD,ASSISTED,OTHER,2026-08-05T00:09:24Z,2026-08-05T02:02:28Z,,REVIEW,SUBMITTED,,,2026-08-05T02:02:28Z
APP000000000279,APL000000218,PARTNER,MOBILE,MOBILE,2026-09-17T05:02:19Z,,,DOCUMENT_UPLOAD,IN_PROGRESS,,,2026-09-17T06:14:36Z
APP000000000280,APL000000219,STANDARD,MOBILE,MOBILE,2026-08-14T21:25:39Z,2026-08-14T23:51:06Z,2026-08-16T19:31:41Z,DECISION,APPROVED,APPROVED,,2026-08-16T19:31:41Z
APP000000000281,APL000000220,STANDARD,MOBILE,MOBILE,2026-09-02T03:38:15Z,,,ACCOUNT_TYPE_SELECTION,STARTED,,,2026-09-02T03:38:15Z
APP000000000282,APL000000220,STANDARD,MOBILE,MOBILE,2026-09-14T22:44:00Z,2026-09-18T04:25:44Z,2026-09-26T00:27:35Z,DECISION,ABANDONED,,,2026-09-26T00:27:35Z
APP000000000283,APL000000221,BUSINESS,WEB,DESKTOP,2026-09-18T19:02:07Z,2026-09-18T20:50:33Z,2026-09-21T06:32:44Z,DECISION,REJECTED,REJECTED,DUPLICATE_APPLICATION,2026-09-21T06:32:44Z
APP000000000284,APL000000222,STANDARD,MOBILE,MOBILE,2026-08-31T02:18:35Z,2026-08-31T04:39:42Z,2026-09-02T11:33:26Z,DECISION,APPROVED,APPROVED,,2026-09-02T11:33:26Z
APP000000000285,APL000000223,STANDARD,WEB,TABLET,2026-08-30T15:45:13Z,2026-08-30T17:46:43Z,2026-09-01T00:52:09Z,DECISION,APPROVED,APPROVED,,2026-09-01T00:52:09Z
APP000000000286,APL000000223,PARTNER,WEB,DESKTOP,2026-08-29T13:36:28Z,2026-08-29T15:54:06Z,2026-08-29T20:25:17Z,DECISION,APPROVED,APPROVED,,2026-08-29T20:25:17Z
APP000000000287,APL000000223,PREMIUM,WEB,DESKTOP,2026-08-27T06:00:27Z,2026-08-27T08:12:11Z,2026-08-27T10:33:53Z,DECISION,APPROVED,APPROVED,,2026-08-27T10:33:53Z
APP000000000288,APL000000224,PARTNER,MOBILE,MOBILE,2026-08-20T09:44:50Z,2026-08-20T11:21:03Z,2026-08-21T02:55:35Z,DECISION,APPROVED,APPROVED,,2026-08-21T02:55:35Z
APP000000000289,APL000000225,PREMIUM,WEB,DESKTOP,2026-07-23T10:01:41Z,2026-07-23T12:21:02Z,2026-07-24T15:49:29Z,DECISION,APPROVED,APPROVED,,2026-07-24T15:49:29Z
APP000000000290,APL000000226,PREMIUM,MOBILE,MOBILE,2026-07-02T17:56:43Z,2026-07-02T20:57:18Z,2026-07-04T17:48:47Z,DECISION,APPROVED,APPROVED,,2026-07-04T17:48:47Z
APP000000000291,APL000000226,BUSINESS,MOBILE,MOBILE,2026-08-06T00:41:34Z,2026-08-10T03:29:25Z,2026-08-11T08:26:54Z,DECISION,APPROVED,APPROVED,,2026-08-11T08:26:54Z
APP000000000292,APL000000226,BUSINESS,WEB,DESKTOP,2026-09-04T03:08:53Z,2026-09-04T06:08:56Z,2026-09-07T03:24:48Z,DECISION,APPROVED,APPROVED,,2026-09-07T03:24:48Z
APP000000000293,APL000000227,STANDARD,MOBILE,MOBILE,2026-08-26T06:56:11Z,2026-08-26T09:14:22Z,2026-08-28T05:03:25Z,DECISION,REJECTED,REJECTED,INELIGIBLE_REGION,2026-08-28T05:03:25Z
APP000000000294,APL000000228,STANDARD,WEB,DESKTOP,2026-09-17T20:56:51Z,2026-09-17T23:10:35Z,2026-09-19T20:49:08Z,DECISION,APPROVED,APPROVED,,2026-09-19T20:49:08Z
APP000000000295,APL000000229,PARTNER,MOBILE,MOBILE,2026-09-17T17:44:00Z,2026-09-17T19:36:25Z,2026-09-20T00:14:20Z,DECISION,APPROVED,APPROVED,,2026-09-20T00:14:20Z
APP000000000296,APL000000230,STANDARD,PARTNER,OTHER,2026-08-30T05:39:35Z,,,FUNDING_SETUP,IN_PROGRESS,,,2026-09-02T21:56:30Z
APP000000000297,APL000000231,PREMIUM,WEB,DESKTOP,2026-09-16T04:52:43Z,2026-09-16T07:39:54Z,2026-09-17T13:27:36Z,DECISION,REJECTED,REJECTED,INELIGIBLE_REGION,2026-09-17T13:27:36Z
APP000000000298,APL000000232,STANDARD,MOBILE,MOBILE,2026-09-02T06:37:08Z,2026-09-02T08:25:55Z,2026-09-04T08:52:46Z,DECISION,APPROVED,APPROVED,,2026-09-04T08:52:46Z
APP000000000299,APL000000233,BUSINESS,WEB,TABLET,2026-09-03T14:48:44Z,2026-09-03T17:31:16Z,2026-09-06T13:59:25Z,DECISION,REJECTED,REJECTED,WATCHLIST_MATCH,2026-09-06T13:59:25Z
APP000000000300,APL000000234,STANDARD,WEB,TABLET,2026-08-18T04:07:51Z,,,FUNDING_SETUP,IN_PROGRESS,,,2026-08-18T05:38:18Z
APP000000000301,APL000000235,BUSINESS,ASSISTED,DESKTOP,2026-07-23T03:14:42Z,2026-07-23T05:17:37Z,2026-07-23T09:55:56Z,DECISION,APPROVED,APPROVED,,2026-07-23T09:55:56Z
APP000000000302,APL000000235,PREMIUM,WEB,DESKTOP,2026-08-07T08:10:36Z,2026-08-07T10:29:28Z,,REVIEW,SUBMITTED,,,2026-08-07T10:29:28Z
APP000000000303,APL000000236,STANDARD,PARTNER,OTHER,2026-07-31T06:14:15Z,2026-07-31T09:24:12Z,,REVIEW,SUBMITTED,,,2026-07-31T09:24:12Z
APP000000000304,APL000000237,STANDARD,WEB,TABLET,2026-09-08T01:54:32Z,,,DOCUMENT_UPLOAD,IN_PROGRESS,,,2026-09-08T02:57:14Z
APP000000000305,APL000000238,PREMIUM,MOBILE,MOBILE,2026-08-08T02:08:05Z,,,ACCOUNT_TYPE_SELECTION,IN_PROGRESS,,,2026-08-08T02:26:59Z
APP000000000306,APL000000238,BUSINESS,WEB,DESKTOP,2026-08-04T19:03:08Z,2026-08-04T21:05:35Z,2026-08-07T06:08:13Z,DECISION,APPROVED,APPROVED,,2026-08-07T06:08:13Z
APP000000000307,APL000000239,PARTNER,WEB,TABLET,2026-08-29T08:42:59Z,2026-08-29T11:17:05Z,2026-08-29T15:29:55Z,DECISION,APPROVED,APPROVED,,2026-08-29T15:29:55Z
APP000000000308,APL000000239,STANDARD,WEB,DESKTOP,2026-09-17T21:57:50Z,2026-09-17T23:37:06Z,2026-09-19T14:22:26Z,DECISION,APPROVED,APPROVED,,2026-09-19T14:22:26Z
APP000000000309,APL000000240,STANDARD,PARTNER,DESKTOP,2026-07-07T11:48:01Z,2026-07-07T14:38:22Z,2026-07-10T03:35:51Z,DECISION,REJECTED,REJECTED,INSUFFICIENT_DOCUMENTATION,2026-07-10T03:35:51Z
APP000000000310,APL000000241,BUSINESS,MOBILE,MOBILE,2026-07-23T01:02:51Z,,2026-07-25T20:01:35Z,IDENTITY_VERIFICATION,ABANDONED,,,2026-07-25T20:01:35Z
APP000000000311,APL000000242,STANDARD,PARTNER,DESKTOP,2026-08-06T07:42:57Z,2026-08-06T09:55:13Z,2026-08-06T15:17:50Z,DECISION,APPROVED,APPROVED,,2026-08-06T15:17:50Z
APP000000000312,APL000000243,STANDARD,MOBILE,MOBILE,2026-07-06T23:09:02Z,2026-07-07T01:52:28Z,2026-07-08T11:02:42Z,DECISION,APPROVED,APPROVED,,2026-07-08T11:02:42Z
APP000000000313,APL000000244,STANDARD,MOBILE,MOBILE,2026-09-14T05:57:55Z,2026-09-14T07:51:46Z,2026-09-15T17:40:00Z,DECISION,APPROVED,APPROVED,,2026-09-15T17:40:00Z
APP000000000314,APL000000245,STANDARD,WEB,DESKTOP,2026-07-27T23:57:33Z,2026-07-30T07:51:11Z,2026-07-31T17:45:22Z,DECISION,APPROVED,APPROVED,,2026-07-31T17:45:22Z
APP000000000315,APL000000246,STANDARD,PARTNER,DESKTOP,2026-09-09T12:32:41Z,,2026-09-14T12:46:38Z,ACCOUNT_TYPE_SELECTION,ABANDONED,,,2026-09-14T12:46:38Z
APP000000000316,APL000000247,BUSINESS,PARTNER,OTHER,2026-06-26T08:53:50Z,2026-07-04T05:05:14Z,2026-07-04T07:53:35Z,DECISION,REJECTED,REJECTED,FAILED_IDENTITY_CHECK,2026-07-04T07:53:35Z
APP000000000317,APL000000248,PREMIUM,WEB,DESKTOP,2026-09-14T00:22:16Z,,,FUNDING_SETUP,IN_PROGRESS,,,2026-09-14T02:07:09Z
APP000000000318,APL000000249,BUSINESS,MOBILE,MOBILE,2026-07-31T13:49:54Z,2026-07-31T16:35:40Z,2026-08-01T11:26:43Z,DECISION,APPROVED,APPROVED,,2026-08-01T11:26:43Z
APP000000000319,APL000000250,STANDARD,PARTNER,OTHER,2026-09-13T12:24:59Z,,2026-09-23T09:00:54Z,ACCOUNT_TYPE_SELECTION,ABANDONED,,,2026-09-23T09:00:54Z
APP000000000320,APL000000251,STANDARD,WEB,TABLET,2026-09-10T17:27:03Z,2026-09-10T19:44:31Z,2026-09-12T22:57:23Z,DECISION,APPROVED,APPROVED,,2026-09-12T22:57:23Z
APP000000000321,APL000000252,STANDARD,WEB,TABLET,2026-08-15T17:18:07Z,,,ACCOUNT_TYPE_SELECTION,STARTED,,,2026-08-15T17:18:07Z
APP000000000322,APL000000252,STANDARD,MOBILE,MOBILE,2026-09-16T20:58:33Z,2026-09-16T23:24:40Z,2026-09-17T22:45:18Z,DECISION,APPROVED,APPROVED,,2026-09-17T22:45:18Z
APP000000000323,APL000000253,PREMIUM,ASSISTED,OTHER,2026-08-03T22:37:29Z,2026-08-04T01:19:07Z,2026-08-06T07:52:12Z,DECISION,APPROVED,APPROVED,,2026-08-06T07:52:12Z
APP000000000324,APL000000254,STANDARD,MOBILE,MOBILE,2026-09-13T22:03:17Z,2026-09-14T01:14:11Z,2026-09-21T02:50:19Z,DECISION,ABANDONED,,,2026-09-21T02:50:19Z
APP000000000325,APL000000254,PREMIUM,MOBILE,MOBILE,2026-09-18T03:08:18Z,,,PERSONAL_INFO,IN_PROGRESS,,,2026-09-18T03:50:14Z
APP000000000326,APL000000255,STANDARD,MOBILE,MOBILE,2026-08-06T01:44:45Z,2026-08-06T03:27:27Z,2026-08-08T16:19:34Z,DECISION,REJECTED,REJECTED,WATCHLIST_MATCH,2026-08-08T16:19:34Z
APP000000000327,APL000000256,BUSINESS,MOBILE,MOBILE,2026-09-05T01:46:01Z,2026-09-05T04:41:55Z,2026-09-05T20:31:36Z,DECISION,APPROVED,APPROVED,,2026-09-05T20:31:36Z
APP000000000328,APL000000257,PARTNER,WEB,TABLET,2026-09-07T03:39:21Z,,2026-09-14T22:22:32Z,PERSONAL_INFO,ABANDONED,,,2026-09-14T22:22:32Z
APP000000000329,APL000000258,PREMIUM,MOBILE,MOBILE,2026-07-29T07:26:32Z,2026-08-02T22:57:22Z,,REVIEW,SUBMITTED,,,2026-08-02T22:57:22Z
APP000000000330,APL000000259,PREMIUM,WEB,TABLET,2026-09-09T12:16:51Z,,,ACCOUNT_TYPE_SELECTION,STARTED,,,2026-09-09T12:16:51Z
APP000000000331,APL000000260,STANDARD,WEB,DESKTOP,2026-08-29T20:34:56Z,,2026-09-06T16:15:34Z,ACCOUNT_TYPE_SELECTION,ABANDONED,,,2026-09-06T16:15:34Z
APP000000000332,APL000000261,STANDARD,MOBILE,MOBILE,2026-08-24T12:56:09Z,2026-08-24T15:55:52Z,2026-08-25T00:26:42Z,DECISION,APPROVED,APPROVED,,2026-08-25T00:26:42Z
APP000000000333,APL000000261,STANDARD,WEB,TABLET,2026-08-29T09:53:09Z,,2026-09-06T21:53:41Z,FUNDING_SETUP,ABANDONED,,,2026-09-06T21:53:41Z
APP000000000334,APL000000262,PARTNER,MOBILE,MOBILE,2026-08-23T17:15:16Z,,,PERSONAL_INFO,IN_PROGRESS,,,2026-08-23T17:43:46Z
APP000000000335,APL000000263,PREMIUM,MOBILE,MOBILE,2026-09-01T14:51:11Z,,,PERSONAL_INFO,IN_PROGRESS,,,2026-09-01T15:11:14Z
APP000000000336,APL000000264,PREMIUM,MOBILE,MOBILE,2026-08-14T01:14:41Z,2026-08-14T02:24:22Z,2026-08-14T05:31:15Z,DECISION,REJECTED,REJECTED,INELIGIBLE_REGION,2026-08-14T05:31:15Z
APP000000000337,APL000000265,STANDARD,WEB,DESKTOP,2026-08-22T01:29:09Z,,,IDENTITY_VERIFICATION,IN_PROGRESS,,,2026-08-22T03:04:57Z
APP000000000338,APL000000266,PARTNER,WEB,DESKTOP,2026-07-25T21:39:41Z,2026-07-26T00:22:43Z,2026-07-28T03:25:59Z,DECISION,APPROVED,APPROVED,,2026-07-28T03:25:59Z
APP000000000339,APL000000267,PARTNER,WEB,DESKTOP,2026-08-26T01:15:30Z,,,ACCOUNT_TYPE_SELECTION,IN_PROGRESS,,,2026-08-26T01:24:07Z
APP000000000340,APL000000268,BUSINESS,PARTNER,DESKTOP,2026-08-26T09:20:17Z,,,ACCOUNT_TYPE_SELECTION,STARTED,,,2026-08-26T09:20:17Z
APP000000000341,APL000000268,BUSINESS,MOBILE,MOBILE,2026-08-02T05:46:02Z,,2026-08-06T08:40:28Z,DOCUMENT_UPLOAD,ABANDONED,,,2026-08-06T08:40:28Z
APP000000000342,APL000000268,BUSINESS,MOBILE,MOBILE,2026-07-25T14:02:41Z,,,ACCOUNT_TYPE_SELECTION,IN_PROGRESS,,,2026-07-25T14:36:07Z
APP000000000343,APL000000269,BUSINESS,MOBILE,MOBILE,2026-08-24T23:32:42Z,,,IDENTITY_VERIFICATION,IN_PROGRESS,,,2026-08-25T00:56:40Z
APP000000000344,APL000000270,STANDARD,MOBILE,MOBILE,2026-09-13T12:42:40Z,,,IDENTITY_VERIFICATION,IN_PROGRESS,,,2026-09-13T14:01:23Z
APP000000000345,APL000000271,STANDARD,MOBILE,MOBILE,2026-08-19T01:51:41Z,2026-08-19T03:59:10Z,2026-08-24T12:22:13Z,DECISION,ABANDONED,,,2026-08-24T12:22:13Z
APP000000000346,APL000000271,STANDARD,MOBILE,MOBILE,2026-07-12T11:43:12Z,2026-07-12T14:26:07Z,2026-07-15T06:27:56Z,DECISION,APPROVED,APPROVED,,2026-07-15T06:27:56Z
APP000000000347,APL000000271,PREMIUM,WEB,DESKTOP,2026-09-11T11:17:06Z,2026-09-11T14:02:15Z,2026-09-11T18:08:00Z,DECISION,APPROVED,APPROVED,,2026-09-11T18:08:00Z
APP000000000348,APL000000272,STANDARD,PARTNER,OTHER,2026-09-08T21:00:52Z,2026-09-08T23:33:31Z,2026-09-11T06:34:44Z,DECISION,APPROVED,APPROVED,,2026-09-11T06:34:44Z
APP000000000349,APL000000273,STANDARD,WEB,DESKTOP,2026-08-29T01:14:42Z,,,DOCUMENT_UPLOAD,IN_PROGRESS,,,2026-08-29T02:57:45Z
APP000000000350,APL000000274,STANDARD,MOBILE,MOBILE,2026-08-30T08:45:31Z,,2026-09-04T18:41:01Z,IDENTITY_VERIFICATION,ABANDONED,,,2026-09-04T18:41:01Z
APP000000000351,APL000000275,STANDARD,PARTNER,DESKTOP,2026-08-20T20:15:27Z,2026-08-20T22:29:26Z,2026-08-23T18:35:17Z,DECISION,APPROVED,APPROVED,,2026-08-23T18:35:17Z
APP000000000352,APL000000275,PARTNER,PARTNER,DESKTOP,2026-09-17T01:10:17Z,,,FUNDING_SETUP,IN_PROGRESS,,,2026-09-17T03:06:31Z
APP000000000353,APL000000276,STANDARD,WEB,DESKTOP,2026-09-06T21:20:26Z,2026-09-07T00:00:56Z,2026-09-08T02:42:54Z,DECISION,REJECTED,REJECTED,FAILED_IDENTITY_CHECK,2026-09-08T02:42:54Z
APP000000000354,APL000000277,PARTNER,WEB,DESKTOP,2026-08-30T22:43:36Z,2026-08-31T01:02:38Z,2026-09-02T08:54:19Z,DECISION,APPROVED,APPROVED,,2026-09-02T08:54:19Z
APP000000000355,APL000000278,PARTNER,ASSISTED,DESKTOP,2026-08-30T10:08:48Z,,2026-09-04T10:48:13Z,DOCUMENT_UPLOAD,ABANDONED,,,2026-09-04T10:48:13Z
APP000000000356,APL000000279,STANDARD,MOBILE,MOBILE,2026-09-12T10:33:51Z,,,PERSONAL_INFO,IN_PROGRESS,,,2026-09-12T11:28:42Z
APP000000000357,APL000000280,PARTNER,WEB,DESKTOP,2026-08-01T02:15:50Z,2026-08-03T20:16:34Z,,REVIEW,SUBMITTED,,,2026-08-03T20:16:34Z
APP000000000358,APL000000281,BUSINESS,WEB,DESKTOP,2026-06-22T01:51:35Z,,,DOCUMENT_UPLOAD,IN_PROGRESS,,,2026-06-22T03:18:51Z
APP000000000359,APL000000282,STANDARD,WEB,TABLET,2026-07-09T05:13:13Z,,2026-07-16T06:56:32Z,DOCUMENT_UPLOAD,ABANDONED,,,2026-07-16T06:56:32Z
APP000000000360,APL000000283,STANDARD,MOBILE,MOBILE,2026-08-08T07:04:28Z,2026-08-08T09:43:34Z,,REVIEW,SUBMITTED,,,2026-08-08T09:43:34Z
APP000000000361,APL000000284,STANDARD,WEB,DESKTOP,2026-09-15T18:25:50Z,2026-09-15T20:20:33Z,2026-09-18T08:31:43Z,DECISION,APPROVED,APPROVED,,2026-09-18T08:31:43Z
APP000000000362,APL000000285,STANDARD,MOBILE,MOBILE,2026-07-25T09:53:52Z,2026-07-25T12:00:48Z,2026-07-25T13:27:26Z,DECISION,APPROVED,APPROVED,,2026-07-25T13:27:26Z
APP000000000363,APL000000286,PREMIUM,MOBILE,MOBILE,2026-08-09T05:47:48Z,2026-08-09T08:22:01Z,2026-08-11T22:19:34Z,DECISION,APPROVED,APPROVED,,2026-08-11T22:19:34Z
APP000000000364,APL000000287,PREMIUM,WEB,DESKTOP,2026-09-01T17:57:21Z,2026-09-01T20:32:03Z,,REVIEW,SUBMITTED,,,2026-09-01T20:32:03Z
APP000000000365,APL000000288,PREMIUM,MOBILE,MOBILE,2026-08-22T22:04:41Z,2026-08-25T00:57:41Z,,REVIEW,SUBMITTED,,,2026-08-25T00:57:41Z
APP000000000366,APL000000288,STANDARD,WEB,TABLET,2026-09-02T11:07:15Z,2026-09-02T12:49:28Z,2026-09-02T20:37:31Z,DECISION,APPROVED,APPROVED,,2026-09-02T20:37:31Z
APP000000000367,APL000000288,PREMIUM,MOBILE,MOBILE,2026-08-23T11:03:30Z,2026-08-23T13:42:40Z,2026-08-24T02:46:21Z,DECISION,APPROVED,APPROVED,,2026-08-24T02:46:21Z
APP000000000368,APL000000289,STANDARD,MOBILE,MOBILE,2026-07-19T07:48:19Z,2026-07-19T09:21:43Z,2026-07-21T20:13:49Z,DECISION,APPROVED,APPROVED,,2026-07-21T20:13:49Z
APP000000000369,APL000000289,STANDARD,PARTNER,DESKTOP,2026-09-09T19:17:51Z,2026-09-09T22:48:08Z,2026-09-10T03:06:42Z,DECISION,APPROVED,APPROVED,,2026-09-10T03:06:42Z
APP000000000370,APL000000290,STANDARD,WEB,TABLET,2026-07-11T17:17:10Z,,,ACCOUNT_TYPE_SELECTION,IN_PROGRESS,,,2026-07-11T17:35:33Z
APP000000000371,APL000000290,PARTNER,WEB,DESKTOP,2026-07-05T00:24:56Z,2026-07-09T00:40:53Z,2026-07-11T18:18:51Z,DECISION,REJECTED,REJECTED,INSUFFICIENT_DOCUMENTATION,2026-07-11T18:18:51Z
APP000000000372,APL000000291,STANDARD,WEB,DESKTOP,2026-09-07T02:09:09Z,2026-09-07T04:05:30Z,2026-09-16T01:39:00Z,DECISION,ABANDONED,,,2026-09-16T01:39:00Z
APP000000000373,APL000000292,BUSINESS,MOBILE,MOBILE,2026-08-04T03:35:50Z,2026-08-04T06:56:14Z,2026-08-06T21:10:50Z,DECISION,APPROVED,APPROVED,,2026-08-06T21:10:50Z
APP000000000374,APL000000293,STANDARD,WEB,TABLET,2026-09-13T15:00:15Z,2026-09-13T17:26:47Z,2026-09-23T11:15:59Z,DECISION,ABANDONED,,,2026-09-23T11:15:59Z
APP000000000375,APL000000294,BUSINESS,ASSISTED,OTHER,2026-08-09T11:51:52Z,,2026-08-20T02:35:43Z,FUNDING_SETUP,ABANDONED,,,2026-08-20T02:35:43Z
APP000000000376,APL000000295,PARTNER,ASSISTED,DESKTOP,2026-07-11T16:09:23Z,2026-07-11T18:32:42Z,2026-07-14T09:08:49Z,DECISION,REJECTED,REJECTED,RISK_SCORE_THRESHOLD,2026-07-14T09:08:49Z
APP000000000377,APL000000296,STANDARD,WEB,TABLET,2026-09-01T12:40:50Z,2026-09-08T00:38:09Z,2026-09-09T20:51:39Z,DECISION,APPROVED,APPROVED,,2026-09-09T20:51:39Z
APP000000000378,APL000000297,PARTNER,WEB,DESKTOP,2026-07-08T13:47:38Z,2026-07-08T18:03:33Z,2026-07-09T08:15:20Z,DECISION,APPROVED,APPROVED,,2026-07-09T08:15:20Z
APP000000000379,APL000000298,STANDARD,MOBILE,MOBILE,2026-09-04T06:29:10Z,,2026-09-07T02:38:00Z,FUNDING_SETUP,ABANDONED,,,2026-09-07T02:38:00Z
APP000000000380,APL000000298,PARTNER,MOBILE,MOBILE,2026-08-20T09:44:22Z,2026-08-20T12:19:08Z,2026-08-21T19:44:19Z,DECISION,APPROVED,APPROVED,,2026-08-21T19:44:19Z
APP000000000381,APL000000299,BUSINESS,WEB,DESKTOP,2026-07-10T15:55:20Z,,,PERSONAL_INFO,IN_PROGRESS,,,2026-07-10T16:23:55Z
APP000000000382,APL000000299,BUSINESS,ASSISTED,DESKTOP,2026-06-30T00:27:09Z,2026-06-30T02:54:39Z,2026-07-02T11:25:05Z,DECISION,APPROVED,APPROVED,,2026-07-02T11:25:05Z
APP000000000383,APL000000299,BUSINESS,MOBILE,MOBILE,2026-09-10T07:40:29Z,2026-09-10T10:11:47Z,,REVIEW,SUBMITTED,,,2026-09-10T10:11:47Z
APP000000000384,APL000000300,PARTNER,WEB,DESKTOP,2026-07-30T08:36:08Z,2026-07-30T10:21:21Z,2026-07-30T15:33:54Z,DECISION,APPROVED,APPROVED,,2026-07-30T15:33:54Z
APP000000000385,APL000000300,PREMIUM,MOBILE,MOBILE,2026-09-16T14:51:37Z,2026-09-16T16:42:41Z,2026-09-19T02:29:49Z,DECISION,APPROVED,APPROVED,,2026-09-19T02:29:49Z
APP000000000386,APL000000300,STANDARD,MOBILE,MOBILE,2026-09-02T17:30:41Z,2026-09-05T14:00:16Z,2026-09-06T15:05:49Z,DECISION,APPROVED,APPROVED,,2026-09-06T15:05:49Z
APP000000000387,APL000000301,STANDARD,WEB,TABLET,2026-09-11T13:54:18Z,2026-09-11T16:19:17Z,2026-09-11T23:35:07Z,DECISION,REJECTED,REJECTED,INELIGIBLE_REGION,2026-09-11T23:35:07Z
APP000000000388,APL000000302,STANDARD,WEB,TABLET,2026-08-21T20:36:57Z,2026-08-21T22:35:03Z,2026-08-23T10:47:05Z,DECISION,APPROVED,APPROVED,,2026-08-23T10:47:05Z
APP000000000389,APL000000303,PREMIUM,WEB,DESKTOP,2026-08-24T15:34:22Z,2026-08-24T17:42:19Z,2026-08-26T03:56:17Z,DECISION,REJECTED,REJECTED,RISK_SCORE_THRESHOLD,2026-08-26T03:56:17Z
APP000000000390,APL000000304,STANDARD,MOBILE,MOBILE,2026-08-07T02:35:45Z,,,FUNDING_SETUP,IN_PROGRESS,,,2026-08-07T04:21:47Z
APP000000000391,APL000000305,STANDARD,WEB,DESKTOP,2026-08-14T15:01:17Z,2026-08-19T20:55:10Z,2026-08-20T01:07:37Z,DECISION,REJECTED,REJECTED,DUPLICATE_APPLICATION,2026-08-20T01:07:37Z
APP000000000392,APL000000305,PARTNER,WEB,DESKTOP,2026-09-01T06:55:46Z,2026-09-01T09:52:25Z,2026-09-04T04:56:21Z,DECISION,APPROVED,APPROVED,,2026-09-04T04:56:21Z
APP000000000393,APL000000305,STANDARD,MOBILE,MOBILE,2026-09-11T19:19:29Z,2026-09-11T22:39:55Z,2026-09-13T18:59:32Z,DECISION,APPROVED,APPROVED,,2026-09-13T18:59:32Z
APP000000000394,APL000000306,STANDARD,WEB,TABLET,2026-08-24T22:11:02Z,2026-08-25T00:48:39Z,2026-08-25T13:53:08Z,DECISION,REJECTED,REJECTED,DUPLICATE_APPLICATION,2026-08-25T13:53:08Z
APP000000000395,APL000000307,PREMIUM,WEB,DESKTOP,2026-08-22T15:30:02Z,2026-08-22T18:03:48Z,2026-08-31T12:37:32Z,DECISION,ABANDONED,,,2026-08-31T12:37:32Z
APP000000000396,APL000000307,PREMIUM,WEB,DESKTOP,2026-08-14T13:03:17Z,2026-08-14T15:06:33Z,2026-08-16T09:16:07Z,DECISION,APPROVED,APPROVED,,2026-08-16T09:16:07Z
APP000000000397,APL000000308,PARTNER,MOBILE,MOBILE,2026-08-12T03:03:51Z,2026-08-12T05:11:07Z,,REVIEW,SUBMITTED,,,2026-08-12T05:11:07Z
APP000000000398,APL000000309,PARTNER,MOBILE,MOBILE,2026-09-07T21:28:31Z,2026-09-07T23:40:43Z,2026-09-10T03:06:16Z,DECISION,APPROVED,APPROVED,,2026-09-10T03:06:16Z
APP000000000399,APL000000310,STANDARD,WEB,DESKTOP,2026-09-03T23:58:14Z,,,DOCUMENT_UPLOAD,IN_PROGRESS,,,2026-09-04T00:35:24Z
APP000000000400,APL000000311,PREMIUM,PARTNER,DESKTOP,2026-07-22T14:41:57Z,2026-07-22T17:23:05Z,2026-08-01T08:59:37Z,DECISION,ABANDONED,,,2026-08-01T08:59:37Z
APP000000000401,APL000000312,STANDARD,MOBILE,MOBILE,2026-09-14T17:45:00Z,,2026-09-20T10:20:46Z,PERSONAL_INFO,ABANDONED,,,2026-09-20T10:20:46Z
APP000000000402,APL000000313,BUSINESS,MOBILE,MOBILE,2026-07-28T06:45:45Z,2026-07-28T09:44:30Z,2026-07-29T19:38:26Z,DECISION,APPROVED,APPROVED,,2026-07-29T19:38:26Z
APP000000000403,APL000000314,STANDARD,PARTNER,DESKTOP,2026-09-07T00:51:51Z,,,ACCOUNT_TYPE_SELECTION,STARTED,,,2026-09-07T00:51:51Z
APP000000000404,APL000000315,PREMIUM,WEB,TABLET,2026-09-06T00:44:36Z,2026-09-07T16:46:39Z,2026-09-09T12:10:49Z,DECISION,REJECTED,REJECTED,WATCHLIST_MATCH,2026-09-09T12:10:49Z
APP000000000405,APL000000316,PARTNER,PARTNER,DESKTOP,2026-09-10T23:38:21Z,2026-09-15T10:36:25Z,,REVIEW,SUBMITTED,,,2026-09-15T10:36:25Z
APP000000000406,APL000000317,STANDARD,WEB,DESKTOP,2026-07-18T22:57:11Z,2026-07-19T01:28:48Z,2026-07-20T19:23:55Z,DECISION,APPROVED,APPROVED,,2026-07-20T19:23:55Z
APP000000000407,APL000000317,PREMIUM,WEB,DESKTOP,2026-07-29T12:28:44Z,2026-07-29T14:24:26Z,2026-07-31T15:29:55Z,DECISION,APPROVED,APPROVED,,2026-07-31T15:29:55Z
APP000000000408,APL000000318,STANDARD,PARTNER,DESKTOP,2026-09-01T18:05:27Z,2026-09-01T20:16:02Z,2026-09-03T20:20:00Z,DECISION,REJECTED,REJECTED,DUPLICATE_APPLICATION,2026-09-03T20:20:00Z
APP000000000409,APL000000318,STANDARD,WEB,DESKTOP,2026-09-03T04:42:25Z,,,ACCOUNT_TYPE_SELECTION,STARTED,,,2026-09-03T04:42:25Z
APP000000000410,APL000000319,STANDARD,WEB,DESKTOP,2026-09-02T08:02:10Z,2026-09-02T10:59:40Z,2026-09-05T10:10:29Z,DECISION,APPROVED,APPROVED,,2026-09-05T10:10:29Z
APP000000000411,APL000000319,PREMIUM,MOBILE,MOBILE,2026-09-02T13:42:30Z,2026-09-02T16:07:24Z,2026-09-05T01:13:21Z,DECISION,APPROVED,APPROVED,,2026-09-05T01:13:21Z
APP000000000412,APL000000320,STANDARD,MOBILE,MOBILE,2026-08-07T23:27:52Z,2026-08-08T01:54:14Z,2026-08-08T13:13:53Z,DECISION,APPROVED,APPROVED,,2026-08-08T13:13:53Z
APP000000000413,APL000000321,PREMIUM,MOBILE,MOBILE,2026-06-29T05:36:35Z,2026-07-02T18:21:40Z,2026-07-04T14:21:45Z,DECISION,REJECTED,REJECTED,RISK_SCORE_THRESHOLD,2026-07-04T14:21:45Z
APP000000000414,APL000000321,STANDARD,WEB,TABLET,2026-08-27T06:55:51Z,2026-08-27T09:40:05Z,2026-08-28T01:42:45Z,DECISION,APPROVED,APPROVED,,2026-08-28T01:42:45Z
APP000000000415,APL000000322,STANDARD,ASSISTED,DESKTOP,2026-09-18T22:38:25Z,,,IDENTITY_VERIFICATION,IN_PROGRESS,,,2026-09-18T23:19:26Z
APP000000000416,APL000000322,STANDARD,WEB,DESKTOP,2026-08-25T21:59:59Z,2026-08-25T23:47:14Z,2026-08-28T05:03:39Z,DECISION,ABANDONED,,,2026-08-28T05:03:39Z
APP000000000417,APL000000323,BUSINESS,MOBILE,MOBILE,2026-07-18T16:51:16Z,,,ACCOUNT_TYPE_SELECTION,STARTED,,,2026-07-18T16:51:16Z
APP000000000418,APL000000324,STANDARD,PARTNER,DESKTOP,2026-08-05T08:40:37Z,,,IDENTITY_VERIFICATION,IN_PROGRESS,,,2026-08-05T09:37:25Z
APP000000000419,APL000000324,STANDARD,WEB,DESKTOP,2026-08-16T21:55:12Z,2026-08-16T23:25:51Z,2026-08-19T17:05:18Z,DECISION,APPROVED,APPROVED,,2026-08-19T17:05:18Z
APP000000000420,APL000000325,STANDARD,MOBILE,MOBILE,2026-08-31T19:57:04Z,,2026-09-05T12:00:19Z,FUNDING_SETUP,ABANDONED,,,2026-09-05T12:00:19Z
APP000000000421,APL000000326,BUSINESS,WEB,DESKTOP,2026-08-19T17:42:21Z,,,ACCOUNT_TYPE_SELECTION,IN_PROGRESS,,,2026-08-19T17:45:15Z
APP000000000422,APL000000327,STANDARD,ASSISTED,DESKTOP,2026-06-18T09:37:04Z,2026-06-18T11:47:51Z,,REVIEW,SUBMITTED,,,2026-06-18T11:47:51Z
APP000000000423,APL000000327,STANDARD,MOBILE,MOBILE,2026-07-24T01:00:11Z,,2026-08-01T07:42:36Z,PERSONAL_INFO,ABANDONED,,,2026-08-01T07:42:36Z
APP000000000424,APL000000328,PARTNER,WEB,TABLET,2026-09-02T12:55:50Z,,2026-09-10T20:50:18Z,FUNDING_SETUP,ABANDONED,,,2026-09-10T20:50:18Z
APP000000000425,APL000000329,PREMIUM,ASSISTED,OTHER,2026-09-09T03:00:48Z,2026-09-11T22:38:34Z,2026-09-17T08:35:47Z,DECISION,ABANDONED,,,2026-09-17T08:35:47Z
APP000000000426,APL000000330,STANDARD,WEB,DESKTOP,2026-08-29T12:23:26Z,2026-08-29T14:57:29Z,2026-08-31T20:29:27Z,DECISION,APPROVED,APPROVED,,2026-08-31T20:29:27Z
APP000000000427,APL000000331,STANDARD,PARTNER,DESKTOP,2026-08-23T11:11:51Z,2026-08-23T12:54:47Z,2026-09-01T12:19:17Z,DECISION,ABANDONED,,,2026-09-01T12:19:17Z
APP000000000428,APL000000331,STANDARD,WEB,DESKTOP,2026-08-12T03:06:14Z,2026-08-12T05:16:25Z,2026-08-12T17:37:39Z,DECISION,APPROVED,APPROVED,,2026-08-12T17:37:39Z
APP000000000429,APL000000331,STANDARD,WEB,DESKTOP,2026-08-28T16:16:19Z,2026-08-30T21:49:22Z,,REVIEW,SUBMITTED,,,2026-08-30T21:49:22Z
APP000000000430,APL000000332,PREMIUM,WEB,DESKTOP,2026-09-02T08:04:00Z,2026-09-02T11:28:18Z,2026-09-03T14:21:05Z,DECISION,REJECTED,REJECTED,WATCHLIST_MATCH,2026-09-03T14:21:05Z
APP000000000431,APL000000333,PREMIUM,WEB,DESKTOP,2026-08-02T18:26:55Z,,2026-08-06T15:55:01Z,FUNDING_SETUP,ABANDONED,,,2026-08-06T15:55:01Z
APP000000000432,APL000000334,STANDARD,WEB,TABLET,2026-08-21T09:48:19Z,2026-08-21T12:05:50Z,2026-08-21T18:35:36Z,DECISION,APPROVED,APPROVED,,2026-08-21T18:35:36Z
APP000000000433,APL000000335,STANDARD,WEB,DESKTOP,2026-07-12T14:08:00Z,,,PERSONAL_INFO,IN_PROGRESS,,,2026-07-16T01:50:33Z
APP000000000434,APL000000336,STANDARD,MOBILE,MOBILE,2026-08-16T07:13:39Z,2026-08-16T08:35:15Z,2026-08-18T09:11:40Z,DECISION,APPROVED,APPROVED,,2026-08-18T09:11:40Z
APP000000000435,APL000000337,STANDARD,WEB,DESKTOP,2026-08-08T21:23:07Z,2026-08-08T23:25:50Z,2026-08-11T17:35:39Z,DECISION,APPROVED,APPROVED,,2026-08-11T17:35:39Z
APP000000000436,APL000000337,STANDARD,WEB,DESKTOP,2026-08-04T14:02:29Z,,2026-08-12T23:31:02Z,DOCUMENT_UPLOAD,ABANDONED,,,2026-08-12T23:31:02Z
APP000000000437,APL000000338,PREMIUM,MOBILE,MOBILE,2026-09-05T16:19:12Z,2026-09-05T18:15:52Z,,REVIEW,SUBMITTED,,,2026-09-05T18:15:52Z
APP000000000438,APL000000338,STANDARD,WEB,TABLET,2026-08-12T06:09:13Z,,2026-08-13T14:04:36Z,DOCUMENT_UPLOAD,ABANDONED,,,2026-08-13T14:04:36Z
APP000000000439,APL000000339,PARTNER,WEB,TABLET,2026-08-22T20:16:32Z,2026-08-22T22:43:34Z,2026-08-23T22:03:56Z,DECISION,REJECTED,REJECTED,INELIGIBLE_REGION,2026-08-23T22:03:56Z
APP000000000440,APL000000340,PREMIUM,WEB,DESKTOP,2026-06-20T18:55:24Z,2026-06-20T21:12:46Z,2026-06-23T05:10:30Z,DECISION,APPROVED,APPROVED,,2026-06-23T05:10:30Z
APP000000000441,APL000000341,PREMIUM,MOBILE,MOBILE,2026-09-04T23:20:21Z,2026-09-05T01:54:13Z,2026-09-05T23:18:05Z,DECISION,REJECTED,REJECTED,DUPLICATE_APPLICATION,2026-09-05T23:18:05Z
APP000000000442,APL000000342,STANDARD,MOBILE,MOBILE,2026-09-06T19:16:05Z,2026-09-06T21:47:28Z,2026-09-08T13:27:21Z,DECISION,APPROVED,APPROVED,,2026-09-08T13:27:21Z
APP000000000443,APL000000342,STANDARD,MOBILE,MOBILE,2026-09-18T22:46:56Z,,,DOCUMENT_UPLOAD,IN_PROGRESS,,,2026-09-19T00:51:00Z
APP000000000444,APL000000343,STANDARD,WEB,DESKTOP,2026-08-05T09:53:21Z,,,IDENTITY_VERIFICATION,IN_PROGRESS,,,2026-08-05T10:42:00Z
APP000000000445,APL000000344,PREMIUM,MOBILE,MOBILE,2026-08-28T10:58:02Z,,,FUNDING_SETUP,IN_PROGRESS,,,2026-08-28T13:24:40Z
APP000000000446,APL000000345,STANDARD,WEB,DESKTOP,2026-07-08T13:07:12Z,2026-07-08T16:10:23Z,,REVIEW,SUBMITTED,,,2026-07-08T16:10:23Z
APP000000000447,APL000000346,STANDARD,WEB,DESKTOP,2026-08-27T21:01:46Z,2026-08-27T23:39:15Z,2026-08-29T01:20:21Z,DECISION,APPROVED,APPROVED,,2026-08-29T01:20:21Z
APP000000000448,APL000000347,BUSINESS,WEB,DESKTOP,2026-08-05T23:05:36Z,2026-08-06T01:13:07Z,2026-08-07T06:12:24Z,DECISION,APPROVED,APPROVED,,2026-08-07T06:12:24Z
APP000000000449,APL000000348,STANDARD,MOBILE,MOBILE,2026-09-15T10:15:49Z,2026-09-15T12:02:28Z,2026-09-16T01:13:46Z,DECISION,APPROVED,APPROVED,,2026-09-16T01:13:46Z
APP000000000450,APL000000349,STANDARD,WEB,DESKTOP,2026-08-17T09:58:34Z,2026-08-23T13:46:14Z,2026-08-25T12:42:44Z,DECISION,REJECTED,REJECTED,INELIGIBLE_REGION,2026-08-25T12:42:44Z
APP000000000451,APL000000350,PARTNER,WEB,DESKTOP,2026-08-29T21:37:49Z,2026-08-30T00:27:25Z,2026-09-01T20:14:42Z,DECISION,APPROVED,APPROVED,,2026-09-01T20:14:42Z
APP000000000452,APL000000351,STANDARD,WEB,DESKTOP,2026-07-11T00:39:36Z,2026-07-11T03:08:46Z,2026-07-11T18:31:13Z,DECISION,REJECTED,REJECTED,WATCHLIST_MATCH,2026-07-11T18:31:13Z
APP000000000453,APL000000352,PREMIUM,ASSISTED,DESKTOP,2026-08-23T00:59:23Z,2026-08-23T04:26:25Z,2026-08-25T10:50:59Z,DECISION,APPROVED,APPROVED,,2026-08-25T10:50:59Z
APP000000000454,APL000000353,STANDARD,WEB,TABLET,2026-09-05T21:51:52Z,2026-09-05T23:35:24Z,2026-09-08T20:22:14Z,DECISION,APPROVED,APPROVED,,2026-09-08T20:22:14Z
APP000000000455,APL000000354,BUSINESS,MOBILE,MOBILE,2026-09-02T12:25:45Z,,2026-09-04T14:01:17Z,PERSONAL_INFO,ABANDONED,,,2026-09-04T14:01:17Z
APP000000000456,APL000000354,BUSINESS,MOBILE,MOBILE,2026-08-18T08:50:14Z,,2026-08-27T03:28:17Z,PERSONAL_INFO,ABANDONED,,,2026-08-27T03:28:17Z
APP000000000457,APL000000355,STANDARD,MOBILE,MOBILE,2026-08-27T22:27:43Z,,2026-08-30T03:23:21Z,IDENTITY_VERIFICATION,ABANDONED,,,2026-08-30T03:23:21Z
APP000000000458,APL000000356,STANDARD,MOBILE,MOBILE,2026-08-22T06:16:46Z,2026-08-22T07:55:49Z,2026-08-30T20:50:18Z,DECISION,ABANDONED,,,2026-08-30T20:50:18Z
APP000000000459,APL000000357,PREMIUM,WEB,TABLET,2026-09-11T09:39:27Z,2026-09-13T10:32:13Z,2026-09-14T15:33:16Z,DECISION,REJECTED,REJECTED,DUPLICATE_APPLICATION,2026-09-14T15:33:16Z
APP000000000460,APL000000358,PARTNER,PARTNER,OTHER,2026-09-05T08:26:28Z,2026-09-05T11:21:33Z,2026-09-07T00:57:52Z,DECISION,APPROVED,APPROVED,,2026-09-07T00:57:52Z
APP000000000461,APL000000359,PREMIUM,WEB,DESKTOP,2026-08-23T07:28:34Z,2026-08-24T04:55:57Z,2026-08-25T21:30:31Z,DECISION,REJECTED,REJECTED,DUPLICATE_APPLICATION,2026-08-25T21:30:31Z
APP000000000462,APL000000360,STANDARD,MOBILE,MOBILE,2026-08-07T06:58:57Z,,2026-08-14T15:24:31Z,ACCOUNT_TYPE_SELECTION,ABANDONED,,,2026-08-14T15:24:31Z
APP000000000463,APL000000360,PREMIUM,WEB,TABLET,2026-08-25T13:45:56Z,2026-08-25T15:52:00Z,2026-08-27T04:56:54Z,DECISION,APPROVED,APPROVED,,2026-08-27T04:56:54Z
APP000000000464,APL000000361,STANDARD,WEB,DESKTOP,2026-07-19T18:19:49Z,,,ACCOUNT_TYPE_SELECTION,STARTED,,,2026-07-19T18:19:49Z
APP000000000465,APL000000362,PREMIUM,WEB,TABLET,2026-09-08T13:04:33Z,,2026-09-21T03:04:15Z,DOCUMENT_UPLOAD,ABANDONED,,,2026-09-21T03:04:15Z
APP000000000466,APL000000363,STANDARD,MOBILE,MOBILE,2026-09-08T12:57:53Z,2026-09-08T15:08:06Z,2026-09-17T06:37:57Z,DECISION,ABANDONED,,,2026-09-17T06:37:57Z
APP000000000467,APL000000364,STANDARD,WEB,DESKTOP,2026-09-19T06:14:38Z,,2026-09-23T21:21:16Z,IDENTITY_VERIFICATION,ABANDONED,,,2026-09-23T21:21:16Z
APP000000000468,APL000000365,PREMIUM,WEB,DESKTOP,2026-08-07T09:35:24Z,2026-08-07T11:42:49Z,2026-08-10T07:04:07Z,DECISION,APPROVED,APPROVED,,2026-08-10T07:04:07Z
APP000000000469,APL000000366,STANDARD,WEB,DESKTOP,2026-09-10T19:50:10Z,2026-09-10T22:06:34Z,2026-09-13T05:33:49Z,DECISION,APPROVED,APPROVED,,2026-09-13T05:33:49Z
APP000000000470,APL000000366,PREMIUM,WEB,DESKTOP,2026-09-04T20:41:52Z,2026-09-04T23:39:01Z,2026-09-12T23:37:22Z,DECISION,ABANDONED,,,2026-09-12T23:37:22Z
APP000000000471,APL000000367,PREMIUM,WEB,TABLET,2026-09-10T07:58:53Z,,2026-09-19T17:09:47Z,PERSONAL_INFO,ABANDONED,,,2026-09-19T17:09:47Z
APP000000000472,APL000000367,PARTNER,MOBILE,MOBILE,2026-09-19T14:59:44Z,,,ACCOUNT_TYPE_SELECTION,STARTED,,,2026-09-19T14:59:44Z
APP000000000473,APL000000368,STANDARD,WEB,TABLET,2026-08-02T15:24:12Z,2026-08-02T17:22:13Z,2026-08-03T20:19:28Z,DECISION,APPROVED,APPROVED,,2026-08-03T20:19:28Z
APP000000000474,APL000000368,STANDARD,MOBILE,MOBILE,2026-09-10T18:25:17Z,2026-09-10T20:33:30Z,2026-09-11T16:19:48Z,DECISION,REJECTED,REJECTED,DUPLICATE_APPLICATION,2026-09-11T16:19:48Z
APP000000000475,APL000000369,STANDARD,WEB,DESKTOP,2026-08-23T11:42:05Z,2026-08-23T13:26:36Z,2026-08-24T19:58:39Z,DECISION,APPROVED,APPROVED,,2026-08-24T19:58:39Z
APP000000000476,APL000000370,PREMIUM,MOBILE,MOBILE,2026-08-27T18:11:58Z,2026-08-27T20:02:34Z,2026-08-29T01:17:52Z,DECISION,REJECTED,REJECTED,RISK_SCORE_THRESHOLD,2026-08-29T01:17:52Z
APP000000000477,APL000000371,BUSINESS,PARTNER,OTHER,2026-08-31T00:37:50Z,,2026-09-03T16:27:03Z,DOCUMENT_UPLOAD,ABANDONED,,,2026-09-03T16:27:03Z
APP000000000478,APL000000372,BUSINESS,WEB,DESKTOP,2026-09-12T06:24:14Z,2026-09-16T23:01:23Z,,REVIEW,SUBMITTED,,,2026-09-16T23:01:23Z
APP000000000479,APL000000373,BUSINESS,MOBILE,MOBILE,2026-09-19T04:07:39Z,2026-09-27T10:27:40Z,2026-09-30T01:25:48Z,DECISION,APPROVED,APPROVED,,2026-09-30T01:25:48Z
APP000000000480,APL000000374,STANDARD,WEB,TABLET,2026-08-24T19:37:36Z,,2026-09-01T05:54:27Z,PERSONAL_INFO,ABANDONED,,,2026-09-01T05:54:27Z
APP000000000481,APL000000375,STANDARD,WEB,TABLET,2026-08-15T05:52:56Z,2026-08-15T07:37:52Z,2026-08-16T06:58:19Z,DECISION,APPROVED,APPROVED,,2026-08-16T06:58:19Z
APP000000000482,APL000000376,STANDARD,PARTNER,DESKTOP,2026-08-22T04:24:09Z,2026-08-28T14:12:57Z,,REVIEW,SUBMITTED,,,2026-08-28T14:12:57Z
APP000000000483,APL000000377,STANDARD,MOBILE,MOBILE,2026-08-02T13:47:13Z,,,FUNDING_SETUP,IN_PROGRESS,,,2026-08-02T16:00:07Z
APP000000000484,APL000000377,STANDARD,WEB,TABLET,2026-07-11T08:21:21Z,2026-07-11T10:59:20Z,2026-07-13T02:12:59Z,DECISION,APPROVED,APPROVED,,2026-07-13T02:12:59Z
APP000000000485,APL000000378,PREMIUM,MOBILE,MOBILE,2026-09-07T14:59:42Z,,2026-09-12T10:47:56Z,IDENTITY_VERIFICATION,ABANDONED,,,2026-09-12T10:47:56Z
APP000000000486,APL000000379,STANDARD,MOBILE,MOBILE,2026-09-09T01:10:44Z,,2026-09-11T19:13:10Z,DOCUMENT_UPLOAD,ABANDONED,,,2026-09-11T19:13:10Z
APP000000000487,APL000000380,PREMIUM,WEB,DESKTOP,2026-09-03T11:49:55Z,2026-09-03T14:06:21Z,2026-09-03T16:38:08Z,DECISION,APPROVED,APPROVED,,2026-09-03T16:38:08Z
APP000000000488,APL000000381,PARTNER,MOBILE,MOBILE,2026-08-15T16:03:41Z,2026-08-15T19:14:14Z,2026-08-16T15:58:39Z,DECISION,APPROVED,APPROVED,,2026-08-16T15:58:39Z
APP000000000489,APL000000382,PREMIUM,MOBILE,MOBILE,2026-09-10T01:17:25Z,2026-09-10T03:21:06Z,2026-09-11T05:29:21Z,DECISION,APPROVED,APPROVED,,2026-09-11T05:29:21Z
APP000000000490,APL000000383,PARTNER,MOBILE,MOBILE,2026-08-06T13:44:17Z,2026-08-11T15:24:47Z,2026-08-12T15:05:47Z,DECISION,APPROVED,APPROVED,,2026-08-12T15:05:47Z
APP000000000491,APL000000384,STANDARD,WEB,DESKTOP,2026-09-03T02:06:54Z,2026-09-03T05:11:55Z,2026-09-05T21:40:19Z,DECISION,APPROVED,APPROVED,,2026-09-05T21:40:19Z
APP000000000492,APL000000385,PREMIUM,PARTNER,DESKTOP,2026-08-27T04:27:27Z,,2026-09-05T00:16:09Z,IDENTITY_VERIFICATION,ABANDONED,,,2026-09-05T00:16:09Z
APP000000000493,APL000000386,PREMIUM,MOBILE,MOBILE,2026-07-16T09:48:34Z,2026-07-16T12:23:16Z,2026-07-17T03:13:03Z,DECISION,REJECTED,REJECTED,DUPLICATE_APPLICATION,2026-07-17T03:13:03Z
APP000000000494,APL000000386,STANDARD,MOBILE,MOBILE,2026-08-29T22:14:16Z,2026-08-29T23:33:18Z,2026-08-31T20:39:14Z,DECISION,APPROVED,APPROVED,,2026-08-31T20:39:14Z
APP000000000495,APL000000387,STANDARD,WEB,DESKTOP,2026-08-08T01:32:27Z,,,FUNDING_SETUP,IN_PROGRESS,,,2026-08-08T03:28:42Z
APP000000000496,APL000000388,STANDARD,WEB,DESKTOP,2026-09-11T10:19:40Z,2026-09-11T13:12:00Z,2026-09-13T23:56:59Z,DECISION,APPROVED,APPROVED,,2026-09-13T23:56:59Z
APP000000000497,APL000000388,STANDARD,PARTNER,DESKTOP,2026-07-25T03:54:16Z,2026-07-25T05:45:50Z,2026-07-29T14:09:44Z,DECISION,ABANDONED,,,2026-07-29T14:09:44Z
APP000000000498,APL000000389,STANDARD,MOBILE,MOBILE,2026-07-22T07:01:29Z,2026-07-22T08:47:22Z,2026-07-22T13:52:07Z,DECISION,REJECTED,REJECTED,FAILED_IDENTITY_CHECK,2026-07-22T13:52:07Z
APP000000000499,APL000000390,PREMIUM,WEB,TABLET,2026-07-27T22:01:06Z,2026-07-28T00:02:34Z,2026-07-30T14:53:16Z,DECISION,APPROVED,APPROVED,,2026-07-30T14:53:16Z
APP000000000500,APL000000391,STANDARD,WEB,TABLET,2026-08-30T09:38:30Z,2026-08-30T11:20:34Z,2026-08-30T20:03:50Z,DECISION,REJECTED,REJECTED,RISK_SCORE_THRESHOLD,2026-08-30T20:03:50Z
APP000000000501,APL000000391,STANDARD,WEB,DESKTOP,2026-08-05T16:34:27Z,2026-08-05T19:19:59Z,2026-08-08T01:29:36Z,DECISION,APPROVED,APPROVED,,2026-08-08T01:29:36Z
APP000000000502,APL000000392,STANDARD,PARTNER,DESKTOP,2026-08-24T12:22:08Z,,,ACCOUNT_TYPE_SELECTION,STARTED,,,2026-08-24T12:22:08Z
APP000000000503,APL000000392,PREMIUM,MOBILE,MOBILE,2026-08-23T21:09:58Z,2026-08-24T00:19:38Z,2026-08-24T04:00:26Z,DECISION,APPROVED,APPROVED,,2026-08-24T04:00:26Z
APP000000000504,APL000000393,PREMIUM,MOBILE,MOBILE,2026-09-17T16:47:53Z,2026-09-17T19:19:11Z,2026-09-17T21:36:27Z,DECISION,APPROVED,APPROVED,,2026-09-17T21:36:27Z
APP000000000505,APL000000394,STANDARD,MOBILE,MOBILE,2026-08-28T07:04:26Z,,2026-08-29T20:51:35Z,PERSONAL_INFO,ABANDONED,,,2026-08-29T20:51:35Z
APP000000000506,APL000000395,PARTNER,MOBILE,MOBILE,2026-08-22T02:04:25Z,2026-08-22T05:07:36Z,2026-08-31T05:16:25Z,DECISION,ABANDONED,,,2026-08-31T05:16:25Z
APP000000000507,APL000000395,STANDARD,MOBILE,MOBILE,2026-08-04T22:51:54Z,,,FUNDING_SETUP,IN_PROGRESS,,,2026-08-09T13:39:56Z
APP000000000508,APL000000396,PREMIUM,MOBILE,MOBILE,2026-09-16T11:23:22Z,2026-09-16T13:49:27Z,2026-09-19T08:35:33Z,DECISION,APPROVED,APPROVED,,2026-09-19T08:35:33Z
APP000000000509,APL000000397,STANDARD,WEB,DESKTOP,2026-08-30T01:28:51Z,,2026-09-06T17:54:36Z,FUNDING_SETUP,ABANDONED,,,2026-09-06T17:54:36Z
APP000000000510,APL000000398,PARTNER,WEB,DESKTOP,2026-09-11T05:36:37Z,2026-09-11T08:37:03Z,2026-09-12T19:48:47Z,DECISION,REJECTED,REJECTED,RISK_SCORE_THRESHOLD,2026-09-12T19:48:47Z
APP000000000511,APL000000399,STANDARD,MOBILE,MOBILE,2026-09-09T10:45:56Z,2026-09-13T08:02:44Z,2026-09-13T13:36:07Z,DECISION,REJECTED,REJECTED,INELIGIBLE_REGION,2026-09-13T13:36:07Z
APP000000000512,APL000000400,STANDARD,MOBILE,MOBILE,2026-06-24T03:08:19Z,2026-06-29T03:27:40Z,2026-06-30T23:15:22Z,DECISION,APPROVED,APPROVED,,2026-06-30T23:15:22Z
APP000000000513,APL000000401,PREMIUM,ASSISTED,OTHER,2026-08-28T06:06:54Z,2026-09-05T22:31:15Z,2026-09-08T00:16:26Z,DECISION,REJECTED,REJECTED,DUPLICATE_APPLICATION,2026-09-08T00:16:26Z
APP000000000514,APL000000401,PREMIUM,WEB,DESKTOP,2026-08-17T22:43:31Z,,2026-08-24T22:45:11Z,DOCUMENT_UPLOAD,ABANDONED,,,2026-08-24T22:45:11Z
APP000000000515,APL000000402,STANDARD,MOBILE,MOBILE,2026-08-25T17:47:11Z,,2026-09-02T10:01:39Z,DOCUMENT_UPLOAD,ABANDONED,,,2026-09-02T10:01:39Z
APP000000000516,APL000000403,BUSINESS,ASSISTED,OTHER,2026-08-08T15:55:00Z,,,ACCOUNT_TYPE_SELECTION,IN_PROGRESS,,,2026-08-08T15:57:23Z
APP000000000517,APL000000404,STANDARD,WEB,DESKTOP,2026-06-24T17:14:41Z,2026-06-24T19:50:57Z,2026-06-25T20:28:18Z,DECISION,REJECTED,REJECTED,INELIGIBLE_REGION,2026-06-25T20:28:18Z
APP000000000518,APL000000405,STANDARD,WEB,DESKTOP,2026-08-28T15:30:16Z,,2026-09-03T17:27:36Z,FUNDING_SETUP,ABANDONED,,,2026-09-03T17:27:36Z
APP000000000519,APL000000406,BUSINESS,WEB,DESKTOP,2026-09-09T18:03:19Z,2026-09-09T21:05:52Z,2026-09-12T19:48:44Z,DECISION,REJECTED,REJECTED,INELIGIBLE_REGION,2026-09-12T19:48:44Z
APP000000000520,APL000000406,BUSINESS,WEB,DESKTOP,2026-09-13T06:58:52Z,2026-09-13T16:00:02Z,2026-09-16T09:25:04Z,DECISION,APPROVED,APPROVED,,2026-09-16T09:25:04Z
APP000000000521,APL000000407,STANDARD,WEB,DESKTOP,2026-09-03T21:44:49Z,,2026-09-09T11:17:52Z,ACCOUNT_TYPE_SELECTION,ABANDONED,,,2026-09-09T11:17:52Z
APP000000000522,APL000000408,PREMIUM,WEB,TABLET,2026-07-12T08:44:37Z,2026-07-12T12:20:40Z,2026-07-13T20:22:18Z,DECISION,APPROVED,APPROVED,,2026-07-13T20:22:18Z
APP000000000523,APL000000408,PARTNER,WEB,DESKTOP,2026-07-26T16:35:59Z,2026-07-30T20:25:11Z,2026-08-01T07:08:25Z,DECISION,APPROVED,APPROVED,,2026-08-01T07:08:25Z
APP000000000524,APL000000409,PREMIUM,PARTNER,OTHER,2026-09-14T12:24:24Z,2026-09-16T05:15:40Z,2026-09-25T12:49:41Z,DECISION,ABANDONED,,,2026-09-25T12:49:41Z
APP000000000525,APL000000410,PREMIUM,MOBILE,MOBILE,2026-07-03T00:40:03Z,2026-07-03T03:06:38Z,,REVIEW,SUBMITTED,,,2026-07-03T03:06:38Z
APP000000000526,APL000000411,PARTNER,WEB,DESKTOP,2026-08-30T13:24:20Z,2026-08-30T14:56:15Z,2026-08-30T17:30:39Z,DECISION,APPROVED,APPROVED,,2026-08-30T17:30:39Z
APP000000000527,APL000000412,STANDARD,MOBILE,MOBILE,2026-07-30T18:07:08Z,2026-07-30T20:24:37Z,2026-08-01T17:45:43Z,DECISION,APPROVED,APPROVED,,2026-08-01T17:45:43Z
APP000000000528,APL000000413,STANDARD,MOBILE,MOBILE,2026-07-24T01:46:21Z,,,FUNDING_SETUP,IN_PROGRESS,,,2026-07-24T03:28:41Z
APP000000000529,APL000000414,STANDARD,MOBILE,MOBILE,2026-09-11T01:00:06Z,,,DOCUMENT_UPLOAD,IN_PROGRESS,,,2026-09-14T05:59:26Z
APP000000000530,APL000000415,STANDARD,WEB,DESKTOP,2026-09-16T16:41:27Z,,,PERSONAL_INFO,IN_PROGRESS,,,2026-09-16T17:04:49Z
APP000000000531,APL000000416,PARTNER,MOBILE,MOBILE,2026-09-08T20:10:46Z,2026-09-08T22:44:16Z,2026-09-11T18:30:41Z,DECISION,ABANDONED,,,2026-09-11T18:30:41Z
APP000000000532,APL000000417,STANDARD,WEB,DESKTOP,2026-09-09T17:56:18Z,2026-09-14T05:45:55Z,2026-09-15T06:02:59Z,DECISION,REJECTED,REJECTED,FAILED_IDENTITY_CHECK,2026-09-15T06:02:59Z
APP000000000533,APL000000418,STANDARD,PARTNER,DESKTOP,2026-07-28T04:39:29Z,,,IDENTITY_VERIFICATION,IN_PROGRESS,,,2026-07-28T05:19:02Z
APP000000000534,APL000000419,BUSINESS,WEB,TABLET,2026-08-21T10:48:30Z,,2026-08-29T10:22:52Z,IDENTITY_VERIFICATION,ABANDONED,,,2026-08-29T10:22:52Z
APP000000000535,APL000000420,STANDARD,WEB,DESKTOP,2026-08-01T13:58:00Z,,,DOCUMENT_UPLOAD,IN_PROGRESS,,,2026-08-01T14:58:51Z
APP000000000536,APL000000421,BUSINESS,PARTNER,DESKTOP,2026-08-20T13:02:36Z,2026-08-20T15:22:22Z,,REVIEW,SUBMITTED,,,2026-08-20T15:22:22Z
APP000000000537,APL000000422,PARTNER,WEB,DESKTOP,2026-09-16T09:19:01Z,,,ACCOUNT_TYPE_SELECTION,STARTED,,,2026-09-16T09:19:01Z
APP000000000538,APL000000423,STANDARD,MOBILE,MOBILE,2026-08-29T02:00:06Z,,,IDENTITY_VERIFICATION,IN_PROGRESS,,,2026-08-29T03:10:57Z
APP000000000539,APL000000424,PREMIUM,MOBILE,MOBILE,2026-09-12T07:43:25Z,2026-09-12T09:52:15Z,2026-09-14T05:29:22Z,DECISION,APPROVED,APPROVED,,2026-09-14T05:29:22Z
APP000000000540,APL000000425,STANDARD,MOBILE,MOBILE,2026-07-27T01:37:50Z,2026-07-29T06:09:44Z,2026-07-29T16:32:41Z,DECISION,APPROVED,APPROVED,,2026-07-29T16:32:41Z
APP000000000541,APL000000426,PARTNER,WEB,DESKTOP,2026-07-26T04:14:01Z,,,ACCOUNT_TYPE_SELECTION,IN_PROGRESS,,,2026-07-26T04:25:27Z
APP000000000542,APL000000427,PARTNER,WEB,DESKTOP,2026-06-29T14:33:55Z,2026-06-29T16:58:59Z,,REVIEW,SUBMITTED,,,2026-06-29T16:58:59Z
APP000000000543,APL000000428,BUSINESS,MOBILE,MOBILE,2026-08-24T09:43:35Z,,2026-09-02T02:18:07Z,ACCOUNT_TYPE_SELECTION,ABANDONED,,,2026-09-02T02:18:07Z
APP000000000544,APL000000429,BUSINESS,MOBILE,MOBILE,2026-07-20T09:39:36Z,2026-07-25T16:48:30Z,2026-07-25T18:18:34Z,DECISION,APPROVED,APPROVED,,2026-07-25T18:18:34Z
APP000000000545,APL000000430,STANDARD,WEB,DESKTOP,2026-08-18T20:43:46Z,,,ACCOUNT_TYPE_SELECTION,IN_PROGRESS,,,2026-08-18T20:55:05Z
APP000000000546,APL000000431,PREMIUM,MOBILE,MOBILE,2026-09-12T10:48:33Z,2026-09-12T14:25:59Z,2026-09-14T22:28:18Z,DECISION,APPROVED,APPROVED,,2026-09-14T22:28:18Z
APP000000000547,APL000000432,STANDARD,WEB,DESKTOP,2026-08-25T01:39:00Z,2026-08-25T03:55:40Z,2026-09-01T23:18:58Z,DECISION,ABANDONED,,,2026-09-01T23:18:58Z
APP000000000548,APL000000433,BUSINESS,ASSISTED,OTHER,2026-08-06T10:03:07Z,2026-08-06T12:12:18Z,2026-08-07T09:14:06Z,DECISION,APPROVED,APPROVED,,2026-08-07T09:14:06Z
APP000000000549,APL000000434,STANDARD,WEB,TABLET,2026-09-18T19:36:35Z,2026-09-24T08:51:07Z,2026-09-25T19:46:48Z,DECISION,APPROVED,APPROVED,,2026-09-25T19:46:48Z
APP000000000550,APL000000435,STANDARD,MOBILE,MOBILE,2026-07-21T14:19:55Z,,,IDENTITY_VERIFICATION,IN_PROGRESS,,,2026-07-21T15:15:02Z
APP000000000551,APL000000436,STANDARD,WEB,DESKTOP,2026-09-02T00:21:58Z,2026-09-02T02:32:41Z,2026-09-04T05:52:48Z,DECISION,APPROVED,APPROVED,,2026-09-04T05:52:48Z
APP000000000552,APL000000437,STANDARD,MOBILE,MOBILE,2026-09-09T17:43:18Z,,2026-09-16T08:58:04Z,IDENTITY_VERIFICATION,ABANDONED,,,2026-09-16T08:58:04Z
APP000000000553,APL000000438,STANDARD,WEB,TABLET,2026-09-06T19:50:21Z,,,DOCUMENT_UPLOAD,IN_PROGRESS,,,2026-09-06T21:22:44Z
APP000000000554,APL000000438,STANDARD,MOBILE,MOBILE,2026-09-05T22:10:57Z,,,ACCOUNT_TYPE_SELECTION,IN_PROGRESS,,,2026-09-05T22:30:46Z
APP000000000555,APL000000439,BUSINESS,WEB,DESKTOP,2026-09-01T02:18:43Z,2026-09-01T04:24:00Z,,REVIEW,SUBMITTED,,,2026-09-01T04:24:00Z
APP000000000556,APL000000439,BUSINESS,MOBILE,MOBILE,2026-07-05T10:32:37Z,2026-07-05T13:09:45Z,2026-07-07T07:28:09Z,DECISION,APPROVED,APPROVED,,2026-07-07T07:28:09Z
APP000000000557,APL000000439,BUSINESS,ASSISTED,OTHER,2026-08-13T07:39:03Z,2026-08-13T09:51:37Z,2026-08-14T21:12:53Z,DECISION,APPROVED,APPROVED,,2026-08-14T21:12:53Z
APP000000000558,APL000000440,STANDARD,MOBILE,MOBILE,2026-08-09T15:36:06Z,2026-08-09T18:29:41Z,2026-08-10T09:33:22Z,DECISION,APPROVED,APPROVED,,2026-08-10T09:33:22Z
APP000000000559,APL000000441,PREMIUM,MOBILE,MOBILE,2026-08-20T11:11:29Z,2026-08-20T13:31:26Z,2026-08-21T20:37:24Z,DECISION,REJECTED,REJECTED,WATCHLIST_MATCH,2026-08-21T20:37:24Z
APP000000000560,APL000000442,STANDARD,MOBILE,MOBILE,2026-09-06T00:10:22Z,2026-09-07T04:21:10Z,,REVIEW,SUBMITTED,,,2026-09-07T04:21:10Z
APP000000000561,APL000000442,PREMIUM,WEB,DESKTOP,2026-09-07T05:24:29Z,2026-09-07T07:35:28Z,2026-09-09T14:26:35Z,DECISION,APPROVED,APPROVED,,2026-09-09T14:26:35Z
APP000000000562,APL000000443,PARTNER,MOBILE,MOBILE,2026-09-12T16:58:51Z,2026-09-16T07:33:45Z,2026-09-18T18:11:22Z,DECISION,APPROVED,APPROVED,,2026-09-18T18:11:22Z
APP000000000563,APL000000443,STANDARD,WEB,TABLET,2026-08-04T19:30:05Z,2026-08-04T21:51:58Z,2026-08-05T08:36:32Z,DECISION,APPROVED,APPROVED,,2026-08-05T08:36:32Z
APP000000000564,APL000000444,PARTNER,PARTNER,OTHER,2026-07-17T04:04:25Z,2026-07-22T06:51:48Z,2026-07-27T10:53:24Z,DECISION,ABANDONED,,,2026-07-27T10:53:24Z
APP000000000565,APL000000445,STANDARD,WEB,DESKTOP,2026-08-16T04:25:55Z,2026-08-16T07:06:08Z,,REVIEW,SUBMITTED,,,2026-08-16T07:06:08Z
APP000000000566,APL000000445,PARTNER,WEB,DESKTOP,2026-09-07T01:04:28Z,2026-09-07T03:58:48Z,,REVIEW,SUBMITTED,,,2026-09-07T03:58:48Z
APP000000000567,APL000000445,PREMIUM,WEB,DESKTOP,2026-09-16T11:56:10Z,2026-09-16T14:35:08Z,2026-09-17T12:40:57Z,DECISION,APPROVED,APPROVED,,2026-09-17T12:40:57Z
APP000000000568,APL000000446,STANDARD,WEB,DESKTOP,2026-09-04T07:40:14Z,2026-09-04T10:07:05Z,2026-09-05T10:34:23Z,DECISION,APPROVED,APPROVED,,2026-09-05T10:34:23Z
APP000000000569,APL000000447,STANDARD,MOBILE,MOBILE,2026-09-08T22:09:44Z,2026-09-09T01:48:32Z,2026-09-10T01:41:29Z,DECISION,APPROVED,APPROVED,,2026-09-10T01:41:29Z
APP000000000570,APL000000448,PREMIUM,WEB,DESKTOP,2026-09-06T01:14:42Z,2026-09-06T03:16:15Z,2026-09-06T15:31:48Z,DECISION,APPROVED,APPROVED,,2026-09-06T15:31:48Z
APP000000000571,APL000000449,BUSINESS,ASSISTED,DESKTOP,2026-09-12T22:12:33Z,2026-09-13T01:03:39Z,2026-09-15T00:38:42Z,DECISION,REJECTED,REJECTED,FAILED_IDENTITY_CHECK,2026-09-15T00:38:42Z
APP000000000572,APL000000450,STANDARD,MOBILE,MOBILE,2026-09-18T11:50:13Z,,2026-09-27T00:55:49Z,IDENTITY_VERIFICATION,ABANDONED,,,2026-09-27T00:55:49Z
APP000000000573,APL000000450,STANDARD,PARTNER,DESKTOP,2026-09-13T16:29:17Z,2026-09-13T18:15:39Z,,REVIEW,SUBMITTED,,,2026-09-13T18:15:39Z
APP000000000574,APL000000451,STANDARD,WEB,DESKTOP,2026-08-11T19:50:57Z,,,ACCOUNT_TYPE_SELECTION,STARTED,,,2026-08-11T19:50:57Z
APP000000000575,APL000000452,PREMIUM,WEB,DESKTOP,2026-08-03T11:00:21Z,2026-08-06T18:09:21Z,,REVIEW,SUBMITTED,,,2026-08-06T18:09:21Z
APP000000000576,APL000000453,STANDARD,MOBILE,MOBILE,2026-08-28T20:35:45Z,2026-08-28T23:44:07Z,2026-08-30T08:46:36Z,DECISION,APPROVED,APPROVED,,2026-08-30T08:46:36Z
APP000000000577,APL000000453,PREMIUM,PARTNER,DESKTOP,2026-09-19T13:09:17Z,2026-09-19T15:14:18Z,2026-09-19T20:17:32Z,DECISION,APPROVED,APPROVED,,2026-09-19T20:17:32Z
APP000000000578,APL000000454,PARTNER,WEB,DESKTOP,2026-07-05T08:46:02Z,2026-07-05T11:37:12Z,2026-07-05T16:08:50Z,DECISION,REJECTED,REJECTED,FAILED_IDENTITY_CHECK,2026-07-05T16:08:50Z
APP000000000579,APL000000455,PREMIUM,WEB,DESKTOP,2026-08-18T03:06:56Z,,2026-08-22T09:06:11Z,DOCUMENT_UPLOAD,ABANDONED,,,2026-08-22T09:06:11Z
APP000000000580,APL000000455,STANDARD,WEB,TABLET,2026-08-13T16:09:13Z,2026-08-13T18:36:18Z,2026-08-16T02:47:31Z,DECISION,APPROVED,APPROVED,,2026-08-16T02:47:31Z
APP000000000581,APL000000455,STANDARD,MOBILE,MOBILE,2026-08-31T16:06:59Z,2026-08-31T18:11:51Z,2026-09-02T13:04:20Z,DECISION,APPROVED,APPROVED,,2026-09-02T13:04:20Z
APP000000000582,APL000000456,STANDARD,MOBILE,MOBILE,2026-08-23T12:49:52Z,2026-08-28T12:58:00Z,,REVIEW,SUBMITTED,,,2026-08-28T12:58:00Z
APP000000000583,APL000000457,PREMIUM,WEB,DESKTOP,2026-08-27T14:42:11Z,,2026-09-10T10:31:31Z,IDENTITY_VERIFICATION,ABANDONED,,,2026-09-10T10:31:31Z
APP000000000584,APL000000458,PARTNER,MOBILE,MOBILE,2026-09-19T08:55:15Z,2026-09-19T10:49:38Z,2026-09-19T17:04:26Z,DECISION,APPROVED,APPROVED,,2026-09-19T17:04:26Z
APP000000000585,APL000000459,PARTNER,WEB,TABLET,2026-07-28T22:26:23Z,2026-08-06T01:06:42Z,2026-08-07T02:10:26Z,DECISION,APPROVED,APPROVED,,2026-08-07T02:10:26Z
APP000000000586,APL000000460,PREMIUM,WEB,DESKTOP,2026-09-06T03:33:32Z,,,PERSONAL_INFO,IN_PROGRESS,,,2026-09-06T03:50:20Z
APP000000000587,APL000000461,STANDARD,MOBILE,MOBILE,2026-08-25T05:10:33Z,2026-08-25T07:49:49Z,2026-08-25T12:16:52Z,DECISION,APPROVED,APPROVED,,2026-08-25T12:16:52Z
APP000000000588,APL000000462,STANDARD,MOBILE,MOBILE,2026-07-10T11:13:58Z,,2026-07-17T15:03:06Z,ACCOUNT_TYPE_SELECTION,ABANDONED,,,2026-07-17T15:03:06Z
APP000000000589,APL000000462,STANDARD,ASSISTED,OTHER,2026-07-20T00:17:31Z,2026-07-27T18:59:37Z,2026-07-27T23:41:58Z,DECISION,REJECTED,REJECTED,WATCHLIST_MATCH,2026-07-27T23:41:58Z
APP000000000590,APL000000462,PREMIUM,PARTNER,DESKTOP,2026-09-16T20:10:06Z,2026-09-16T22:32:40Z,2026-09-18T21:24:26Z,DECISION,APPROVED,APPROVED,,2026-09-18T21:24:26Z
APP000000000591,APL000000463,STANDARD,MOBILE,MOBILE,2026-08-15T14:16:38Z,2026-08-17T19:42:02Z,,REVIEW,SUBMITTED,,,2026-08-17T19:42:02Z
APP000000000592,APL000000464,PARTNER,MOBILE,MOBILE,2026-08-15T09:23:40Z,2026-08-15T11:47:38Z,2026-08-16T21:02:45Z,DECISION,APPROVED,APPROVED,,2026-08-16T21:02:45Z
APP000000000593,APL000000465,PARTNER,WEB,DESKTOP,2026-07-19T22:29:02Z,,,DOCUMENT_UPLOAD,IN_PROGRESS,,,2026-07-20T00:15:42Z
APP000000000594,APL000000466,STANDARD,WEB,DESKTOP,2026-09-19T11:56:00Z,2026-09-19T14:00:56Z,,REVIEW,SUBMITTED,,,2026-09-19T14:00:56Z
APP000000000595,APL000000467,PREMIUM,WEB,TABLET,2026-09-12T22:03:59Z,2026-09-13T00:14:35Z,2026-09-14T08:54:48Z,DECISION,APPROVED,APPROVED,,2026-09-14T08:54:48Z
APP000000000596,APL000000467,PARTNER,WEB,TABLET,2026-09-13T19:39:26Z,2026-09-13T21:48:24Z,2026-09-15T07:14:40Z,DECISION,APPROVED,APPROVED,,2026-09-15T07:14:40Z
APP000000000597,APL000000468,PARTNER,MOBILE,MOBILE,2026-09-19T14:11:20Z,2026-09-22T16:26:48Z,,REVIEW,SUBMITTED,,,2026-09-22T16:26:48Z
APP000000000598,APL000000468,STANDARD,WEB,TABLET,2026-08-14T02:45:59Z,2026-08-14T05:17:51Z,2026-08-16T16:45:45Z,DECISION,APPROVED,APPROVED,,2026-08-16T16:45:45Z
APP000000000599,APL000000468,STANDARD,WEB,DESKTOP,2026-09-08T09:36:20Z,,,FUNDING_SETUP,IN_PROGRESS,,,2026-09-08T11:42:08Z
APP000000000600,APL000000469,STANDARD,WEB,DESKTOP,2026-09-02T11:39:35Z,2026-09-02T13:59:33Z,2026-09-04T13:12:26Z,DECISION,APPROVED,APPROVED,,2026-09-04T13:12:26Z
APP000000000601,APL000000470,PREMIUM,ASSISTED,OTHER,2026-07-23T16:12:51Z,2026-07-23T18:36:30Z,2026-07-26T02:35:36Z,DECISION,APPROVED,APPROVED,,2026-07-26T02:35:36Z
APP000000000602,APL000000471,BUSINESS,WEB,DESKTOP,2026-09-18T01:55:21Z,2026-09-18T04:06:38Z,2026-09-20T09:25:32Z,DECISION,APPROVED,APPROVED,,2026-09-20T09:25:32Z
APP000000000603,APL000000472,PREMIUM,MOBILE,MOBILE,2026-07-11T04:26:29Z,2026-07-11T06:37:00Z,2026-07-14T06:29:36Z,DECISION,APPROVED,APPROVED,,2026-07-14T06:29:36Z
APP000000000604,APL000000473,PREMIUM,WEB,DESKTOP,2026-09-15T06:57:13Z,2026-09-15T09:37:27Z,,REVIEW,SUBMITTED,,,2026-09-15T09:37:27Z
APP000000000605,APL000000474,PREMIUM,MOBILE,MOBILE,2026-08-18T10:45:38Z,,,ACCOUNT_TYPE_SELECTION,STARTED,,,2026-08-18T10:45:38Z
APP000000000606,APL000000475,BUSINESS,MOBILE,MOBILE,2026-07-25T01:42:04Z,2026-07-25T04:23:22Z,2026-07-28T02:06:10Z,DECISION,ABANDONED,,,2026-07-28T02:06:10Z
APP000000000607,APL000000476,BUSINESS,PARTNER,OTHER,2026-08-25T18:26:06Z,2026-08-25T21:13:36Z,2026-08-28T05:26:52Z,DECISION,REJECTED,REJECTED,RISK_SCORE_THRESHOLD,2026-08-28T05:26:52Z
APP000000000608,APL000000477,STANDARD,MOBILE,MOBILE,2026-08-06T06:56:57Z,2026-08-06T08:54:38Z,2026-08-07T00:58:20Z,DECISION,APPROVED,APPROVED,,2026-08-07T00:58:20Z
APP000000000609,APL000000477,STANDARD,MOBILE,MOBILE,2026-07-20T15:11:46Z,2026-07-23T16:42:22Z,2026-07-25T22:28:47Z,DECISION,APPROVED,APPROVED,,2026-07-25T22:28:47Z
APP000000000610,APL000000478,STANDARD,MOBILE,MOBILE,2026-09-07T10:00:07Z,2026-09-07T12:43:54Z,2026-09-08T04:32:54Z,DECISION,APPROVED,APPROVED,,2026-09-08T04:32:54Z
APP000000000611,APL000000479,STANDARD,WEB,DESKTOP,2026-08-25T17:28:24Z,,2026-09-01T01:47:46Z,ACCOUNT_TYPE_SELECTION,ABANDONED,,,2026-09-01T01:47:46Z
APP000000000612,APL000000480,STANDARD,WEB,TABLET,2026-09-06T03:16:50Z,2026-09-06T06:30:39Z,2026-09-09T14:09:53Z,DECISION,ABANDONED,,,2026-09-09T14:09:53Z
APP000000000613,APL000000481,PARTNER,WEB,DESKTOP,2026-08-08T16:39:13Z,2026-08-13T11:07:56Z,2026-08-15T00:16:12Z,DECISION,REJECTED,REJECTED,INELIGIBLE_REGION,2026-08-15T00:16:12Z
APP000000000614,APL000000481,PREMIUM,WEB,DESKTOP,2026-09-02T15:12:51Z,2026-09-02T18:19:20Z,2026-09-03T10:33:46Z,DECISION,APPROVED,APPROVED,,2026-09-03T10:33:46Z
APP000000000615,APL000000482,STANDARD,MOBILE,MOBILE,2026-07-27T05:52:48Z,2026-07-27T07:57:01Z,2026-07-27T16:01:47Z,DECISION,APPROVED,APPROVED,,2026-07-27T16:01:47Z
APP000000000616,APL000000483,BUSINESS,MOBILE,MOBILE,2026-07-29T23:57:42Z,,,ACCOUNT_TYPE_SELECTION,STARTED,,,2026-07-29T23:57:42Z
APP000000000617,APL000000483,BUSINESS,WEB,DESKTOP,2026-09-16T13:03:06Z,2026-09-16T15:24:05Z,2026-09-18T05:08:08Z,DECISION,APPROVED,APPROVED,,2026-09-18T05:08:08Z
APP000000000618,APL000000483,BUSINESS,MOBILE,MOBILE,2026-07-12T02:50:45Z,2026-07-14T15:12:41Z,2026-07-16T18:22:57Z,DECISION,APPROVED,APPROVED,,2026-07-16T18:22:57Z
APP000000000619,APL000000484,STANDARD,MOBILE,MOBILE,2026-09-08T18:36:59Z,2026-09-08T21:30:26Z,2026-09-11T20:00:25Z,DECISION,REJECTED,REJECTED,FAILED_IDENTITY_CHECK,2026-09-11T20:00:25Z
APP000000000620,APL000000484,STANDARD,MOBILE,MOBILE,2026-08-30T00:58:00Z,2026-08-30T02:56:18Z,2026-08-31T20:43:38Z,DECISION,REJECTED,REJECTED,WATCHLIST_MATCH,2026-08-31T20:43:38Z
APP000000000621,APL000000485,STANDARD,WEB,DESKTOP,2026-09-13T21:25:48Z,,,ACCOUNT_TYPE_SELECTION,STARTED,,,2026-09-13T21:25:48Z
APP000000000622,APL000000486,BUSINESS,MOBILE,MOBILE,2026-09-06T14:02:55Z,2026-09-09T23:04:45Z,2026-09-11T08:36:41Z,DECISION,REJECTED,REJECTED,FAILED_IDENTITY_CHECK,2026-09-11T08:36:41Z
APP000000000623,APL000000487,STANDARD,WEB,DESKTOP,2026-06-15T07:10:13Z,2026-06-18T14:43:42Z,2026-06-19T07:12:18Z,DECISION,REJECTED,REJECTED,FAILED_IDENTITY_CHECK,2026-06-19T07:12:18Z
APP000000000624,APL000000488,PREMIUM,MOBILE,MOBILE,2026-08-15T12:50:53Z,2026-08-15T14:36:46Z,,REVIEW,SUBMITTED,,,2026-08-15T14:36:46Z
APP000000000625,APL000000488,PREMIUM,WEB,TABLET,2026-07-16T08:45:06Z,2026-07-16T10:30:53Z,2026-07-17T12:33:32Z,DECISION,APPROVED,APPROVED,,2026-07-17T12:33:32Z
APP000000000626,APL000000489,STANDARD,PARTNER,OTHER,2026-07-30T19:21:34Z,,2026-08-08T07:42:21Z,IDENTITY_VERIFICATION,ABANDONED,,,2026-08-08T07:42:21Z
APP000000000627,APL000000490,PREMIUM,MOBILE,MOBILE,2026-08-19T05:38:53Z,2026-08-21T15:31:33Z,,REVIEW,SUBMITTED,,,2026-08-21T15:31:33Z
APP000000000628,APL000000491,STANDARD,MOBILE,MOBILE,2026-09-17T02:28:13Z,2026-09-17T05:11:22Z,2026-09-19T06:55:25Z,DECISION,APPROVED,APPROVED,,2026-09-19T06:55:25Z
APP000000000629,APL000000492,PREMIUM,MOBILE,MOBILE,2026-08-08T17:05:49Z,2026-08-08T19:10:54Z,,REVIEW,SUBMITTED,,,2026-08-08T19:10:54Z
APP000000000630,APL000000493,PREMIUM,WEB,DESKTOP,2026-08-08T06:32:54Z,2026-08-08T08:46:39Z,2026-08-09T06:27:06Z,DECISION,APPROVED,APPROVED,,2026-08-09T06:27:06Z
APP000000000631,APL000000494,STANDARD,WEB,TABLET,2026-08-14T09:26:48Z,,2026-08-22T05:57:12Z,PERSONAL_INFO,ABANDONED,,,2026-08-22T05:57:12Z
APP000000000632,APL000000494,STANDARD,WEB,DESKTOP,2026-09-03T01:04:20Z,2026-09-03T03:24:52Z,2026-09-04T06:25:43Z,DECISION,APPROVED,APPROVED,,2026-09-04T06:25:43Z
APP000000000633,APL000000494,STANDARD,WEB,DESKTOP,2026-08-09T12:22:19Z,2026-08-09T14:36:47Z,2026-08-12T02:10:26Z,DECISION,APPROVED,APPROVED,,2026-08-12T02:10:26Z
APP000000000634,APL000000495,STANDARD,PARTNER,OTHER,2026-09-10T03:52:10Z,,2026-09-19T04:08:09Z,DOCUMENT_UPLOAD,ABANDONED,,,2026-09-19T04:08:09Z
APP000000000635,APL000000496,STANDARD,WEB,DESKTOP,2026-09-11T21:37:41Z,2026-09-12T00:33:58Z,,REVIEW,SUBMITTED,,,2026-09-12T00:33:58Z
APP000000000636,APL000000497,BUSINESS,MOBILE,MOBILE,2026-09-19T17:33:45Z,2026-09-19T19:24:47Z,2026-09-20T01:49:56Z,DECISION,REJECTED,REJECTED,INSUFFICIENT_DOCUMENTATION,2026-09-20T01:49:56Z
APP000000000637,APL000000498,BUSINESS,WEB,DESKTOP,2026-08-11T01:39:03Z,,,ACCOUNT_TYPE_SELECTION,STARTED,,,2026-08-11T01:39:03Z
APP000000000638,APL000000499,BUSINESS,WEB,TABLET,2026-08-17T01:56:50Z,2026-08-17T04:38:13Z,2026-08-18T08:28:29Z,DECISION,APPROVED,APPROVED,,2026-08-18T08:28:29Z
APP000000000639,APL000000499,PREMIUM,ASSISTED,DESKTOP,2026-08-23T08:11:47Z,2026-08-23T10:08:26Z,2026-08-23T22:44:52Z,DECISION,APPROVED,APPROVED,,2026-08-23T22:44:52Z
APP000000000640,APL000000500,PREMIUM,WEB,DESKTOP,2026-09-10T02:41:52Z,2026-09-10T05:50:56Z,2026-09-11T02:32:40Z,DECISION,APPROVED,APPROVED,,2026-09-11T02:32:40Z
APP000000000641,APL000000501,PREMIUM,MOBILE,MOBILE,2026-07-30T05:48:05Z,2026-07-30T08:11:29Z,2026-07-30T12:22:31Z,DECISION,APPROVED,APPROVED,,2026-07-30T12:22:31Z
APP000000000642,APL000000502,PARTNER,MOBILE,MOBILE,2026-07-17T09:33:49Z,2026-07-17T11:30:59Z,,REVIEW,SUBMITTED,,,2026-07-17T11:30:59Z
APP000000000643,APL000000503,STANDARD,WEB,DESKTOP,2026-07-01T16:04:32Z,2026-07-01T18:19:58Z,2026-07-04T09:01:52Z,DECISION,APPROVED,APPROVED,,2026-07-04T09:01:52Z
APP000000000644,APL000000504,STANDARD,WEB,TABLET,2026-08-31T03:16:59Z,2026-08-31T05:22:50Z,2026-09-01T06:56:56Z,DECISION,REJECTED,REJECTED,WATCHLIST_MATCH,2026-09-01T06:56:56Z
APP000000000645,APL000000505,STANDARD,MOBILE,MOBILE,2026-08-28T00:16:47Z,2026-08-28T02:55:01Z,2026-08-28T09:10:56Z,DECISION,REJECTED,REJECTED,WATCHLIST_MATCH,2026-08-28T09:10:56Z
APP000000000646,APL000000506,STANDARD,MOBILE,MOBILE,2026-07-31T13:46:48Z,,2026-08-14T00:46:49Z,IDENTITY_VERIFICATION,ABANDONED,,,2026-08-14T00:46:49Z
APP000000000647,APL000000506,STANDARD,WEB,DESKTOP,2026-08-17T14:43:28Z,2026-08-21T15:50:54Z,,REVIEW,SUBMITTED,,,2026-08-21T15:50:54Z
APP000000000648,APL000000507,BUSINESS,WEB,DESKTOP,2026-08-17T06:21:08Z,,,FUNDING_SETUP,IN_PROGRESS,,,2026-08-17T08:07:59Z
APP000000000649,APL000000508,STANDARD,WEB,DESKTOP,2026-07-16T20:26:57Z,,2026-07-24T11:42:35Z,PERSONAL_INFO,ABANDONED,,,2026-07-24T11:42:35Z
APP000000000650,APL000000509,PARTNER,MOBILE,MOBILE,2026-09-07T15:51:23Z,,,FUNDING_SETUP,IN_PROGRESS,,,2026-09-07T17:48:43Z
APP000000000651,APL000000509,STANDARD,MOBILE,MOBILE,2026-09-13T00:52:31Z,2026-09-13T03:53:59Z,2026-09-13T22:33:32Z,DECISION,REJECTED,REJECTED,FAILED_IDENTITY_CHECK,2026-09-13T22:33:32Z
APP000000000652,APL000000510,STANDARD,WEB,DESKTOP,2026-09-12T16:39:14Z,,2026-09-23T00:12:23Z,IDENTITY_VERIFICATION,ABANDONED,,,2026-09-23T00:12:23Z
APP000000000653,APL000000511,STANDARD,WEB,DESKTOP,2026-09-01T05:51:19Z,2026-09-05T07:05:30Z,2026-09-08T04:32:47Z,DECISION,APPROVED,APPROVED,,2026-09-08T04:32:47Z
APP000000000654,APL000000512,PREMIUM,PARTNER,DESKTOP,2026-09-15T19:23:17Z,2026-09-15T21:23:59Z,2026-09-18T17:32:15Z,DECISION,APPROVED,APPROVED,,2026-09-18T17:32:15Z
APP000000000655,APL000000513,STANDARD,WEB,DESKTOP,2026-08-28T05:11:44Z,2026-08-28T07:55:15Z,2026-08-30T01:49:34Z,DECISION,REJECTED,REJECTED,INSUFFICIENT_DOCUMENTATION,2026-08-30T01:49:34Z
APP000000000656,APL000000514,PREMIUM,MOBILE,MOBILE,2026-09-06T11:14:44Z,2026-09-06T13:15:28Z,2026-09-11T17:24:28Z,DECISION,ABANDONED,,,2026-09-11T17:24:28Z
APP000000000657,APL000000514,STANDARD,WEB,DESKTOP,2026-09-09T08:34:48Z,2026-09-09T11:01:09Z,2026-09-11T16:43:58Z,DECISION,REJECTED,REJECTED,RISK_SCORE_THRESHOLD,2026-09-11T16:43:58Z
APP000000000658,APL000000515,PREMIUM,PARTNER,OTHER,2026-07-27T19:18:28Z,,2026-07-29T01:01:13Z,IDENTITY_VERIFICATION,ABANDONED,,,2026-07-29T01:01:13Z
APP000000000659,APL000000516,PREMIUM,MOBILE,MOBILE,2026-07-28T13:35:51Z,2026-07-28T15:46:11Z,2026-07-31T09:21:12Z,DECISION,REJECTED,REJECTED,FAILED_IDENTITY_CHECK,2026-07-31T09:21:12Z
APP000000000660,APL000000517,BUSINESS,ASSISTED,OTHER,2026-09-09T03:05:08Z,2026-09-09T05:50:47Z,2026-09-09T09:28:33Z,DECISION,REJECTED,REJECTED,WATCHLIST_MATCH,2026-09-09T09:28:33Z
APP000000000661,APL000000518,PREMIUM,MOBILE,MOBILE,2026-08-15T10:59:04Z,2026-08-15T13:15:50Z,,REVIEW,SUBMITTED,,,2026-08-15T13:15:50Z
APP000000000662,APL000000519,STANDARD,PARTNER,DESKTOP,2026-09-01T03:30:29Z,,,ACCOUNT_TYPE_SELECTION,IN_PROGRESS,,,2026-09-01T03:46:01Z
APP000000000663,APL000000519,STANDARD,PARTNER,OTHER,2026-09-04T05:46:27Z,2026-09-04T07:42:34Z,2026-09-06T02:07:17Z,DECISION,REJECTED,REJECTED,INELIGIBLE_REGION,2026-09-06T02:07:17Z
APP000000000664,APL000000519,PARTNER,WEB,TABLET,2026-08-23T15:21:28Z,2026-08-31T15:34:13Z,2026-09-03T00:44:53Z,DECISION,APPROVED,APPROVED,,2026-09-03T00:44:53Z
APP000000000665,APL000000520,PREMIUM,WEB,DESKTOP,2026-08-12T09:42:40Z,2026-08-12T12:33:57Z,2026-08-14T04:28:37Z,DECISION,REJECTED,REJECTED,FAILED_IDENTITY_CHECK,2026-08-14T04:28:37Z
APP000000000666,APL000000520,PARTNER,PARTNER,DESKTOP,2026-09-19T08:50:18Z,,2026-09-22T21:41:27Z,IDENTITY_VERIFICATION,ABANDONED,,,2026-09-22T21:41:27Z
APP000000000667,APL000000521,STANDARD,WEB,TABLET,2026-07-30T03:58:15Z,2026-07-30T05:54:21Z,2026-08-01T16:21:55Z,DECISION,REJECTED,REJECTED,FAILED_IDENTITY_CHECK,2026-08-01T16:21:55Z
APP000000000668,APL000000522,PARTNER,WEB,DESKTOP,2026-08-07T14:40:27Z,,2026-08-13T19:36:27Z,IDENTITY_VERIFICATION,ABANDONED,,,2026-08-13T19:36:27Z
APP000000000669,APL000000523,PARTNER,WEB,DESKTOP,2026-09-16T02:50:43Z,,2026-09-21T20:45:54Z,DOCUMENT_UPLOAD,ABANDONED,,,2026-09-21T20:45:54Z
APP000000000670,APL000000524,PARTNER,WEB,DESKTOP,2026-08-31T06:41:57Z,,,FUNDING_SETUP,IN_PROGRESS,,,2026-09-07T16:11:04Z
APP000000000671,APL000000525,PREMIUM,MOBILE,MOBILE,2026-09-07T12:32:06Z,2026-09-07T14:19:30Z,2026-09-07T21:07:48Z,DECISION,REJECTED,REJECTED,INSUFFICIENT_DOCUMENTATION,2026-09-07T21:07:48Z
APP000000000672,APL000000526,PARTNER,ASSISTED,OTHER,2026-09-12T08:04:22Z,,2026-09-20T07:07:19Z,IDENTITY_VERIFICATION,ABANDONED,,,2026-09-20T07:07:19Z
APP000000000673,APL000000527,PREMIUM,WEB,DESKTOP,2026-08-27T20:31:18Z,,2026-08-28T16:57:24Z,ACCOUNT_TYPE_SELECTION,ABANDONED,,,2026-08-28T16:57:24Z
APP000000000674,APL000000528,STANDARD,WEB,DESKTOP,2026-08-25T13:23:21Z,2026-08-25T16:09:49Z,2026-08-26T08:26:03Z,DECISION,APPROVED,APPROVED,,2026-08-26T08:26:03Z
APP000000000675,APL000000529,STANDARD,MOBILE,MOBILE,2026-08-02T08:36:23Z,,,ACCOUNT_TYPE_SELECTION,STARTED,,,2026-08-02T08:36:23Z
APP000000000676,APL000000530,PARTNER,MOBILE,MOBILE,2026-08-14T10:09:18Z,2026-08-18T20:45:33Z,2026-08-20T11:31:35Z,DECISION,APPROVED,APPROVED,,2026-08-20T11:31:35Z
APP000000000677,APL000000531,PREMIUM,ASSISTED,DESKTOP,2026-07-17T19:23:54Z,,2026-07-20T05:47:15Z,FUNDING_SETUP,ABANDONED,,,2026-07-20T05:47:15Z
APP000000000678,APL000000532,STANDARD,WEB,DESKTOP,2026-09-15T09:32:02Z,2026-09-15T11:08:56Z,2026-09-17T15:51:34Z,DECISION,APPROVED,APPROVED,,2026-09-17T15:51:34Z
APP000000000679,APL000000533,STANDARD,MOBILE,MOBILE,2026-08-23T03:07:55Z,,,ACCOUNT_TYPE_SELECTION,STARTED,,,2026-08-23T03:07:55Z
APP000000000680,APL000000534,PARTNER,MOBILE,MOBILE,2026-09-16T17:07:50Z,,,ACCOUNT_TYPE_SELECTION,IN_PROGRESS,,,2026-09-16T17:11:18Z
APP000000000681,APL000000535,STANDARD,WEB,DESKTOP,2026-08-29T19:23:49Z,2026-08-29T23:03:23Z,,REVIEW,SUBMITTED,,,2026-08-29T23:03:23Z
APP000000000682,APL000000536,PARTNER,MOBILE,MOBILE,2026-07-07T09:11:08Z,,2026-07-15T23:30:25Z,PERSONAL_INFO,ABANDONED,,,2026-07-15T23:30:25Z
APP000000000683,APL000000537,STANDARD,WEB,DESKTOP,2026-08-23T19:11:28Z,2026-08-30T09:16:50Z,,REVIEW,SUBMITTED,,,2026-08-30T09:16:50Z
APP000000000684,APL000000538,STANDARD,WEB,DESKTOP,2026-08-26T10:59:07Z,2026-08-26T13:34:09Z,2026-08-26T18:11:07Z,DECISION,REJECTED,REJECTED,INELIGIBLE_REGION,2026-08-26T18:11:07Z
APP000000000685,APL000000539,STANDARD,MOBILE,MOBILE,2026-09-10T11:55:58Z,,2026-09-18T14:54:11Z,DOCUMENT_UPLOAD,ABANDONED,,,2026-09-18T14:54:11Z
APP000000000686,APL000000540,PREMIUM,WEB,DESKTOP,2026-08-26T07:54:54Z,2026-08-26T10:02:59Z,2026-08-27T16:24:58Z,DECISION,REJECTED,REJECTED,INSUFFICIENT_DOCUMENTATION,2026-08-27T16:24:58Z
APP000000000687,APL000000541,PARTNER,WEB,DESKTOP,2026-09-07T22:14:29Z,2026-09-08T01:00:10Z,2026-09-09T08:08:48Z,DECISION,APPROVED,APPROVED,,2026-09-09T08:08:48Z
APP000000000688,APL000000542,PARTNER,WEB,DESKTOP,2026-08-21T20:17:35Z,2026-08-21T23:11:16Z,2026-08-23T01:13:57Z,DECISION,APPROVED,APPROVED,,2026-08-23T01:13:57Z
APP000000000689,APL000000542,PREMIUM,MOBILE,MOBILE,2026-08-16T05:57:57Z,,2026-08-21T22:41:01Z,DOCUMENT_UPLOAD,ABANDONED,,,2026-08-21T22:41:01Z
APP000000000690,APL000000543,STANDARD,MOBILE,MOBILE,2026-06-29T07:10:05Z,2026-07-02T11:38:58Z,2026-07-04T08:42:23Z,DECISION,APPROVED,APPROVED,,2026-07-04T08:42:23Z
APP000000000691,APL000000544,PARTNER,MOBILE,MOBILE,2026-09-06T00:31:04Z,,,IDENTITY_VERIFICATION,IN_PROGRESS,,,2026-09-06T01:30:44Z
APP000000000692,APL000000545,STANDARD,WEB,DESKTOP,2026-08-23T06:48:01Z,2026-08-23T08:43:31Z,2026-08-25T06:52:18Z,DECISION,APPROVED,APPROVED,,2026-08-25T06:52:18Z
APP000000000693,APL000000545,STANDARD,MOBILE,MOBILE,2026-09-13T08:57:28Z,2026-09-13T11:59:51Z,2026-09-16T00:57:28Z,DECISION,APPROVED,APPROVED,,2026-09-16T00:57:28Z
APP000000000694,APL000000546,BUSINESS,WEB,DESKTOP,2026-09-08T17:13:21Z,2026-09-08T19:54:54Z,2026-09-09T13:58:44Z,DECISION,APPROVED,APPROVED,,2026-09-09T13:58:44Z
APP000000000695,APL000000547,PREMIUM,WEB,DESKTOP,2026-08-25T16:14:12Z,2026-08-31T11:26:16Z,2026-09-02T12:11:34Z,DECISION,APPROVED,APPROVED,,2026-09-02T12:11:34Z
APP000000000696,APL000000547,STANDARD,MOBILE,MOBILE,2026-08-29T11:25:29Z,2026-08-30T10:26:57Z,2026-09-01T23:06:22Z,DECISION,APPROVED,APPROVED,,2026-09-01T23:06:22Z
APP000000000697,APL000000548,PREMIUM,MOBILE,MOBILE,2026-09-06T17:18:18Z,2026-09-08T05:44:56Z,2026-09-10T20:24:43Z,DECISION,APPROVED,APPROVED,,2026-09-10T20:24:43Z
APP000000000698,APL000000548,STANDARD,MOBILE,MOBILE,2026-09-11T07:04:00Z,2026-09-16T05:36:48Z,2026-09-18T22:21:49Z,DECISION,APPROVED,APPROVED,,2026-09-18T22:21:49Z
APP000000000699,APL000000548,STANDARD,MOBILE,MOBILE,2026-08-29T06:31:42Z,2026-08-29T08:47:18Z,2026-08-30T19:10:37Z,DECISION,APPROVED,APPROVED,,2026-08-30T19:10:37Z
APP000000000700,APL000000549,BUSINESS,PARTNER,OTHER,2026-08-13T07:20:04Z,2026-08-16T15:17:56Z,2026-08-19T03:11:00Z,DECISION,REJECTED,REJECTED,WATCHLIST_MATCH,2026-08-19T03:11:00Z
APP000000000701,APL000000550,PREMIUM,MOBILE,MOBILE,2026-07-27T08:17:33Z,2026-07-27T10:09:16Z,,REVIEW,SUBMITTED,,,2026-07-27T10:09:16Z
APP000000000702,APL000000551,BUSINESS,WEB,TABLET,2026-07-24T15:02:49Z,2026-07-24T17:43:13Z,2026-07-27T02:58:58Z,DECISION,APPROVED,APPROVED,,2026-07-27T02:58:58Z
APP000000000703,APL000000552,PREMIUM,WEB,DESKTOP,2026-08-06T16:01:23Z,,2026-08-09T11:30:23Z,FUNDING_SETUP,ABANDONED,,,2026-08-09T11:30:23Z
APP000000000704,APL000000553,PREMIUM,MOBILE,MOBILE,2026-09-09T15:49:44Z,2026-09-09T18:15:23Z,2026-09-11T18:20:40Z,DECISION,REJECTED,REJECTED,RISK_SCORE_THRESHOLD,2026-09-11T18:20:40Z
APP000000000705,APL000000554,BUSINESS,MOBILE,MOBILE,2026-09-05T13:13:25Z,2026-09-05T14:29:16Z,2026-09-07T04:08:15Z,DECISION,APPROVED,APPROVED,,2026-09-07T04:08:15Z
APP000000000706,APL000000555,STANDARD,WEB,DESKTOP,2026-08-28T18:40:47Z,,2026-09-01T17:51:19Z,ACCOUNT_TYPE_SELECTION,ABANDONED,,,2026-09-01T17:51:19Z
APP000000000707,APL000000555,STANDARD,MOBILE,MOBILE,2026-08-12T05:05:42Z,2026-08-12T06:45:11Z,2026-08-14T05:13:05Z,DECISION,APPROVED,APPROVED,,2026-08-14T05:13:05Z
APP000000000708,APL000000555,PARTNER,WEB,DESKTOP,2026-08-17T11:38:47Z,2026-08-18T15:28:16Z,2026-08-20T22:05:44Z,DECISION,REJECTED,REJECTED,WATCHLIST_MATCH,2026-08-20T22:05:44Z
APP000000000709,APL000000556,STANDARD,MOBILE,MOBILE,2026-08-02T18:44:21Z,,,ACCOUNT_TYPE_SELECTION,IN_PROGRESS,,,2026-08-02T18:47:23Z
APP000000000710,APL000000557,PREMIUM,MOBILE,MOBILE,2026-08-16T22:23:10Z,,2026-08-23T12:50:18Z,PERSONAL_INFO,ABANDONED,,,2026-08-23T12:50:18Z
APP000000000711,APL000000558,PREMIUM,MOBILE,MOBILE,2026-07-17T05:34:32Z,2026-07-18T05:08:23Z,2026-07-18T18:26:14Z,DECISION,REJECTED,REJECTED,INSUFFICIENT_DOCUMENTATION,2026-07-18T18:26:14Z
APP000000000712,APL000000559,STANDARD,PARTNER,DESKTOP,2026-08-20T07:11:46Z,2026-08-20T09:03:10Z,2026-08-21T02:25:34Z,DECISION,APPROVED,APPROVED,,2026-08-21T02:25:34Z
APP000000000713,APL000000560,STANDARD,PARTNER,DESKTOP,2026-08-20T23:45:26Z,2026-08-21T02:06:59Z,2026-08-22T00:43:21Z,DECISION,APPROVED,APPROVED,,2026-08-22T00:43:21Z
APP000000000714,APL000000561,PARTNER,MOBILE,MOBILE,2026-09-03T15:18:57Z,,2026-09-09T12:23:13Z,FUNDING_SETUP,ABANDONED,,,2026-09-09T12:23:13Z
APP000000000715,APL000000562,STANDARD,MOBILE,MOBILE,2026-09-17T00:12:50Z,2026-09-17T02:20:48Z,2026-09-17T21:46:12Z,DECISION,APPROVED,APPROVED,,2026-09-17T21:46:12Z
APP000000000716,APL000000562,PARTNER,ASSISTED,OTHER,2026-09-19T04:56:50Z,2026-09-19T07:05:47Z,2026-09-21T16:53:57Z,DECISION,APPROVED,APPROVED,,2026-09-21T16:53:57Z
APP000000000717,APL000000563,STANDARD,WEB,DESKTOP,2026-09-15T13:37:58Z,,2026-09-23T15:13:34Z,ACCOUNT_TYPE_SELECTION,ABANDONED,,,2026-09-23T15:13:34Z
APP000000000718,APL000000564,BUSINESS,WEB,DESKTOP,2026-08-28T20:03:58Z,2026-08-28T22:14:57Z,,REVIEW,SUBMITTED,,,2026-08-28T22:14:57Z
APP000000000719,APL000000565,PREMIUM,MOBILE,MOBILE,2026-08-21T10:26:55Z,2026-08-21T12:36:03Z,2026-08-21T17:09:13Z,DECISION,APPROVED,APPROVED,,2026-08-21T17:09:13Z
APP000000000720,APL000000566,PREMIUM,PARTNER,OTHER,2026-08-11T15:17:54Z,2026-08-11T17:52:28Z,2026-08-12T11:11:44Z,DECISION,APPROVED,APPROVED,,2026-08-12T11:11:44Z
APP000000000721,APL000000567,PARTNER,MOBILE,MOBILE,2026-09-06T05:43:05Z,,2026-09-15T09:58:20Z,DOCUMENT_UPLOAD,ABANDONED,,,2026-09-15T09:58:20Z
APP000000000722,APL000000568,STANDARD,WEB,DESKTOP,2026-08-21T18:39:07Z,,,DOCUMENT_UPLOAD,IN_PROGRESS,,,2026-08-21T20:04:16Z
APP000000000723,APL000000569,STANDARD,MOBILE,MOBILE,2026-07-16T04:00:45Z,2026-07-16T07:12:18Z,2026-07-18T02:48:24Z,DECISION,APPROVED,APPROVED,,2026-07-18T02:48:24Z
APP000000000724,APL000000570,STANDARD,PARTNER,DESKTOP,2026-09-05T05:34:22Z,,,FUNDING_SETUP,IN_PROGRESS,,,2026-09-05T07:19:39Z
APP000000000725,APL000000571,STANDARD,WEB,DESKTOP,2026-07-26T23:51:30Z,2026-07-27T01:43:07Z,2026-07-29T06:48:01Z,DECISION,APPROVED,APPROVED,,2026-07-29T06:48:01Z
APP000000000726,APL000000572,STANDARD,WEB,DESKTOP,2026-07-14T08:31:00Z,,,ACCOUNT_TYPE_SELECTION,STARTED,,,2026-07-14T08:31:00Z
APP000000000727,APL000000573,STANDARD,PARTNER,DESKTOP,2026-08-09T06:50:22Z,2026-08-12T23:27:30Z,2026-08-13T23:40:27Z,DECISION,APPROVED,APPROVED,,2026-08-13T23:40:27Z
APP000000000728,APL000000574,BUSINESS,WEB,DESKTOP,2026-08-05T10:40:23Z,2026-08-08T07:00:37Z,,REVIEW,SUBMITTED,,,2026-08-08T07:00:37Z
APP000000000729,APL000000574,BUSINESS,WEB,DESKTOP,2026-09-19T07:25:03Z,2026-09-19T10:25:45Z,,REVIEW,SUBMITTED,,,2026-09-19T10:25:45Z
APP000000000730,APL000000575,PARTNER,PARTNER,DESKTOP,2026-08-05T05:21:19Z,,,ACCOUNT_TYPE_SELECTION,IN_PROGRESS,,,2026-08-05T05:39:31Z
APP000000000731,APL000000576,STANDARD,ASSISTED,DESKTOP,2026-08-06T04:27:58Z,2026-08-09T15:47:42Z,2026-08-11T14:30:16Z,DECISION,REJECTED,REJECTED,RISK_SCORE_THRESHOLD,2026-08-11T14:30:16Z
APP000000000732,APL000000577,PREMIUM,WEB,TABLET,2026-08-08T18:34:46Z,2026-08-08T21:03:41Z,2026-08-09T14:24:33Z,DECISION,REJECTED,REJECTED,INSUFFICIENT_DOCUMENTATION,2026-08-09T14:24:33Z
APP000000000733,APL000000578,PARTNER,ASSISTED,OTHER,2026-08-27T07:41:42Z,,,FUNDING_SETUP,IN_PROGRESS,,,2026-08-27T09:20:16Z
APP000000000734,APL000000579,PREMIUM,MOBILE,MOBILE,2026-08-29T19:47:47Z,,,DOCUMENT_UPLOAD,IN_PROGRESS,,,2026-08-29T20:54:58Z
APP000000000735,APL000000580,PARTNER,MOBILE,MOBILE,2026-07-03T09:57:34Z,2026-07-03T12:55:22Z,,REVIEW,SUBMITTED,,,2026-07-03T12:55:22Z
APP000000000736,APL000000581,PREMIUM,WEB,DESKTOP,2026-08-25T13:49:57Z,2026-08-29T16:07:57Z,2026-08-31T22:55:56Z,DECISION,APPROVED,APPROVED,,2026-08-31T22:55:56Z
APP000000000737,APL000000582,PARTNER,WEB,DESKTOP,2026-08-01T17:02:20Z,,,DOCUMENT_UPLOAD,IN_PROGRESS,,,2026-08-01T18:18:10Z
APP000000000738,APL000000582,PREMIUM,MOBILE,MOBILE,2026-08-17T13:35:56Z,2026-08-17T16:15:51Z,2026-08-20T10:08:33Z,DECISION,APPROVED,APPROVED,,2026-08-20T10:08:33Z
APP000000000739,APL000000582,STANDARD,WEB,TABLET,2026-08-05T15:27:46Z,2026-08-09T06:04:28Z,2026-08-12T03:24:15Z,DECISION,APPROVED,APPROVED,,2026-08-12T03:24:15Z
APP000000000740,APL000000583,PREMIUM,MOBILE,MOBILE,2026-08-31T16:18:13Z,2026-09-06T18:18:46Z,2026-09-08T09:21:10Z,DECISION,APPROVED,APPROVED,,2026-09-08T09:21:10Z
APP000000000741,APL000000584,BUSINESS,WEB,TABLET,2026-08-22T02:31:46Z,2026-08-22T04:58:41Z,2026-08-28T20:03:11Z,DECISION,ABANDONED,,,2026-08-28T20:03:11Z
APP000000000742,APL000000584,PREMIUM,WEB,TABLET,2026-07-25T12:15:12Z,2026-07-25T15:08:53Z,2026-07-28T13:25:46Z,DECISION,REJECTED,REJECTED,DUPLICATE_APPLICATION,2026-07-28T13:25:46Z
APP000000000743,APL000000584,BUSINESS,WEB,DESKTOP,2026-09-16T03:32:21Z,2026-09-17T21:42:10Z,2026-09-20T00:16:58Z,DECISION,APPROVED,APPROVED,,2026-09-20T00:16:58Z
APP000000000744,APL000000585,PARTNER,WEB,DESKTOP,2026-08-31T11:05:09Z,2026-09-01T11:20:02Z,2026-09-01T13:08:51Z,DECISION,APPROVED,APPROVED,,2026-09-01T13:08:51Z
APP000000000745,APL000000586,BUSINESS,WEB,TABLET,2026-09-16T17:05:00Z,,,ACCOUNT_TYPE_SELECTION,STARTED,,,2026-09-16T17:05:00Z
APP000000000746,APL000000587,PARTNER,WEB,DESKTOP,2026-08-16T09:15:49Z,,,IDENTITY_VERIFICATION,IN_PROGRESS,,,2026-08-16T10:22:29Z
APP000000000747,APL000000587,BUSINESS,MOBILE,MOBILE,2026-09-03T11:57:52Z,,,PERSONAL_INFO,IN_PROGRESS,,,2026-09-03T12:25:49Z
APP000000000748,APL000000588,PREMIUM,WEB,DESKTOP,2026-09-04T13:09:12Z,,,IDENTITY_VERIFICATION,IN_PROGRESS,,,2026-09-04T13:51:26Z
APP000000000749,APL000000589,BUSINESS,WEB,DESKTOP,2026-08-21T06:43:46Z,,,DOCUMENT_UPLOAD,IN_PROGRESS,,,2026-08-21T08:29:10Z
APP000000000750,APL000000590,STANDARD,WEB,DESKTOP,2026-08-07T17:01:26Z,2026-08-13T04:02:41Z,2026-08-14T13:38:21Z,DECISION,APPROVED,APPROVED,,2026-08-14T13:38:21Z
APP000000000751,APL000000591,PARTNER,WEB,DESKTOP,2026-08-22T21:07:00Z,,,IDENTITY_VERIFICATION,IN_PROGRESS,,,2026-08-22T22:34:10Z
APP000000000752,APL000000592,PREMIUM,MOBILE,MOBILE,2026-09-05T18:32:12Z,,2026-09-14T06:29:22Z,IDENTITY_VERIFICATION,ABANDONED,,,2026-09-14T06:29:22Z
APP000000000753,APL000000593,STANDARD,WEB,TABLET,2026-09-19T12:56:38Z,,,ACCOUNT_TYPE_SELECTION,STARTED,,,2026-09-19T12:56:38Z
APP000000000754,APL000000594,PREMIUM,WEB,DESKTOP,2026-09-18T05:53:04Z,2026-09-18T08:23:36Z,2026-09-19T21:44:07Z,DECISION,REJECTED,REJECTED,INELIGIBLE_REGION,2026-09-19T21:44:07Z
APP000000000755,APL000000594,BUSINESS,MOBILE,MOBILE,2026-09-13T23:27:57Z,2026-09-14T01:57:17Z,2026-09-16T12:09:13Z,DECISION,APPROVED,APPROVED,,2026-09-16T12:09:13Z
APP000000000756,APL000000595,PARTNER,WEB,TABLET,2026-07-20T20:39:42Z,2026-07-20T22:56:01Z,2026-07-22T12:42:29Z,DECISION,APPROVED,APPROVED,,2026-07-22T12:42:29Z
APP000000000757,APL000000596,PREMIUM,WEB,TABLET,2026-09-09T04:43:21Z,,,PERSONAL_INFO,IN_PROGRESS,,,2026-09-09T16:43:24Z
APP000000000758,APL000000596,BUSINESS,MOBILE,MOBILE,2026-09-02T16:41:08Z,,,DOCUMENT_UPLOAD,IN_PROGRESS,,,2026-09-02T18:02:59Z
APP000000000759,APL000000597,STANDARD,MOBILE,MOBILE,2026-09-04T07:23:02Z,2026-09-04T09:40:49Z,2026-09-04T16:11:56Z,DECISION,APPROVED,APPROVED,,2026-09-04T16:11:56Z
APP000000000760,APL000000598,PREMIUM,WEB,DESKTOP,2026-09-17T01:57:41Z,2026-09-17T03:57:36Z,,REVIEW,SUBMITTED,,,2026-09-17T03:57:36Z
APP000000000761,APL000000599,STANDARD,WEB,DESKTOP,2026-09-01T15:31:03Z,,,PERSONAL_INFO,IN_PROGRESS,,,2026-09-01T15:50:04Z
APP000000000762,APL000000600,BUSINESS,WEB,TABLET,2026-09-14T12:58:26Z,2026-09-14T15:11:26Z,,REVIEW,SUBMITTED,,,2026-09-14T15:11:26Z
APP000000000763,APL000000601,BUSINESS,MOBILE,MOBILE,2026-08-22T08:19:33Z,,2026-08-28T14:42:12Z,FUNDING_SETUP,ABANDONED,,,2026-08-28T14:42:12Z
APP000000000764,APL000000602,BUSINESS,MOBILE,MOBILE,2026-09-17T21:38:47Z,2026-09-18T00:10:10Z,2026-09-20T16:13:36Z,DECISION,APPROVED,APPROVED,,2026-09-20T16:13:36Z
APP000000000765,APL000000603,PARTNER,WEB,TABLET,2026-09-17T10:14:48Z,,,IDENTITY_VERIFICATION,IN_PROGRESS,,,2026-09-17T11:53:15Z
APP000000000766,APL000000604,PARTNER,WEB,DESKTOP,2026-09-03T18:46:28Z,2026-09-03T20:51:44Z,,REVIEW,SUBMITTED,,,2026-09-03T20:51:44Z
APP000000000767,APL000000604,STANDARD,MOBILE,MOBILE,2026-09-09T18:12:05Z,2026-09-09T20:29:52Z,2026-09-17T09:38:34Z,DECISION,ABANDONED,,,2026-09-17T09:38:34Z
APP000000000768,APL000000605,BUSINESS,MOBILE,MOBILE,2026-08-29T13:17:23Z,,,IDENTITY_VERIFICATION,IN_PROGRESS,,,2026-08-29T14:02:50Z
APP000000000769,APL000000606,PARTNER,PARTNER,DESKTOP,2026-09-06T16:45:09Z,,,ACCOUNT_TYPE_SELECTION,IN_PROGRESS,,,2026-09-06T16:58:10Z
APP000000000770,APL000000607,PREMIUM,PARTNER,DESKTOP,2026-07-26T20:02:37Z,,,IDENTITY_VERIFICATION,IN_PROGRESS,,,2026-07-26T20:59:50Z
APP000000000771,APL000000607,PREMIUM,WEB,TABLET,2026-08-01T14:22:30Z,2026-08-01T16:24:38Z,2026-08-02T04:52:21Z,DECISION,APPROVED,APPROVED,,2026-08-02T04:52:21Z
APP000000000772,APL000000608,STANDARD,MOBILE,MOBILE,2026-08-07T06:16:49Z,2026-08-07T21:54:12Z,,REVIEW,SUBMITTED,,,2026-08-07T21:54:12Z
APP000000000773,APL000000609,PARTNER,MOBILE,MOBILE,2026-07-12T00:11:56Z,2026-07-12T02:43:07Z,2026-07-13T07:46:59Z,DECISION,REJECTED,REJECTED,INSUFFICIENT_DOCUMENTATION,2026-07-13T07:46:59Z
APP000000000774,APL000000610,PREMIUM,MOBILE,MOBILE,2026-08-26T17:52:15Z,,,IDENTITY_VERIFICATION,IN_PROGRESS,,,2026-08-26T18:59:31Z
APP000000000775,APL000000611,STANDARD,MOBILE,MOBILE,2026-09-17T05:20:20Z,,2026-09-30T21:13:10Z,DOCUMENT_UPLOAD,ABANDONED,,,2026-09-30T21:13:10Z
APP000000000776,APL000000611,PARTNER,WEB,DESKTOP,2026-09-09T22:52:46Z,2026-09-10T01:10:20Z,2026-09-10T16:20:55Z,DECISION,APPROVED,APPROVED,,2026-09-10T16:20:55Z
APP000000000777,APL000000611,PARTNER,MOBILE,MOBILE,2026-09-09T15:04:15Z,2026-09-09T17:36:12Z,2026-09-12T01:37:57Z,DECISION,APPROVED,APPROVED,,2026-09-12T01:37:57Z
APP000000000778,APL000000612,BUSINESS,WEB,DESKTOP,2026-07-14T16:06:34Z,,,ACCOUNT_TYPE_SELECTION,STARTED,,,2026-07-14T16:06:34Z
APP000000000779,APL000000613,STANDARD,MOBILE,MOBILE,2026-08-25T01:01:04Z,,2026-08-26T06:12:45Z,DOCUMENT_UPLOAD,ABANDONED,,,2026-08-26T06:12:45Z
APP000000000780,APL000000614,BUSINESS,WEB,DESKTOP,2026-08-25T02:34:53Z,,,ACCOUNT_TYPE_SELECTION,STARTED,,,2026-08-25T02:34:53Z
APP000000000781,APL000000615,STANDARD,MOBILE,MOBILE,2026-09-05T14:39:17Z,2026-09-06T22:37:03Z,2026-09-09T21:53:36Z,DECISION,APPROVED,APPROVED,,2026-09-09T21:53:36Z
APP000000000782,APL000000616,PARTNER,PARTNER,OTHER,2026-09-03T13:13:03Z,,,ACCOUNT_TYPE_SELECTION,IN_PROGRESS,,,2026-09-03T13:32:30Z
APP000000000783,APL000000617,STANDARD,WEB,DESKTOP,2026-08-01T21:37:54Z,,2026-08-11T16:47:00Z,ACCOUNT_TYPE_SELECTION,ABANDONED,,,2026-08-11T16:47:00Z
APP000000000784,APL000000618,PARTNER,PARTNER,OTHER,2026-09-11T00:09:43Z,,,PERSONAL_INFO,IN_PROGRESS,,,2026-09-11T00:50:46Z
APP000000000785,APL000000618,PARTNER,WEB,DESKTOP,2026-08-16T07:10:00Z,,,FUNDING_SETUP,IN_PROGRESS,,,2026-08-16T09:27:40Z
APP000000000786,APL000000619,STANDARD,MOBILE,MOBILE,2026-08-30T13:01:30Z,2026-08-30T15:25:17Z,2026-09-09T14:14:16Z,DECISION,ABANDONED,,,2026-09-09T14:14:16Z
APP000000000787,APL000000620,BUSINESS,WEB,DESKTOP,2026-08-06T07:00:26Z,2026-08-10T07:45:44Z,2026-08-10T14:59:00Z,DECISION,APPROVED,APPROVED,,2026-08-10T14:59:00Z
APP000000000788,APL000000621,STANDARD,MOBILE,MOBILE,2026-09-01T19:23:55Z,2026-09-01T21:35:07Z,2026-09-03T08:55:16Z,DECISION,REJECTED,REJECTED,DUPLICATE_APPLICATION,2026-09-03T08:55:16Z
APP000000000789,APL000000622,PREMIUM,MOBILE,MOBILE,2026-08-03T02:59:13Z,2026-08-03T05:12:40Z,2026-08-05T10:57:17Z,DECISION,REJECTED,REJECTED,INSUFFICIENT_DOCUMENTATION,2026-08-05T10:57:17Z
APP000000000790,APL000000623,STANDARD,WEB,DESKTOP,2026-07-24T02:28:22Z,2026-07-24T05:01:22Z,2026-07-24T21:13:50Z,DECISION,REJECTED,REJECTED,FAILED_IDENTITY_CHECK,2026-07-24T21:13:50Z
APP000000000791,APL000000624,STANDARD,MOBILE,MOBILE,2026-09-16T08:54:48Z,,,ACCOUNT_TYPE_SELECTION,IN_PROGRESS,,,2026-09-16T09:08:06Z
APP000000000792,APL000000625,PARTNER,PARTNER,OTHER,2026-09-18T23:18:59Z,2026-09-19T01:48:17Z,2026-09-28T14:07:28Z,DECISION,ABANDONED,,,2026-09-28T14:07:28Z
APP000000000793,APL000000626,STANDARD,MOBILE,MOBILE,2026-09-11T21:40:07Z,2026-09-12T00:15:13Z,2026-09-13T09:32:19Z,DECISION,APPROVED,APPROVED,,2026-09-13T09:32:19Z
APP000000000794,APL000000627,STANDARD,WEB,TABLET,2026-08-16T23:36:28Z,,2026-08-21T10:52:42Z,ACCOUNT_TYPE_SELECTION,ABANDONED,,,2026-08-21T10:52:42Z
APP000000000795,APL000000628,PREMIUM,MOBILE,MOBILE,2026-09-08T07:59:08Z,,,ACCOUNT_TYPE_SELECTION,STARTED,,,2026-09-08T07:59:08Z
APP000000000796,APL000000629,STANDARD,WEB,DESKTOP,2026-06-26T00:49:57Z,2026-06-26T02:52:37Z,2026-06-27T15:22:38Z,DECISION,APPROVED,APPROVED,,2026-06-27T15:22:38Z
APP000000000797,APL000000630,PARTNER,MOBILE,MOBILE,2026-09-07T16:02:16Z,2026-09-07T18:55:32Z,,REVIEW,SUBMITTED,,,2026-09-07T18:55:32Z
APP000000000798,APL000000631,PREMIUM,MOBILE,MOBILE,2026-09-15T19:07:18Z,2026-09-15T21:22:54Z,2026-09-16T04:00:59Z,DECISION,APPROVED,APPROVED,,2026-09-16T04:00:59Z
APP000000000799,APL000000632,STANDARD,PARTNER,DESKTOP,2026-08-26T19:23:22Z,,2026-09-04T17:41:26Z,IDENTITY_VERIFICATION,ABANDONED,,,2026-09-04T17:41:26Z
APP000000000800,APL000000633,PREMIUM,MOBILE,MOBILE,2026-07-08T09:04:47Z,2026-07-08T11:17:10Z,2026-07-09T18:57:48Z,DECISION,REJECTED,REJECTED,WATCHLIST_MATCH,2026-07-09T18:57:48Z
APP000000000801,APL000000634,PREMIUM,WEB,DESKTOP,2026-08-24T22:28:30Z,2026-08-26T00:51:14Z,2026-08-27T03:35:03Z,DECISION,APPROVED,APPROVED,,2026-08-27T03:35:03Z
APP000000000802,APL000000635,STANDARD,WEB,DESKTOP,2026-08-12T13:02:52Z,,2026-08-17T13:54:01Z,IDENTITY_VERIFICATION,ABANDONED,,,2026-08-17T13:54:01Z
APP000000000803,APL000000636,PARTNER,MOBILE,MOBILE,2026-09-18T16:12:44Z,,2026-09-27T05:29:16Z,DOCUMENT_UPLOAD,ABANDONED,,,2026-09-27T05:29:16Z
APP000000000804,APL000000636,STANDARD,WEB,TABLET,2026-08-30T12:06:31Z,,,ACCOUNT_TYPE_SELECTION,STARTED,,,2026-08-30T12:06:31Z
APP000000000805,APL000000637,STANDARD,MOBILE,MOBILE,2026-08-30T17:03:49Z,,,PERSONAL_INFO,IN_PROGRESS,,,2026-09-04T00:04:49Z
APP000000000806,APL000000638,STANDARD,WEB,DESKTOP,2026-09-12T08:03:38Z,2026-09-17T02:15:17Z,2026-09-18T11:27:34Z,DECISION,REJECTED,REJECTED,WATCHLIST_MATCH,2026-09-18T11:27:34Z
APP000000000807,APL000000639,STANDARD,ASSISTED,DESKTOP,2026-08-05T20:47:36Z,2026-08-05T22:47:29Z,2026-08-08T04:04:21Z,DECISION,APPROVED,APPROVED,,2026-08-08T04:04:21Z
APP000000000808,APL000000640,PREMIUM,MOBILE,MOBILE,2026-08-16T17:24:44Z,,2026-08-18T06:31:44Z,PERSONAL_INFO,ABANDONED,,,2026-08-18T06:31:44Z
APP000000000809,APL000000641,STANDARD,MOBILE,MOBILE,2026-08-19T22:48:31Z,,,ACCOUNT_TYPE_SELECTION,IN_PROGRESS,,,2026-08-19T22:57:23Z
APP000000000810,APL000000642,PARTNER,MOBILE,MOBILE,2026-07-05T08:11:13Z,2026-07-05T10:35:56Z,2026-07-08T02:57:02Z,DECISION,APPROVED,APPROVED,,2026-07-08T02:57:02Z
APP000000000811,APL000000643,STANDARD,WEB,DESKTOP,2026-09-11T21:05:25Z,2026-09-12T00:01:11Z,2026-09-16T10:28:13Z,DECISION,ABANDONED,,,2026-09-16T10:28:13Z
APP000000000812,APL000000644,STANDARD,WEB,DESKTOP,2026-08-15T09:49:26Z,2026-08-15T12:57:13Z,2026-08-16T20:36:29Z,DECISION,APPROVED,APPROVED,,2026-08-16T20:36:29Z
APP000000000813,APL000000644,STANDARD,WEB,DESKTOP,2026-08-20T11:17:50Z,2026-08-20T12:50:12Z,2026-08-20T17:27:54Z,DECISION,APPROVED,APPROVED,,2026-08-20T17:27:54Z
APP000000000814,APL000000645,STANDARD,MOBILE,MOBILE,2026-09-08T03:31:08Z,2026-09-08T05:06:34Z,2026-09-08T11:32:44Z,DECISION,APPROVED,APPROVED,,2026-09-08T11:32:44Z
APP000000000815,APL000000645,PREMIUM,WEB,DESKTOP,2026-08-05T16:10:02Z,2026-08-05T18:53:06Z,2026-08-07T14:00:47Z,DECISION,REJECTED,REJECTED,FAILED_IDENTITY_CHECK,2026-08-07T14:00:47Z
APP000000000816,APL000000646,STANDARD,MOBILE,MOBILE,2026-09-14T01:17:52Z,,,DOCUMENT_UPLOAD,IN_PROGRESS,,,2026-09-14T03:21:27Z
APP000000000817,APL000000647,PARTNER,MOBILE,MOBILE,2026-08-23T18:07:51Z,2026-08-23T20:39:28Z,2026-08-26T16:57:30Z,DECISION,APPROVED,APPROVED,,2026-08-26T16:57:30Z
APP000000000818,APL000000647,STANDARD,WEB,TABLET,2026-09-01T23:43:13Z,2026-09-02T01:56:03Z,2026-09-04T01:32:56Z,DECISION,REJECTED,REJECTED,FAILED_IDENTITY_CHECK,2026-09-04T01:32:56Z
APP000000000819,APL000000648,PARTNER,PARTNER,DESKTOP,2026-08-27T10:35:46Z,2026-08-27T13:14:09Z,2026-09-02T09:18:17Z,DECISION,ABANDONED,,,2026-09-02T09:18:17Z
APP000000000820,APL000000649,PREMIUM,WEB,DESKTOP,2026-09-08T23:16:01Z,,,DOCUMENT_UPLOAD,IN_PROGRESS,,,2026-09-12T01:35:57Z
APP000000000821,APL000000650,BUSINESS,WEB,TABLET,2026-06-30T15:15:47Z,2026-06-30T16:46:00Z,2026-07-03T08:33:16Z,DECISION,APPROVED,APPROVED,,2026-07-03T08:33:16Z
APP000000000822,APL000000651,BUSINESS,PARTNER,DESKTOP,2026-09-15T20:17:55Z,,2026-09-24T05:06:43Z,FUNDING_SETUP,ABANDONED,,,2026-09-24T05:06:43Z
APP000000000823,APL000000652,PREMIUM,WEB,DESKTOP,2026-08-17T02:39:40Z,2026-08-24T20:58:11Z,,REVIEW,SUBMITTED,,,2026-08-24T20:58:11Z
APP000000000824,APL000000653,STANDARD,PARTNER,DESKTOP,2026-08-26T06:46:55Z,,,ACCOUNT_TYPE_SELECTION,IN_PROGRESS,,,2026-08-26T06:54:47Z
APP000000000825,APL000000654,STANDARD,MOBILE,MOBILE,2026-09-17T06:11:35Z,2026-09-17T09:09:15Z,,REVIEW,SUBMITTED,,,2026-09-17T09:09:15Z
APP000000000826,APL000000655,PREMIUM,WEB,DESKTOP,2026-08-19T15:18:37Z,2026-08-19T17:55:59Z,2026-08-20T13:28:00Z,DECISION,APPROVED,APPROVED,,2026-08-20T13:28:00Z
APP000000000827,APL000000656,STANDARD,PARTNER,DESKTOP,2026-08-14T09:46:35Z,2026-08-16T09:39:06Z,2026-08-18T20:18:51Z,DECISION,APPROVED,APPROVED,,2026-08-18T20:18:51Z
APP000000000828,APL000000657,STANDARD,MOBILE,MOBILE,2026-08-15T05:45:44Z,2026-08-15T08:11:44Z,,REVIEW,SUBMITTED,,,2026-08-15T08:11:44Z
APP000000000829,APL000000658,PARTNER,MOBILE,MOBILE,2026-08-18T01:03:45Z,2026-08-18T03:24:42Z,2026-08-20T15:19:58Z,DECISION,APPROVED,APPROVED,,2026-08-20T15:19:58Z
APP000000000830,APL000000659,STANDARD,MOBILE,MOBILE,2026-08-25T15:46:21Z,2026-08-25T18:27:48Z,2026-08-27T18:17:23Z,DECISION,APPROVED,APPROVED,,2026-08-27T18:17:23Z
APP000000000831,APL000000660,STANDARD,MOBILE,MOBILE,2026-09-17T02:57:09Z,2026-09-17T05:01:23Z,2026-09-18T14:22:17Z,DECISION,APPROVED,APPROVED,,2026-09-18T14:22:17Z
APP000000000832,APL000000661,STANDARD,MOBILE,MOBILE,2026-09-11T19:58:28Z,,2026-09-21T10:47:52Z,DOCUMENT_UPLOAD,ABANDONED,,,2026-09-21T10:47:52Z
APP000000000833,APL000000662,STANDARD,MOBILE,MOBILE,2026-08-22T03:31:29Z,2026-08-22T05:51:06Z,2026-08-22T13:52:49Z,DECISION,APPROVED,APPROVED,,2026-08-22T13:52:49Z
APP000000000834,APL000000663,PREMIUM,WEB,DESKTOP,2026-06-28T03:41:22Z,2026-06-28T06:18:57Z,2026-06-28T10:26:59Z,DECISION,REJECTED,REJECTED,INELIGIBLE_REGION,2026-06-28T10:26:59Z
APP000000000835,APL000000664,PARTNER,MOBILE,MOBILE,2026-08-15T18:30:50Z,2026-08-20T17:49:11Z,2026-08-22T04:38:27Z,DECISION,APPROVED,APPROVED,,2026-08-22T04:38:27Z
APP000000000836,APL000000664,STANDARD,MOBILE,MOBILE,2026-09-12T19:22:52Z,2026-09-12T21:01:20Z,2026-09-15T10:46:04Z,DECISION,APPROVED,APPROVED,,2026-09-15T10:46:04Z
APP000000000837,APL000000664,PREMIUM,WEB,TABLET,2026-08-23T23:59:24Z,2026-08-28T05:20:22Z,2026-08-30T03:22:48Z,DECISION,APPROVED,APPROVED,,2026-08-30T03:22:48Z
APP000000000838,APL000000665,STANDARD,MOBILE,MOBILE,2026-09-17T06:57:47Z,,2026-09-19T21:11:39Z,PERSONAL_INFO,ABANDONED,,,2026-09-19T21:11:39Z
APP000000000839,APL000000666,STANDARD,MOBILE,MOBILE,2026-08-01T17:18:43Z,2026-08-01T19:34:25Z,2026-08-01T23:59:44Z,DECISION,APPROVED,APPROVED,,2026-08-01T23:59:44Z
APP000000000840,APL000000667,STANDARD,MOBILE,MOBILE,2026-08-23T19:37:40Z,2026-08-23T21:38:09Z,2026-08-24T23:07:04Z,DECISION,REJECTED,REJECTED,INELIGIBLE_REGION,2026-08-24T23:07:04Z
APP000000000841,APL000000668,STANDARD,PARTNER,DESKTOP,2026-09-12T21:18:59Z,2026-09-15T08:58:01Z,2026-09-16T07:15:09Z,DECISION,REJECTED,REJECTED,RISK_SCORE_THRESHOLD,2026-09-16T07:15:09Z
APP000000000842,APL000000669,STANDARD,WEB,TABLET,2026-08-28T14:50:38Z,2026-09-01T01:38:39Z,2026-09-03T00:41:51Z,DECISION,APPROVED,APPROVED,,2026-09-03T00:41:51Z
APP000000000843,APL000000670,STANDARD,PARTNER,DESKTOP,2026-08-24T08:24:42Z,2026-08-24T10:58:37Z,2026-08-27T07:25:22Z,DECISION,APPROVED,APPROVED,,2026-08-27T07:25:22Z
APP000000000844,APL000000671,STANDARD,WEB,DESKTOP,2026-08-05T20:31:49Z,2026-08-05T22:00:05Z,2026-08-07T05:58:55Z,DECISION,APPROVED,APPROVED,,2026-08-07T05:58:55Z
APP000000000845,APL000000671,STANDARD,ASSISTED,DESKTOP,2026-09-04T09:57:24Z,,2026-09-13T02:32:48Z,ACCOUNT_TYPE_SELECTION,ABANDONED,,,2026-09-13T02:32:48Z
APP000000000846,APL000000672,PARTNER,WEB,DESKTOP,2026-06-17T23:39:15Z,2026-06-18T01:22:42Z,,REVIEW,SUBMITTED,,,2026-06-18T01:22:42Z
APP000000000847,APL000000673,STANDARD,WEB,DESKTOP,2026-07-16T04:39:48Z,2026-07-16T06:31:13Z,,REVIEW,SUBMITTED,,,2026-07-16T06:31:13Z
APP000000000848,APL000000674,PREMIUM,WEB,DESKTOP,2026-07-14T22:36:09Z,2026-07-15T01:49:07Z,2026-07-17T00:12:28Z,DECISION,REJECTED,REJECTED,INELIGIBLE_REGION,2026-07-17T00:12:28Z
APP000000000849,APL000000675,PARTNER,WEB,DESKTOP,2026-08-29T16:56:59Z,,2026-09-06T02:35:48Z,PERSONAL_INFO,ABANDONED,,,2026-09-06T02:35:48Z
APP000000000850,APL000000676,STANDARD,WEB,DESKTOP,2026-07-29T00:57:04Z,,2026-07-31T02:11:06Z,FUNDING_SETUP,ABANDONED,,,2026-07-31T02:11:06Z
APP000000000851,APL000000676,PARTNER,MOBILE,MOBILE,2026-06-30T03:37:52Z,2026-07-02T06:44:50Z,2026-07-04T00:12:01Z,DECISION,APPROVED,APPROVED,,2026-07-04T00:12:01Z
APP000000000852,APL000000677,STANDARD,PARTNER,DESKTOP,2026-07-07T19:06:55Z,,,ACCOUNT_TYPE_SELECTION,STARTED,,,2026-07-07T19:06:55Z
APP000000000853,APL000000678,PARTNER,MOBILE,MOBILE,2026-09-12T02:43:31Z,2026-09-15T03:08:44Z,2026-09-20T17:30:11Z,DECISION,ABANDONED,,,2026-09-20T17:30:11Z
APP000000000854,APL000000679,STANDARD,PARTNER,OTHER,2026-08-23T06:52:29Z,,,ACCOUNT_TYPE_SELECTION,STARTED,,,2026-08-23T06:52:29Z
APP000000000855,APL000000679,STANDARD,MOBILE,MOBILE,2026-06-19T01:58:25Z,2026-06-19T04:27:38Z,2026-06-22T03:39:38Z,DECISION,APPROVED,APPROVED,,2026-06-22T03:39:38Z
APP000000000856,APL000000680,PREMIUM,PARTNER,OTHER,2026-09-11T02:01:16Z,2026-09-11T04:16:17Z,,REVIEW,SUBMITTED,,,2026-09-11T04:16:17Z
APP000000000857,APL000000681,STANDARD,WEB,DESKTOP,2026-09-15T06:37:17Z,,2026-09-22T16:37:32Z,IDENTITY_VERIFICATION,ABANDONED,,,2026-09-22T16:37:32Z
APP000000000858,APL000000682,PREMIUM,PARTNER,DESKTOP,2026-07-25T20:38:00Z,2026-07-25T22:58:39Z,2026-07-28T06:59:20Z,DECISION,REJECTED,REJECTED,RISK_SCORE_THRESHOLD,2026-07-28T06:59:20Z
APP000000000859,APL000000683,BUSINESS,MOBILE,MOBILE,2026-09-18T01:59:20Z,2026-09-18T04:18:30Z,2026-09-19T12:10:20Z,DECISION,REJECTED,REJECTED,DUPLICATE_APPLICATION,2026-09-19T12:10:20Z
APP000000000860,APL000000684,STANDARD,WEB,DESKTOP,2026-08-06T08:47:03Z,,,PERSONAL_INFO,IN_PROGRESS,,,2026-08-06T09:45:09Z
APP000000000861,APL000000685,STANDARD,MOBILE,MOBILE,2026-09-15T00:50:18Z,2026-09-15T02:27:18Z,2026-09-17T04:03:46Z,DECISION,APPROVED,APPROVED,,2026-09-17T04:03:46Z
APP000000000862,APL000000686,PREMIUM,WEB,DESKTOP,2026-07-14T11:13:19Z,2026-07-14T13:52:50Z,2026-07-15T14:31:25Z,DECISION,APPROVED,APPROVED,,2026-07-15T14:31:25Z
APP000000000863,APL000000687,PREMIUM,WEB,DESKTOP,2026-08-26T15:21:43Z,2026-08-30T01:28:25Z,2026-08-31T07:50:40Z,DECISION,REJECTED,REJECTED,FAILED_IDENTITY_CHECK,2026-08-31T07:50:40Z
APP000000000864,APL000000688,PREMIUM,ASSISTED,OTHER,2026-07-09T18:57:09Z,2026-07-09T21:01:49Z,,REVIEW,SUBMITTED,,,2026-07-09T21:01:49Z
APP000000000865,APL000000689,PREMIUM,WEB,DESKTOP,2026-08-21T02:16:51Z,,2026-08-28T15:52:32Z,DOCUMENT_UPLOAD,ABANDONED,,,2026-08-28T15:52:32Z
APP000000000866,APL000000690,PARTNER,MOBILE,MOBILE,2026-07-22T05:32:21Z,2026-07-22T07:55:43Z,,REVIEW,SUBMITTED,,,2026-07-22T07:55:43Z
APP000000000867,APL000000691,BUSINESS,WEB,DESKTOP,2026-08-21T08:29:28Z,,,IDENTITY_VERIFICATION,IN_PROGRESS,,,2026-08-21T09:32:29Z
APP000000000868,APL000000692,STANDARD,MOBILE,MOBILE,2026-08-15T20:06:07Z,2026-08-15T22:26:34Z,2026-08-18T07:50:53Z,DECISION,APPROVED,APPROVED,,2026-08-18T07:50:53Z
APP000000000869,APL000000693,PREMIUM,PARTNER,DESKTOP,2026-09-07T07:47:49Z,,2026-09-18T05:38:26Z,FUNDING_SETUP,ABANDONED,,,2026-09-18T05:38:26Z
APP000000000870,APL000000694,STANDARD,WEB,DESKTOP,2026-08-30T14:33:16Z,,2026-09-08T17:37:20Z,PERSONAL_INFO,ABANDONED,,,2026-09-08T17:37:20Z
APP000000000871,APL000000695,PARTNER,WEB,TABLET,2026-09-05T16:11:46Z,2026-09-05T19:09:08Z,2026-09-07T07:01:56Z,DECISION,ABANDONED,,,2026-09-07T07:01:56Z
APP000000000872,APL000000696,STANDARD,MOBILE,MOBILE,2026-08-02T20:34:06Z,,2026-08-03T16:21:55Z,PERSONAL_INFO,ABANDONED,,,2026-08-03T16:21:55Z
APP000000000873,APL000000697,PARTNER,WEB,DESKTOP,2026-08-24T06:37:23Z,,2026-08-28T04:44:05Z,FUNDING_SETUP,ABANDONED,,,2026-08-28T04:44:05Z
APP000000000874,APL000000697,PARTNER,WEB,TABLET,2026-09-03T07:35:47Z,2026-09-08T23:58:53Z,,REVIEW,SUBMITTED,,,2026-09-08T23:58:53Z
APP000000000875,APL000000697,PARTNER,WEB,DESKTOP,2026-08-26T07:54:43Z,2026-08-29T16:44:39Z,2026-08-31T15:58:38Z,DECISION,APPROVED,APPROVED,,2026-08-31T15:58:38Z
APP000000000876,APL000000698,STANDARD,WEB,DESKTOP,2026-08-30T15:18:34Z,2026-08-31T15:14:25Z,,REVIEW,SUBMITTED,,,2026-08-31T15:14:25Z
APP000000000877,APL000000699,STANDARD,WEB,DESKTOP,2026-09-06T19:18:41Z,,2026-09-16T09:35:52Z,ACCOUNT_TYPE_SELECTION,ABANDONED,,,2026-09-16T09:35:52Z
APP000000000878,APL000000700,STANDARD,WEB,DESKTOP,2026-07-13T08:44:43Z,2026-07-13T11:29:35Z,2026-07-14T18:52:51Z,DECISION,REJECTED,REJECTED,DUPLICATE_APPLICATION,2026-07-14T18:52:51Z
APP000000000879,APL000000701,PARTNER,MOBILE,MOBILE,2026-07-06T16:49:00Z,2026-07-06T18:38:24Z,2026-07-08T15:35:28Z,DECISION,APPROVED,APPROVED,,2026-07-08T15:35:28Z
APP000000000880,APL000000702,PARTNER,MOBILE,MOBILE,2026-08-29T08:58:11Z,2026-08-29T12:12:31Z,2026-08-31T05:02:03Z,DECISION,REJECTED,REJECTED,FAILED_IDENTITY_CHECK,2026-08-31T05:02:03Z
APP000000000881,APL000000702,STANDARD,WEB,DESKTOP,2026-09-18T01:34:32Z,2026-09-24T17:50:45Z,2026-09-26T09:27:03Z,DECISION,ABANDONED,,,2026-09-26T09:27:03Z
APP000000000882,APL000000703,PREMIUM,WEB,DESKTOP,2026-09-18T06:32:05Z,2026-09-18T08:40:54Z,2026-09-20T15:52:38Z,DECISION,REJECTED,REJECTED,DUPLICATE_APPLICATION,2026-09-20T15:52:38Z
APP000000000883,APL000000704,BUSINESS,MOBILE,MOBILE,2026-09-11T07:11:51Z,2026-09-12T00:13:52Z,2026-09-14T23:02:58Z,DECISION,APPROVED,APPROVED,,2026-09-14T23:02:58Z
APP000000000884,APL000000704,BUSINESS,MOBILE,MOBILE,2026-08-21T02:38:25Z,2026-08-21T04:22:48Z,2026-08-23T03:22:09Z,DECISION,REJECTED,REJECTED,INSUFFICIENT_DOCUMENTATION,2026-08-23T03:22:09Z
APP000000000885,APL000000704,PARTNER,WEB,DESKTOP,2026-08-11T05:42:17Z,2026-08-11T07:41:45Z,2026-08-11T12:04:35Z,DECISION,REJECTED,REJECTED,INELIGIBLE_REGION,2026-08-11T12:04:35Z
APP000000000886,APL000000705,PREMIUM,WEB,DESKTOP,2026-07-23T01:24:40Z,2026-07-23T03:06:39Z,2026-07-27T14:53:02Z,DECISION,ABANDONED,,,2026-07-27T14:53:02Z
APP000000000887,APL000000706,STANDARD,WEB,DESKTOP,2026-07-13T11:58:06Z,2026-07-13T14:04:45Z,,REVIEW,SUBMITTED,,,2026-07-13T14:04:45Z
APP000000000888,APL000000707,BUSINESS,MOBILE,MOBILE,2026-09-08T15:55:06Z,2026-09-08T18:14:57Z,2026-09-09T02:11:08Z,DECISION,APPROVED,APPROVED,,2026-09-09T02:11:08Z
APP000000000889,APL000000708,PARTNER,MOBILE,MOBILE,2026-08-17T02:44:22Z,2026-08-17T05:30:12Z,2026-08-17T12:57:34Z,DECISION,APPROVED,APPROVED,,2026-08-17T12:57:34Z
APP000000000890,APL000000709,PARTNER,WEB,TABLET,2026-07-29T15:37:45Z,,,IDENTITY_VERIFICATION,IN_PROGRESS,,,2026-08-02T21:40:16Z
APP000000000891,APL000000710,STANDARD,PARTNER,DESKTOP,2026-08-06T16:33:17Z,,,PERSONAL_INFO,IN_PROGRESS,,,2026-08-06T17:48:18Z
APP000000000892,APL000000711,PREMIUM,WEB,TABLET,2026-08-28T04:48:01Z,2026-08-28T06:55:11Z,2026-08-29T00:01:38Z,DECISION,APPROVED,APPROVED,,2026-08-29T00:01:38Z
APP000000000893,APL000000711,STANDARD,MOBILE,MOBILE,2026-08-24T05:17:40Z,2026-08-24T07:24:52Z,2026-08-26T10:29:23Z,DECISION,APPROVED,APPROVED,,2026-08-26T10:29:23Z
APP000000000894,APL000000711,STANDARD,PARTNER,DESKTOP,2026-09-11T03:41:27Z,2026-09-11T05:52:52Z,2026-09-13T11:49:30Z,DECISION,APPROVED,APPROVED,,2026-09-13T11:49:30Z
APP000000000895,APL000000712,STANDARD,PARTNER,DESKTOP,2026-08-10T15:07:06Z,2026-08-10T16:28:44Z,,REVIEW,SUBMITTED,,,2026-08-10T16:28:44Z
APP000000000896,APL000000713,PREMIUM,MOBILE,MOBILE,2026-09-10T11:21:53Z,2026-09-10T15:24:51Z,,REVIEW,SUBMITTED,,,2026-09-10T15:24:51Z
APP000000000897,APL000000714,STANDARD,MOBILE,MOBILE,2026-07-08T23:04:30Z,2026-07-09T01:46:51Z,2026-07-11T00:11:43Z,DECISION,APPROVED,APPROVED,,2026-07-11T00:11:43Z
APP000000000898,APL000000715,PREMIUM,WEB,DESKTOP,2026-09-03T04:15:13Z,2026-09-03T06:43:13Z,2026-09-05T15:59:12Z,DECISION,APPROVED,APPROVED,,2026-09-05T15:59:12Z
APP000000000899,APL000000715,PREMIUM,WEB,TABLET,2026-09-13T21:55:32Z,2026-09-14T00:37:55Z,2026-09-14T11:01:14Z,DECISION,APPROVED,APPROVED,,2026-09-14T11:01:14Z
APP000000000900,APL000000715,STANDARD,WEB,DESKTOP,2026-08-28T01:49:22Z,,,IDENTITY_VERIFICATION,IN_PROGRESS,,,2026-08-28T02:56:16Z
APP000000000901,APL000000716,PARTNER,WEB,DESKTOP,2026-08-23T17:27:05Z,,2026-08-24T23:44:05Z,ACCOUNT_TYPE_SELECTION,ABANDONED,,,2026-08-24T23:44:05Z
APP000000000902,APL000000717,BUSINESS,WEB,TABLET,2026-09-16T03:10:31Z,2026-09-16T05:04:01Z,2026-09-17T01:47:08Z,DECISION,REJECTED,REJECTED,RISK_SCORE_THRESHOLD,2026-09-17T01:47:08Z
APP000000000903,APL000000717,BUSINESS,PARTNER,OTHER,2026-08-06T19:20:04Z,2026-08-06T21:23:33Z,,REVIEW,SUBMITTED,,,2026-08-06T21:23:33Z
APP000000000904,APL000000718,STANDARD,ASSISTED,DESKTOP,2026-08-07T09:04:50Z,,,ACCOUNT_TYPE_SELECTION,STARTED,,,2026-08-07T09:04:50Z
APP000000000905,APL000000718,PREMIUM,PARTNER,DESKTOP,2026-07-29T07:03:45Z,2026-07-29T09:46:01Z,2026-07-29T15:25:31Z,DECISION,APPROVED,APPROVED,,2026-07-29T15:25:31Z
APP000000000906,APL000000719,PREMIUM,WEB,TABLET,2026-09-06T06:02:48Z,,2026-09-07T19:50:21Z,IDENTITY_VERIFICATION,ABANDONED,,,2026-09-07T19:50:21Z
APP000000000907,APL000000720,STANDARD,WEB,DESKTOP,2026-08-31T15:08:57Z,2026-08-31T18:04:25Z,2026-09-02T19:11:51Z,DECISION,APPROVED,APPROVED,,2026-09-02T19:11:51Z
APP000000000908,APL000000721,STANDARD,WEB,DESKTOP,2026-08-10T03:03:19Z,,2026-08-15T06:53:45Z,IDENTITY_VERIFICATION,ABANDONED,,,2026-08-15T06:53:45Z
APP000000000909,APL000000722,BUSINESS,MOBILE,MOBILE,2026-08-07T06:29:30Z,2026-08-10T19:24:29Z,2026-08-16T16:34:11Z,DECISION,ABANDONED,,,2026-08-16T16:34:11Z
APP000000000910,APL000000723,STANDARD,WEB,DESKTOP,2026-09-07T19:21:49Z,,,DOCUMENT_UPLOAD,IN_PROGRESS,,,2026-09-09T13:41:57Z
APP000000000911,APL000000724,BUSINESS,WEB,DESKTOP,2026-08-06T03:17:18Z,,,ACCOUNT_TYPE_SELECTION,STARTED,,,2026-08-06T03:17:18Z
APP000000000912,APL000000725,STANDARD,WEB,DESKTOP,2026-08-15T20:38:07Z,,2026-08-23T11:02:47Z,IDENTITY_VERIFICATION,ABANDONED,,,2026-08-23T11:02:47Z
APP000000000913,APL000000726,STANDARD,WEB,DESKTOP,2026-08-13T01:16:54Z,2026-08-13T03:10:50Z,,REVIEW,SUBMITTED,,,2026-08-13T03:10:50Z
APP000000000914,APL000000727,STANDARD,WEB,DESKTOP,2026-07-21T22:23:13Z,,2026-07-25T04:21:24Z,DOCUMENT_UPLOAD,ABANDONED,,,2026-07-25T04:21:24Z
APP000000000915,APL000000727,PARTNER,MOBILE,MOBILE,2026-08-09T17:46:24Z,2026-08-09T19:54:21Z,2026-08-10T20:51:11Z,DECISION,APPROVED,APPROVED,,2026-08-10T20:51:11Z
APP000000000916,APL000000727,PREMIUM,ASSISTED,DESKTOP,2026-08-21T11:52:05Z,,,ACCOUNT_TYPE_SELECTION,STARTED,,,2026-08-21T11:52:05Z
APP000000000917,APL000000728,PREMIUM,MOBILE,MOBILE,2026-08-02T20:48:14Z,,,PERSONAL_INFO,IN_PROGRESS,,,2026-08-02T21:25:46Z
APP000000000918,APL000000729,STANDARD,WEB,DESKTOP,2026-09-10T05:25:20Z,2026-09-10T07:51:20Z,2026-09-12T20:44:06Z,DECISION,APPROVED,APPROVED,,2026-09-12T20:44:06Z
APP000000000919,APL000000730,PREMIUM,WEB,DESKTOP,2026-09-10T20:16:01Z,2026-09-10T22:42:51Z,2026-09-11T04:03:47Z,DECISION,APPROVED,APPROVED,,2026-09-11T04:03:47Z
APP000000000920,APL000000731,STANDARD,MOBILE,MOBILE,2026-09-16T22:35:00Z,,2026-09-19T03:15:23Z,PERSONAL_INFO,ABANDONED,,,2026-09-19T03:15:23Z
APP000000000921,APL000000731,PARTNER,MOBILE,MOBILE,2026-08-12T18:18:18Z,2026-08-14T23:09:04Z,,REVIEW,SUBMITTED,,,2026-08-14T23:09:04Z
APP000000000922,APL000000731,STANDARD,MOBILE,MOBILE,2026-08-20T12:17:19Z,2026-08-20T15:20:18Z,2026-08-21T23:49:08Z,DECISION,APPROVED,APPROVED,,2026-08-21T23:49:08Z
APP000000000923,APL000000732,PREMIUM,PARTNER,OTHER,2026-08-17T20:10:44Z,,2026-08-26T20:29:35Z,PERSONAL_INFO,ABANDONED,,,2026-08-26T20:29:35Z
APP000000000924,APL000000733,STANDARD,MOBILE,MOBILE,2026-08-22T14:16:41Z,2026-08-31T04:28:33Z,,REVIEW,SUBMITTED,,,2026-08-31T04:28:33Z
APP000000000925,APL000000733,PARTNER,WEB,DESKTOP,2026-08-19T23:38:10Z,2026-08-20T02:09:40Z,2026-08-21T18:52:26Z,DECISION,APPROVED,APPROVED,,2026-08-21T18:52:26Z
APP000000000926,APL000000733,STANDARD,PARTNER,OTHER,2026-09-04T15:18:14Z,,2026-09-12T16:42:41Z,ACCOUNT_TYPE_SELECTION,ABANDONED,,,2026-09-12T16:42:41Z
APP000000000927,APL000000734,PREMIUM,WEB,DESKTOP,2026-07-11T07:37:54Z,,2026-07-17T18:48:40Z,ACCOUNT_TYPE_SELECTION,ABANDONED,,,2026-07-17T18:48:40Z
APP000000000928,APL000000735,PARTNER,WEB,DESKTOP,2026-09-11T23:34:21Z,2026-09-12T02:10:35Z,2026-09-13T07:04:49Z,DECISION,APPROVED,APPROVED,,2026-09-13T07:04:49Z
APP000000000929,APL000000736,PARTNER,WEB,DESKTOP,2026-08-28T22:48:37Z,2026-08-29T01:16:54Z,2026-08-31T05:52:48Z,DECISION,APPROVED,APPROVED,,2026-08-31T05:52:48Z
APP000000000930,APL000000737,STANDARD,WEB,DESKTOP,2026-08-24T22:23:20Z,,2026-08-31T19:03:32Z,PERSONAL_INFO,ABANDONED,,,2026-08-31T19:03:32Z
APP000000000931,APL000000738,PREMIUM,WEB,DESKTOP,2026-06-27T22:16:36Z,2026-06-28T00:40:21Z,2026-06-30T16:07:27Z,DECISION,APPROVED,APPROVED,,2026-06-30T16:07:27Z
APP000000000932,APL000000739,STANDARD,WEB,DESKTOP,2026-08-12T13:25:35Z,2026-08-12T15:09:34Z,2026-08-13T18:02:39Z,DECISION,ABANDONED,,,2026-08-13T18:02:39Z
APP000000000933,APL000000740,PARTNER,WEB,TABLET,2026-09-08T16:36:44Z,2026-09-08T19:17:30Z,2026-09-09T10:27:58Z,DECISION,APPROVED,APPROVED,,2026-09-09T10:27:58Z
APP000000000934,APL000000741,BUSINESS,WEB,DESKTOP,2026-08-09T23:02:09Z,,,FUNDING_SETUP,IN_PROGRESS,,,2026-08-13T13:33:26Z
APP000000000935,APL000000742,PARTNER,PARTNER,DESKTOP,2026-09-02T00:08:58Z,2026-09-02T02:18:47Z,2026-09-07T08:16:33Z,DECISION,ABANDONED,,,2026-09-07T08:16:33Z
APP000000000936,APL000000743,STANDARD,WEB,TABLET,2026-06-27T05:50:03Z,2026-06-27T07:22:09Z,2026-07-05T14:27:17Z,DECISION,ABANDONED,,,2026-07-05T14:27:17Z
APP000000000937,APL000000744,PREMIUM,PARTNER,DESKTOP,2026-07-27T07:36:41Z,2026-07-27T10:06:34Z,2026-07-27T16:10:34Z,DECISION,APPROVED,APPROVED,,2026-07-27T16:10:34Z
APP000000000938,APL000000745,PREMIUM,WEB,DESKTOP,2026-08-24T14:59:32Z,2026-08-26T11:56:57Z,2026-08-28T10:29:11Z,DECISION,REJECTED,REJECTED,WATCHLIST_MATCH,2026-08-28T10:29:11Z
APP000000000939,APL000000746,PARTNER,ASSISTED,OTHER,2026-07-03T10:27:51Z,,,PERSONAL_INFO,IN_PROGRESS,,,2026-07-03T11:04:15Z
APP000000000940,APL000000747,STANDARD,MOBILE,MOBILE,2026-08-29T07:08:44Z,2026-08-29T09:06:57Z,2026-08-31T10:20:32Z,DECISION,APPROVED,APPROVED,,2026-08-31T10:20:32Z
APP000000000941,APL000000748,BUSINESS,MOBILE,MOBILE,2026-07-14T10:29:44Z,,,ACCOUNT_TYPE_SELECTION,IN_PROGRESS,,,2026-07-14T10:49:23Z
APP000000000942,APL000000748,BUSINESS,WEB,DESKTOP,2026-07-07T13:44:12Z,2026-07-07T15:56:50Z,2026-07-09T05:48:15Z,DECISION,APPROVED,APPROVED,,2026-07-09T05:48:15Z
APP000000000943,APL000000749,PREMIUM,MOBILE,MOBILE,2026-08-18T16:13:01Z,2026-08-19T14:48:45Z,2026-08-22T09:57:32Z,DECISION,APPROVED,APPROVED,,2026-08-22T09:57:32Z
APP000000000944,APL000000750,PREMIUM,PARTNER,DESKTOP,2026-08-21T00:30:05Z,,2026-08-28T17:08:05Z,ACCOUNT_TYPE_SELECTION,ABANDONED,,,2026-08-28T17:08:05Z
APP000000000945,APL000000751,PREMIUM,MOBILE,MOBILE,2026-09-03T21:21:15Z,2026-09-04T00:20:41Z,2026-09-06T21:06:02Z,DECISION,REJECTED,REJECTED,WATCHLIST_MATCH,2026-09-06T21:06:02Z
APP000000000946,APL000000752,STANDARD,WEB,DESKTOP,2026-08-02T02:00:58Z,2026-08-02T04:14:09Z,2026-08-04T00:04:20Z,DECISION,REJECTED,REJECTED,RISK_SCORE_THRESHOLD,2026-08-04T00:04:20Z
APP000000000947,APL000000753,STANDARD,WEB,DESKTOP,2026-08-12T00:40:38Z,2026-08-15T23:10:47Z,2026-08-16T09:00:02Z,DECISION,APPROVED,APPROVED,,2026-08-16T09:00:02Z
APP000000000948,APL000000753,STANDARD,WEB,DESKTOP,2026-08-28T05:14:22Z,2026-08-28T07:56:43Z,,REVIEW,SUBMITTED,,,2026-08-28T07:56:43Z
APP000000000949,APL000000754,PREMIUM,WEB,TABLET,2026-08-26T23:24:57Z,2026-08-30T18:06:45Z,,REVIEW,SUBMITTED,,,2026-08-30T18:06:45Z
APP000000000950,APL000000755,STANDARD,MOBILE,MOBILE,2026-08-24T18:48:51Z,2026-08-31T10:11:10Z,2026-09-02T00:35:41Z,DECISION,REJECTED,REJECTED,INSUFFICIENT_DOCUMENTATION,2026-09-02T00:35:41Z
APP000000000951,APL000000755,STANDARD,WEB,TABLET,2026-09-12T14:22:57Z,,,PERSONAL_INFO,IN_PROGRESS,,,2026-09-12T14:56:03Z
APP000000000952,APL000000756,BUSINESS,MOBILE,MOBILE,2026-08-30T06:29:42Z,2026-08-30T08:58:35Z,2026-09-01T03:21:40Z,DECISION,ABANDONED,,,2026-09-01T03:21:40Z
APP000000000953,APL000000757,STANDARD,WEB,DESKTOP,2026-08-29T02:35:31Z,,,DOCUMENT_UPLOAD,IN_PROGRESS,,,2026-09-01T02:11:58Z
APP000000000954,APL000000758,PREMIUM,MOBILE,MOBILE,2026-09-09T19:00:55Z,,,PERSONAL_INFO,IN_PROGRESS,,,2026-09-09T19:20:40Z
APP000000000955,APL000000759,STANDARD,MOBILE,MOBILE,2026-09-19T04:52:09Z,2026-09-19T08:03:12Z,2026-09-19T10:41:40Z,DECISION,APPROVED,APPROVED,,2026-09-19T10:41:40Z
APP000000000956,APL000000760,STANDARD,MOBILE,MOBILE,2026-08-29T21:25:46Z,2026-08-29T23:25:44Z,2026-08-30T08:05:55Z,DECISION,REJECTED,REJECTED,DUPLICATE_APPLICATION,2026-08-30T08:05:55Z
APP000000000957,APL000000761,BUSINESS,WEB,DESKTOP,2026-07-18T16:50:42Z,,,ACCOUNT_TYPE_SELECTION,IN_PROGRESS,,,2026-07-18T17:04:16Z
APP000000000958,APL000000762,PARTNER,WEB,DESKTOP,2026-08-31T08:31:49Z,,2026-09-04T09:50:40Z,DOCUMENT_UPLOAD,ABANDONED,,,2026-09-04T09:50:40Z
APP000000000959,APL000000763,PREMIUM,WEB,DESKTOP,2026-08-26T07:45:14Z,2026-08-26T09:39:01Z,2026-08-27T05:16:32Z,DECISION,APPROVED,APPROVED,,2026-08-27T05:16:32Z
APP000000000960,APL000000764,STANDARD,WEB,TABLET,2026-09-01T16:20:31Z,2026-09-01T18:18:21Z,2026-09-03T01:27:28Z,DECISION,APPROVED,APPROVED,,2026-09-03T01:27:28Z
APP000000000961,APL000000765,STANDARD,WEB,DESKTOP,2026-09-02T07:14:27Z,2026-09-02T10:04:36Z,2026-09-04T09:48:59Z,DECISION,APPROVED,APPROVED,,2026-09-04T09:48:59Z
APP000000000962,APL000000766,STANDARD,WEB,TABLET,2026-09-10T20:23:48Z,2026-09-10T22:47:04Z,2026-09-11T21:23:20Z,DECISION,APPROVED,APPROVED,,2026-09-11T21:23:20Z
APP000000000963,APL000000767,PARTNER,ASSISTED,DESKTOP,2026-09-10T19:43:42Z,,,ACCOUNT_TYPE_SELECTION,STARTED,,,2026-09-10T19:43:42Z
APP000000000964,APL000000768,STANDARD,WEB,DESKTOP,2026-09-06T06:14:40Z,2026-09-06T09:07:53Z,2026-09-08T22:39:35Z,DECISION,APPROVED,APPROVED,,2026-09-08T22:39:35Z
APP000000000965,APL000000769,STANDARD,MOBILE,MOBILE,2026-08-01T20:56:03Z,2026-08-01T23:22:11Z,2026-08-08T06:07:24Z,DECISION,ABANDONED,,,2026-08-08T06:07:24Z
APP000000000966,APL000000770,STANDARD,ASSISTED,DESKTOP,2026-09-08T07:18:14Z,2026-09-08T09:26:23Z,2026-09-09T16:26:13Z,DECISION,APPROVED,APPROVED,,2026-09-09T16:26:13Z
APP000000000967,APL000000771,PREMIUM,MOBILE,MOBILE,2026-08-09T17:17:50Z,2026-08-09T19:35:08Z,2026-08-09T22:41:58Z,DECISION,APPROVED,APPROVED,,2026-08-09T22:41:58Z
APP000000000968,APL000000772,STANDARD,WEB,DESKTOP,2026-07-05T20:19:13Z,,2026-07-15T20:28:23Z,FUNDING_SETUP,ABANDONED,,,2026-07-15T20:28:23Z
APP000000000969,APL000000773,BUSINESS,ASSISTED,OTHER,2026-09-12T20:13:25Z,,,DOCUMENT_UPLOAD,IN_PROGRESS,,,2026-09-12T21:09:18Z
APP000000000970,APL000000774,STANDARD,MOBILE,MOBILE,2026-08-19T22:21:12Z,,2026-08-21T07:45:23Z,FUNDING_SETUP,ABANDONED,,,2026-08-21T07:45:23Z
APP000000000971,APL000000775,PARTNER,WEB,DESKTOP,2026-08-05T08:14:53Z,2026-08-07T06:03:47Z,,REVIEW,SUBMITTED,,,2026-08-07T06:03:47Z
APP000000000972,APL000000776,PREMIUM,MOBILE,MOBILE,2026-09-05T08:37:58Z,2026-09-05T10:45:10Z,,REVIEW,SUBMITTED,,,2026-09-05T10:45:10Z
APP000000000973,APL000000777,PARTNER,WEB,DESKTOP,2026-09-17T08:24:11Z,2026-09-17T09:41:45Z,2026-09-19T08:50:58Z,DECISION,APPROVED,APPROVED,,2026-09-19T08:50:58Z
APP000000000974,APL000000778,BUSINESS,MOBILE,MOBILE,2026-08-25T00:17:07Z,2026-08-30T15:26:01Z,2026-09-01T00:43:08Z,DECISION,APPROVED,APPROVED,,2026-09-01T00:43:08Z
APP000000000975,APL000000779,PREMIUM,MOBILE,MOBILE,2026-09-07T01:20:47Z,2026-09-07T03:55:14Z,2026-09-09T11:38:20Z,DECISION,APPROVED,APPROVED,,2026-09-09T11:38:20Z
APP000000000976,APL000000780,STANDARD,WEB,DESKTOP,2026-06-21T02:04:42Z,,,ACCOUNT_TYPE_SELECTION,STARTED,,,2026-06-21T02:04:42Z
APP000000000977,APL000000780,STANDARD,MOBILE,MOBILE,2026-08-18T00:47:24Z,2026-08-18T02:54:12Z,2026-08-20T20:09:18Z,DECISION,REJECTED,REJECTED,RISK_SCORE_THRESHOLD,2026-08-20T20:09:18Z
APP000000000978,APL000000781,STANDARD,WEB,TABLET,2026-08-08T23:00:29Z,2026-08-09T01:09:51Z,2026-08-10T06:46:40Z,DECISION,APPROVED,APPROVED,,2026-08-10T06:46:40Z
APP000000000979,APL000000782,STANDARD,MOBILE,MOBILE,2026-09-03T13:17:47Z,2026-09-03T15:05:02Z,2026-09-04T07:24:45Z,DECISION,APPROVED,APPROVED,,2026-09-04T07:24:45Z
APP000000000980,APL000000782,STANDARD,WEB,DESKTOP,2026-09-03T14:56:39Z,,2026-09-04T11:00:53Z,FUNDING_SETUP,ABANDONED,,,2026-09-04T11:00:53Z
APP000000000981,APL000000783,STANDARD,MOBILE,MOBILE,2026-09-13T03:27:56Z,2026-09-13T05:17:02Z,2026-09-14T14:05:59Z,DECISION,APPROVED,APPROVED,,2026-09-14T14:05:59Z
APP000000000982,APL000000783,STANDARD,MOBILE,MOBILE,2026-08-27T08:00:04Z,2026-08-27T10:25:30Z,2026-08-27T12:48:29Z,DECISION,REJECTED,REJECTED,DUPLICATE_APPLICATION,2026-08-27T12:48:29Z
APP000000000983,APL000000783,STANDARD,MOBILE,MOBILE,2026-08-25T18:52:32Z,2026-08-25T20:42:03Z,2026-08-27T04:09:52Z,DECISION,APPROVED,APPROVED,,2026-08-27T04:09:52Z
APP000000000984,APL000000784,BUSINESS,MOBILE,MOBILE,2026-08-12T23:50:02Z,2026-08-17T01:24:47Z,,REVIEW,SUBMITTED,,,2026-08-17T01:24:47Z
APP000000000985,APL000000785,PARTNER,MOBILE,MOBILE,2026-07-27T19:22:29Z,2026-07-27T21:15:03Z,2026-07-29T01:07:37Z,DECISION,APPROVED,APPROVED,,2026-07-29T01:07:37Z
APP000000000986,APL000000786,PREMIUM,ASSISTED,OTHER,2026-09-14T02:56:12Z,,2026-09-14T22:49:50Z,DOCUMENT_UPLOAD,ABANDONED,,,2026-09-14T22:49:50Z
APP000000000987,APL000000787,PREMIUM,WEB,DESKTOP,2026-09-17T20:00:58Z,,,ACCOUNT_TYPE_SELECTION,STARTED,,,2026-09-17T20:00:58Z
APP000000000988,APL000000788,STANDARD,MOBILE,MOBILE,2026-08-11T11:55:53Z,2026-08-11T13:57:49Z,2026-08-12T05:55:56Z,DECISION,APPROVED,APPROVED,,2026-08-12T05:55:56Z
APP000000000989,APL000000789,STANDARD,MOBILE,MOBILE,2026-09-14T10:47:24Z,2026-09-14T13:58:01Z,2026-09-15T13:54:47Z,DECISION,APPROVED,APPROVED,,2026-09-15T13:54:47Z
APP000000000990,APL000000790,STANDARD,ASSISTED,DESKTOP,2026-08-04T13:17:57Z,2026-08-04T15:42:41Z,2026-08-06T11:36:00Z,DECISION,APPROVED,APPROVED,,2026-08-06T11:36:00Z
APP000000000991,APL000000791,PREMIUM,WEB,DESKTOP,2026-07-14T11:54:48Z,,,DOCUMENT_UPLOAD,IN_PROGRESS,,,2026-07-19T05:04:12Z
APP000000000992,APL000000792,PREMIUM,WEB,DESKTOP,2026-07-15T03:20:40Z,,,FUNDING_SETUP,IN_PROGRESS,,,2026-07-17T01:23:46Z
APP000000000993,APL000000792,PREMIUM,WEB,DESKTOP,2026-08-03T13:20:06Z,2026-08-11T02:45:00Z,2026-08-13T18:06:50Z,DECISION,REJECTED,REJECTED,FAILED_IDENTITY_CHECK,2026-08-13T18:06:50Z
APP000000000994,APL000000793,STANDARD,WEB,DESKTOP,2026-09-09T12:44:43Z,2026-09-09T14:52:46Z,2026-09-16T02:29:20Z,DECISION,ABANDONED,,,2026-09-16T02:29:20Z
APP000000000995,APL000000794,STANDARD,MOBILE,MOBILE,2026-09-05T18:09:19Z,2026-09-05T20:55:46Z,2026-09-07T05:42:01Z,DECISION,APPROVED,APPROVED,,2026-09-07T05:42:01Z
APP000000000996,APL000000795,PARTNER,WEB,DESKTOP,2026-08-07T23:33:23Z,,,IDENTITY_VERIFICATION,IN_PROGRESS,,,2026-08-13T04:22:30Z
APP000000000997,APL000000795,PREMIUM,MOBILE,MOBILE,2026-08-29T06:56:24Z,2026-09-02T02:26:50Z,2026-09-11T01:38:23Z,DECISION,ABANDONED,,,2026-09-11T01:38:23Z
APP000000000998,APL000000796,STANDARD,ASSISTED,DESKTOP,2026-07-21T11:33:22Z,2026-07-21T13:51:30Z,2026-07-24T09:57:06Z,DECISION,APPROVED,APPROVED,,2026-07-24T09:57:06Z
APP000000000999,APL000000796,STANDARD,WEB,TABLET,2026-09-03T12:36:11Z,2026-09-03T14:54:14Z,2026-09-04T01:44:04Z,DECISION,APPROVED,APPROVED,,2026-09-04T01:44:04Z
APP000000001000,APL000000797,PARTNER,MOBILE,MOBILE,2026-09-02T00:31:56Z,2026-09-10T00:10:04Z,2026-09-12T18:41:00Z,DECISION,APPROVED,APPROVED,,2026-09-12T18:41:00Z
APP000000001001,APL000000798,STANDARD,WEB,DESKTOP,2026-08-14T02:26:34Z,2026-08-19T15:20:59Z,2026-08-24T05:12:40Z,DECISION,ABANDONED,,,2026-08-24T05:12:40Z
APP000000001002,APL000000798,STANDARD,MOBILE,MOBILE,2026-08-27T07:52:09Z,2026-08-30T15:58:06Z,2026-09-04T09:17:53Z,DECISION,ABANDONED,,,2026-09-04T09:17:53Z
APP000000001003,APL000000799,PARTNER,PARTNER,DESKTOP,2026-07-05T12:01:37Z,2026-07-05T14:09:40Z,2026-07-07T17:04:55Z,DECISION,APPROVED,APPROVED,,2026-07-07T17:04:55Z
APP000000001004,APL000000800,PREMIUM,WEB,TABLET,2026-09-18T19:31:39Z,,,FUNDING_SETUP,IN_PROGRESS,,,2026-09-18T21:09:06Z
APP000000001005,APL000000801,PREMIUM,WEB,DESKTOP,2026-08-23T09:46:43Z,2026-08-23T12:10:26Z,2026-08-26T04:53:49Z,DECISION,APPROVED,APPROVED,,2026-08-26T04:53:49Z
APP000000001006,APL000000802,STANDARD,MOBILE,MOBILE,2026-07-18T21:57:12Z,2026-07-19T00:14:02Z,,REVIEW,SUBMITTED,,,2026-07-19T00:14:02Z
APP000000001007,APL000000803,BUSINESS,MOBILE,MOBILE,2026-08-13T19:38:55Z,,,FUNDING_SETUP,IN_PROGRESS,,,2026-08-17T08:42:54Z
APP000000001008,APL000000804,PARTNER,MOBILE,MOBILE,2026-08-31T01:32:29Z,2026-08-31T04:19:33Z,2026-08-31T05:40:28Z,DECISION,APPROVED,APPROVED,,2026-08-31T05:40:28Z
APP000000001009,APL000000805,BUSINESS,MOBILE,MOBILE,2026-09-17T19:09:15Z,2026-09-17T20:39:31Z,,REVIEW,SUBMITTED,,,2026-09-17T20:39:31Z
APP000000001010,APL000000805,PARTNER,WEB,DESKTOP,2026-09-10T18:25:34Z,2026-09-10T20:56:58Z,2026-09-13T19:22:29Z,DECISION,APPROVED,APPROVED,,2026-09-13T19:22:29Z
APP000000001011,APL000000805,BUSINESS,MOBILE,MOBILE,2026-08-23T13:38:56Z,,,IDENTITY_VERIFICATION,IN_PROGRESS,,,2026-08-23T14:29:11Z
APP000000001012,APL000000806,PREMIUM,WEB,DESKTOP,2026-09-09T01:43:22Z,,,ACCOUNT_TYPE_SELECTION,IN_PROGRESS,,,2026-09-09T01:57:53Z
APP000000001013,APL000000807,STANDARD,MOBILE,MOBILE,2026-08-31T00:50:37Z,2026-08-31T03:29:09Z,2026-09-01T18:03:27Z,DECISION,APPROVED,APPROVED,,2026-09-01T18:03:27Z
APP000000001014,APL000000808,STANDARD,MOBILE,MOBILE,2026-08-23T03:50:45Z,2026-08-28T17:25:07Z,2026-08-30T22:03:59Z,DECISION,APPROVED,APPROVED,,2026-08-30T22:03:59Z
APP000000001015,APL000000809,STANDARD,WEB,TABLET,2026-09-12T15:01:01Z,,2026-09-14T11:57:50Z,IDENTITY_VERIFICATION,ABANDONED,,,2026-09-14T11:57:50Z
APP000000001016,APL000000810,PARTNER,MOBILE,MOBILE,2026-08-24T05:28:56Z,2026-08-24T08:13:13Z,2026-08-25T11:14:25Z,DECISION,APPROVED,APPROVED,,2026-08-25T11:14:25Z
APP000000001017,APL000000811,STANDARD,PARTNER,DESKTOP,2026-07-20T15:49:53Z,2026-07-20T18:00:59Z,,REVIEW,SUBMITTED,,,2026-07-20T18:00:59Z
APP000000001018,APL000000812,STANDARD,MOBILE,MOBILE,2026-09-14T22:57:12Z,2026-09-15T01:34:57Z,2026-09-17T00:01:59Z,DECISION,REJECTED,REJECTED,WATCHLIST_MATCH,2026-09-17T00:01:59Z
APP000000001019,APL000000813,STANDARD,MOBILE,MOBILE,2026-08-26T17:14:54Z,,2026-08-28T14:07:52Z,DOCUMENT_UPLOAD,ABANDONED,,,2026-08-28T14:07:52Z
APP000000001020,APL000000814,PREMIUM,WEB,DESKTOP,2026-09-12T17:55:18Z,2026-09-12T20:10:01Z,2026-09-14T07:21:49Z,DECISION,REJECTED,REJECTED,FAILED_IDENTITY_CHECK,2026-09-14T07:21:49Z
APP000000001021,APL000000815,STANDARD,WEB,TABLET,2026-08-27T12:16:03Z,2026-08-27T15:01:44Z,2026-08-28T16:08:00Z,DECISION,APPROVED,APPROVED,,2026-08-28T16:08:00Z
APP000000001022,APL000000815,STANDARD,WEB,DESKTOP,2026-08-13T21:13:58Z,2026-08-13T23:31:38Z,2026-08-15T20:16:42Z,DECISION,APPROVED,APPROVED,,2026-08-15T20:16:42Z
APP000000001023,APL000000815,STANDARD,PARTNER,DESKTOP,2026-08-31T13:16:05Z,2026-08-31T15:01:19Z,,REVIEW,SUBMITTED,,,2026-08-31T15:01:19Z
APP000000001024,APL000000816,STANDARD,WEB,DESKTOP,2026-07-02T15:23:35Z,,,PERSONAL_INFO,IN_PROGRESS,,,2026-07-02T16:07:02Z
APP000000001025,APL000000816,STANDARD,MOBILE,MOBILE,2026-08-14T23:07:07Z,2026-08-16T17:24:39Z,2026-08-16T20:14:08Z,DECISION,APPROVED,APPROVED,,2026-08-16T20:14:08Z
APP000000001026,APL000000817,PARTNER,WEB,DESKTOP,2026-07-10T01:54:25Z,,,ACCOUNT_TYPE_SELECTION,STARTED,,,2026-07-10T01:54:25Z
APP000000001027,APL000000818,STANDARD,MOBILE,MOBILE,2026-08-19T15:13:08Z,2026-08-19T17:35:25Z,2026-08-21T13:16:17Z,DECISION,REJECTED,REJECTED,DUPLICATE_APPLICATION,2026-08-21T13:16:17Z
APP000000001028,APL000000819,PARTNER,WEB,TABLET,2026-08-23T08:27:30Z,2026-08-23T10:25:20Z,2026-08-23T15:24:19Z,DECISION,REJECTED,REJECTED,DUPLICATE_APPLICATION,2026-08-23T15:24:19Z
APP000000001029,APL000000820,STANDARD,WEB,TABLET,2026-07-10T20:05:42Z,,2026-07-16T20:36:45Z,IDENTITY_VERIFICATION,ABANDONED,,,2026-07-16T20:36:45Z
APP000000001030,APL000000821,PREMIUM,WEB,DESKTOP,2026-08-22T16:32:25Z,2026-08-25T08:15:08Z,,REVIEW,SUBMITTED,,,2026-08-25T08:15:08Z
APP000000001031,APL000000822,STANDARD,PARTNER,DESKTOP,2026-09-11T03:13:32Z,2026-09-11T05:40:52Z,2026-09-13T16:07:27Z,DECISION,REJECTED,REJECTED,DUPLICATE_APPLICATION,2026-09-13T16:07:27Z
APP000000001032,APL000000822,PREMIUM,WEB,DESKTOP,2026-09-17T18:26:39Z,2026-09-20T02:46:47Z,2026-09-22T08:12:41Z,DECISION,APPROVED,APPROVED,,2026-09-22T08:12:41Z
APP000000001033,APL000000823,PREMIUM,MOBILE,MOBILE,2026-07-19T05:15:29Z,,2026-07-22T22:08:36Z,FUNDING_SETUP,ABANDONED,,,2026-07-22T22:08:36Z
APP000000001034,APL000000824,BUSINESS,MOBILE,MOBILE,2026-08-28T01:54:21Z,,2026-09-02T18:15:26Z,DOCUMENT_UPLOAD,ABANDONED,,,2026-09-02T18:15:26Z
APP000000001035,APL000000825,BUSINESS,WEB,TABLET,2026-09-15T18:45:19Z,2026-09-15T21:00:51Z,2026-09-22T18:17:32Z,DECISION,ABANDONED,,,2026-09-22T18:17:32Z
APP000000001036,APL000000826,STANDARD,WEB,DESKTOP,2026-06-18T23:09:56Z,2026-06-19T01:29:47Z,2026-06-21T02:53:53Z,DECISION,REJECTED,REJECTED,RISK_SCORE_THRESHOLD,2026-06-21T02:53:53Z
APP000000001037,APL000000827,STANDARD,MOBILE,MOBILE,2026-08-26T21:14:50Z,2026-08-26T23:13:10Z,2026-08-28T22:46:04Z,DECISION,REJECTED,REJECTED,INELIGIBLE_REGION,2026-08-28T22:46:04Z
APP000000001038,APL000000828,PREMIUM,MOBILE,MOBILE,2026-07-26T14:40:42Z,2026-07-31T01:39:50Z,2026-08-04T07:04:54Z,DECISION,ABANDONED,,,2026-08-04T07:04:54Z
APP000000001039,APL000000828,PREMIUM,MOBILE,MOBILE,2026-09-02T18:32:23Z,2026-09-02T21:24:10Z,2026-09-04T00:49:01Z,DECISION,APPROVED,APPROVED,,2026-09-04T00:49:01Z
APP000000001040,APL000000828,PREMIUM,WEB,TABLET,2026-08-22T18:31:55Z,,,PERSONAL_INFO,IN_PROGRESS,,,2026-08-22T18:47:47Z
APP000000001041,APL000000829,PREMIUM,WEB,TABLET,2026-09-11T03:09:19Z,2026-09-11T05:44:30Z,2026-09-14T00:55:54Z,DECISION,APPROVED,APPROVED,,2026-09-14T00:55:54Z
APP000000001042,APL000000830,PREMIUM,ASSISTED,DESKTOP,2026-08-02T13:53:01Z,2026-08-02T15:34:58Z,2026-08-03T17:06:47Z,DECISION,APPROVED,APPROVED,,2026-08-03T17:06:47Z
APP000000001043,APL000000831,BUSINESS,WEB,DESKTOP,2026-09-05T08:40:39Z,,2026-09-11T05:10:03Z,ACCOUNT_TYPE_SELECTION,ABANDONED,,,2026-09-11T05:10:03Z
APP000000001044,APL000000832,BUSINESS,WEB,DESKTOP,2026-09-06T05:17:56Z,,,FUNDING_SETUP,IN_PROGRESS,,,2026-09-11T10:16:30Z
APP000000001045,APL000000833,STANDARD,WEB,DESKTOP,2026-07-02T13:42:05Z,2026-07-02T15:40:29Z,2026-07-03T00:31:39Z,DECISION,APPROVED,APPROVED,,2026-07-03T00:31:39Z
APP000000001046,APL000000834,STANDARD,WEB,DESKTOP,2026-07-14T01:14:12Z,,2026-07-17T15:38:19Z,ACCOUNT_TYPE_SELECTION,ABANDONED,,,2026-07-17T15:38:19Z
APP000000001047,APL000000834,PREMIUM,WEB,DESKTOP,2026-07-23T05:15:13Z,2026-07-23T07:44:36Z,2026-07-23T10:09:57Z,DECISION,APPROVED,APPROVED,,2026-07-23T10:09:57Z
APP000000001048,APL000000835,PARTNER,ASSISTED,OTHER,2026-08-15T10:51:01Z,2026-08-15T12:52:47Z,2026-08-17T05:11:41Z,DECISION,APPROVED,APPROVED,,2026-08-17T05:11:41Z
APP000000001049,APL000000836,PREMIUM,MOBILE,MOBILE,2026-08-18T00:17:59Z,2026-08-18T02:18:32Z,2026-08-19T08:34:37Z,DECISION,APPROVED,APPROVED,,2026-08-19T08:34:37Z
APP000000001050,APL000000837,STANDARD,WEB,DESKTOP,2026-07-16T13:32:46Z,,,DOCUMENT_UPLOAD,IN_PROGRESS,,,2026-07-16T14:40:46Z
APP000000001051,APL000000838,PREMIUM,MOBILE,MOBILE,2026-08-17T04:19:09Z,,2026-08-25T10:38:06Z,IDENTITY_VERIFICATION,ABANDONED,,,2026-08-25T10:38:06Z
APP000000001052,APL000000839,BUSINESS,MOBILE,MOBILE,2026-09-05T17:16:06Z,2026-09-05T19:43:13Z,2026-09-08T15:14:44Z,DECISION,REJECTED,REJECTED,WATCHLIST_MATCH,2026-09-08T15:14:44Z
APP000000001053,APL000000840,PARTNER,WEB,DESKTOP,2026-09-08T02:01:38Z,,,ACCOUNT_TYPE_SELECTION,IN_PROGRESS,,,2026-09-08T02:10:55Z
APP000000001054,APL000000841,PREMIUM,MOBILE,MOBILE,2026-07-27T05:25:31Z,2026-07-27T08:48:47Z,2026-07-28T03:29:56Z,DECISION,REJECTED,REJECTED,INSUFFICIENT_DOCUMENTATION,2026-07-28T03:29:56Z
APP000000001055,APL000000842,STANDARD,MOBILE,MOBILE,2026-08-21T19:36:49Z,,2026-09-02T22:48:55Z,IDENTITY_VERIFICATION,ABANDONED,,,2026-09-02T22:48:55Z
APP000000001056,APL000000843,STANDARD,WEB,TABLET,2026-07-29T09:21:26Z,,2026-08-10T20:49:50Z,PERSONAL_INFO,ABANDONED,,,2026-08-10T20:49:50Z
APP000000001057,APL000000844,PREMIUM,WEB,DESKTOP,2026-09-18T10:54:11Z,2026-09-18T14:14:37Z,,REVIEW,SUBMITTED,,,2026-09-18T14:14:37Z
APP000000001058,APL000000845,PREMIUM,WEB,DESKTOP,2026-08-14T18:19:20Z,,2026-08-16T00:54:28Z,DOCUMENT_UPLOAD,ABANDONED,,,2026-08-16T00:54:28Z
APP000000001059,APL000000845,PREMIUM,PARTNER,OTHER,2026-08-21T16:42:53Z,2026-08-21T18:57:32Z,2026-08-24T17:32:23Z,DECISION,APPROVED,APPROVED,,2026-08-24T17:32:23Z
APP000000001060,APL000000846,PREMIUM,WEB,DESKTOP,2026-09-15T12:13:45Z,2026-09-15T14:21:38Z,,REVIEW,SUBMITTED,,,2026-09-15T14:21:38Z
APP000000001061,APL000000847,STANDARD,MOBILE,MOBILE,2026-09-09T03:34:50Z,2026-09-09T06:04:52Z,2026-09-10T15:46:14Z,DECISION,APPROVED,APPROVED,,2026-09-10T15:46:14Z
APP000000001062,APL000000847,STANDARD,WEB,TABLET,2026-09-03T06:46:24Z,,2026-09-08T17:37:37Z,DOCUMENT_UPLOAD,ABANDONED,,,2026-09-08T17:37:37Z
APP000000001063,APL000000848,PREMIUM,PARTNER,DESKTOP,2026-08-09T23:54:19Z,2026-08-10T01:51:54Z,2026-08-12T17:56:36Z,DECISION,REJECTED,REJECTED,DUPLICATE_APPLICATION,2026-08-12T17:56:36Z
APP000000001064,APL000000848,PREMIUM,MOBILE,MOBILE,2026-08-07T10:11:52Z,2026-08-07T11:58:42Z,2026-08-09T18:02:34Z,DECISION,REJECTED,REJECTED,INSUFFICIENT_DOCUMENTATION,2026-08-09T18:02:34Z
APP000000001065,APL000000849,STANDARD,WEB,DESKTOP,2026-06-15T10:13:48Z,2026-06-15T14:04:49Z,2026-06-18T04:26:31Z,DECISION,REJECTED,REJECTED,INSUFFICIENT_DOCUMENTATION,2026-06-18T04:26:31Z
APP000000001066,APL000000850,PREMIUM,MOBILE,MOBILE,2026-07-29T12:10:17Z,,2026-08-06T10:58:45Z,FUNDING_SETUP,ABANDONED,,,2026-08-06T10:58:45Z
APP000000001067,APL000000851,STANDARD,WEB,DESKTOP,2026-07-27T06:50:26Z,,2026-07-29T18:00:45Z,PERSONAL_INFO,ABANDONED,,,2026-07-29T18:00:45Z
APP000000001068,APL000000851,STANDARD,MOBILE,MOBILE,2026-08-10T15:41:07Z,2026-08-10T18:08:49Z,2026-08-11T15:53:24Z,DECISION,APPROVED,APPROVED,,2026-08-11T15:53:24Z
APP000000001069,APL000000852,STANDARD,PARTNER,DESKTOP,2026-07-24T03:55:50Z,,,DOCUMENT_UPLOAD,IN_PROGRESS,,,2026-07-24T05:35:07Z
APP000000001070,APL000000852,STANDARD,WEB,DESKTOP,2026-09-03T13:37:28Z,2026-09-03T16:08:59Z,,REVIEW,SUBMITTED,,,2026-09-03T16:08:59Z
APP000000001071,APL000000853,STANDARD,WEB,DESKTOP,2026-08-29T01:57:50Z,2026-08-29T04:22:15Z,2026-08-30T17:24:55Z,DECISION,REJECTED,REJECTED,WATCHLIST_MATCH,2026-08-30T17:24:55Z
APP000000001072,APL000000854,STANDARD,ASSISTED,OTHER,2026-07-20T05:18:17Z,,,ACCOUNT_TYPE_SELECTION,STARTED,,,2026-07-20T05:18:17Z
APP000000001073,APL000000855,STANDARD,WEB,TABLET,2026-08-26T00:20:31Z,2026-08-26T02:55:04Z,2026-08-27T08:51:56Z,DECISION,REJECTED,REJECTED,INELIGIBLE_REGION,2026-08-27T08:51:56Z
APP000000001074,APL000000856,PREMIUM,WEB,DESKTOP,2026-08-02T08:50:50Z,,2026-08-07T04:28:39Z,DOCUMENT_UPLOAD,ABANDONED,,,2026-08-07T04:28:39Z
APP000000001075,APL000000857,BUSINESS,PARTNER,DESKTOP,2026-06-27T17:54:37Z,2026-06-27T19:42:32Z,2026-06-29T00:19:36Z,DECISION,APPROVED,APPROVED,,2026-06-29T00:19:36Z
APP000000001076,APL000000858,PREMIUM,ASSISTED,OTHER,2026-07-10T18:33:11Z,2026-07-10T21:07:56Z,2026-07-13T04:07:00Z,DECISION,APPROVED,APPROVED,,2026-07-13T04:07:00Z
APP000000001077,APL000000859,PREMIUM,WEB,DESKTOP,2026-08-23T05:05:50Z,,,FUNDING_SETUP,IN_PROGRESS,,,2026-08-23T07:09:28Z
APP000000001078,APL000000860,STANDARD,MOBILE,MOBILE,2026-09-03T08:24:41Z,,2026-09-09T16:36:54Z,FUNDING_SETUP,ABANDONED,,,2026-09-09T16:36:54Z
APP000000001079,APL000000861,STANDARD,WEB,DESKTOP,2026-08-24T00:31:21Z,2026-08-28T15:21:58Z,2026-08-31T10:29:42Z,DECISION,REJECTED,REJECTED,DUPLICATE_APPLICATION,2026-08-31T10:29:42Z
APP000000001080,APL000000862,STANDARD,MOBILE,MOBILE,2026-08-04T09:33:58Z,,,ACCOUNT_TYPE_SELECTION,STARTED,,,2026-08-04T09:33:58Z
APP000000001081,APL000000863,PARTNER,WEB,DESKTOP,2026-09-06T09:25:55Z,2026-09-06T11:14:15Z,2026-09-09T04:12:33Z,DECISION,REJECTED,REJECTED,INELIGIBLE_REGION,2026-09-09T04:12:33Z
APP000000001082,APL000000864,PARTNER,WEB,DESKTOP,2026-08-19T11:18:56Z,2026-08-26T10:51:06Z,2026-08-27T03:40:07Z,DECISION,REJECTED,REJECTED,INELIGIBLE_REGION,2026-08-27T03:40:07Z
APP000000001083,APL000000865,PARTNER,MOBILE,MOBILE,2026-09-19T12:09:10Z,2026-09-19T14:31:41Z,2026-09-21T07:42:20Z,DECISION,REJECTED,REJECTED,INELIGIBLE_REGION,2026-09-21T07:42:20Z
APP000000001084,APL000000866,STANDARD,WEB,DESKTOP,2026-08-30T14:28:59Z,2026-08-30T17:21:56Z,2026-09-02T04:32:17Z,DECISION,APPROVED,APPROVED,,2026-09-02T04:32:17Z
APP000000001085,APL000000867,PREMIUM,MOBILE,MOBILE,2026-08-12T22:57:17Z,,2026-08-14T02:56:44Z,ACCOUNT_TYPE_SELECTION,ABANDONED,,,2026-08-14T02:56:44Z
APP000000001086,APL000000868,STANDARD,MOBILE,MOBILE,2026-07-19T23:26:03Z,2026-07-20T01:28:37Z,2026-07-20T23:55:26Z,DECISION,REJECTED,REJECTED,FAILED_IDENTITY_CHECK,2026-07-20T23:55:26Z
APP000000001087,APL000000869,PREMIUM,WEB,TABLET,2026-07-05T17:31:00Z,,,DOCUMENT_UPLOAD,IN_PROGRESS,,,2026-07-05T19:10:00Z
APP000000001088,APL000000870,BUSINESS,WEB,DESKTOP,2026-09-11T17:31:37Z,2026-09-11T19:16:18Z,2026-09-14T02:56:54Z,DECISION,REJECTED,REJECTED,INELIGIBLE_REGION,2026-09-14T02:56:54Z
APP000000001089,APL000000871,PREMIUM,WEB,DESKTOP,2026-08-04T10:29:41Z,,,ACCOUNT_TYPE_SELECTION,STARTED,,,2026-08-04T10:29:41Z
APP000000001090,APL000000871,STANDARD,ASSISTED,DESKTOP,2026-08-24T19:55:37Z,2026-08-24T22:12:17Z,2026-08-25T20:52:17Z,DECISION,REJECTED,REJECTED,INSUFFICIENT_DOCUMENTATION,2026-08-25T20:52:17Z
APP000000001091,APL000000872,STANDARD,WEB,DESKTOP,2026-08-19T16:28:32Z,2026-08-19T18:01:19Z,2026-08-21T16:08:36Z,DECISION,APPROVED,APPROVED,,2026-08-21T16:08:36Z
APP000000001092,APL000000873,PARTNER,ASSISTED,DESKTOP,2026-06-21T16:19:29Z,,,DOCUMENT_UPLOAD,IN_PROGRESS,,,2026-06-28T05:22:13Z
APP000000001093,APL000000874,PREMIUM,WEB,DESKTOP,2026-08-20T13:41:49Z,2026-08-20T15:59:51Z,2026-08-22T11:42:46Z,DECISION,REJECTED,REJECTED,WATCHLIST_MATCH,2026-08-22T11:42:46Z
APP000000001094,APL000000875,STANDARD,MOBILE,MOBILE,2026-08-13T16:16:10Z,2026-08-13T17:53:44Z,2026-08-15T06:52:23Z,DECISION,REJECTED,REJECTED,DUPLICATE_APPLICATION,2026-08-15T06:52:23Z
APP000000001095,APL000000876,PREMIUM,MOBILE,MOBILE,2026-09-14T04:22:29Z,2026-09-14T05:37:56Z,2026-09-14T15:14:02Z,DECISION,APPROVED,APPROVED,,2026-09-14T15:14:02Z
APP000000001096,APL000000877,STANDARD,WEB,DESKTOP,2026-08-23T11:02:57Z,2026-08-23T13:36:52Z,2026-08-25T21:50:05Z,DECISION,REJECTED,REJECTED,INSUFFICIENT_DOCUMENTATION,2026-08-25T21:50:05Z
APP000000001097,APL000000878,STANDARD,WEB,TABLET,2026-06-25T06:53:11Z,2026-06-29T20:36:04Z,2026-07-01T16:51:06Z,DECISION,REJECTED,REJECTED,RISK_SCORE_THRESHOLD,2026-07-01T16:51:06Z
APP000000001098,APL000000879,STANDARD,WEB,TABLET,2026-07-09T05:12:15Z,2026-07-09T07:26:55Z,2026-07-10T09:27:17Z,DECISION,APPROVED,APPROVED,,2026-07-10T09:27:17Z
APP000000001099,APL000000879,STANDARD,WEB,TABLET,2026-09-15T21:35:44Z,2026-09-16T00:12:46Z,2026-09-16T01:59:36Z,DECISION,REJECTED,REJECTED,WATCHLIST_MATCH,2026-09-16T01:59:36Z
APP000000001100,APL000000880,STANDARD,PARTNER,DESKTOP,2026-09-03T12:48:09Z,2026-09-03T15:53:14Z,2026-09-05T12:02:58Z,DECISION,APPROVED,APPROVED,,2026-09-05T12:02:58Z
APP000000001101,APL000000881,STANDARD,WEB,DESKTOP,2026-08-22T03:18:44Z,2026-08-22T05:17:51Z,2026-08-23T08:40:17Z,DECISION,APPROVED,APPROVED,,2026-08-23T08:40:17Z
APP000000001102,APL000000882,STANDARD,MOBILE,MOBILE,2026-08-23T09:15:18Z,2026-08-23T11:18:11Z,2026-08-25T18:43:39Z,DECISION,REJECTED,REJECTED,WATCHLIST_MATCH,2026-08-25T18:43:39Z
APP000000001103,APL000000883,PARTNER,WEB,DESKTOP,2026-07-24T19:07:31Z,,,ACCOUNT_TYPE_SELECTION,IN_PROGRESS,,,2026-07-24T19:10:44Z
APP000000001104,APL000000884,STANDARD,WEB,DESKTOP,2026-09-08T11:20:44Z,,2026-09-20T14:57:16Z,IDENTITY_VERIFICATION,ABANDONED,,,2026-09-20T14:57:16Z
APP000000001105,APL000000885,STANDARD,MOBILE,MOBILE,2026-08-02T16:56:38Z,,,ACCOUNT_TYPE_SELECTION,STARTED,,,2026-08-02T16:56:38Z
APP000000001106,APL000000885,PARTNER,WEB,DESKTOP,2026-08-19T02:02:58Z,2026-08-21T11:29:49Z,2026-08-23T07:01:04Z,DECISION,APPROVED,APPROVED,,2026-08-23T07:01:04Z
APP000000001107,APL000000885,STANDARD,MOBILE,MOBILE,2026-09-17T04:29:22Z,2026-09-17T06:33:20Z,,REVIEW,SUBMITTED,,,2026-09-17T06:33:20Z
APP000000001108,APL000000886,STANDARD,MOBILE,MOBILE,2026-08-09T04:57:46Z,,,ACCOUNT_TYPE_SELECTION,STARTED,,,2026-08-09T04:57:46Z
APP000000001109,APL000000886,STANDARD,PARTNER,OTHER,2026-09-08T13:54:31Z,2026-09-08T16:48:39Z,2026-09-09T07:35:31Z,DECISION,REJECTED,REJECTED,WATCHLIST_MATCH,2026-09-09T07:35:31Z
APP000000001110,APL000000887,PARTNER,MOBILE,MOBILE,2026-09-05T01:12:44Z,,2026-09-15T18:11:20Z,DOCUMENT_UPLOAD,ABANDONED,,,2026-09-15T18:11:20Z
APP000000001111,APL000000888,BUSINESS,MOBILE,MOBILE,2026-08-27T19:19:39Z,2026-09-03T23:17:41Z,2026-09-05T10:09:53Z,DECISION,APPROVED,APPROVED,,2026-09-05T10:09:53Z
APP000000001112,APL000000889,STANDARD,WEB,DESKTOP,2026-08-28T09:44:56Z,2026-08-28T11:46:11Z,2026-08-31T09:22:26Z,DECISION,REJECTED,REJECTED,WATCHLIST_MATCH,2026-08-31T09:22:26Z
APP000000001113,APL000000890,STANDARD,PARTNER,OTHER,2026-08-23T18:49:59Z,2026-08-23T21:40:33Z,2026-09-01T16:06:28Z,DECISION,ABANDONED,,,2026-09-01T16:06:28Z
APP000000001114,APL000000890,STANDARD,MOBILE,MOBILE,2026-07-20T03:51:00Z,2026-07-20T06:04:03Z,2026-07-21T20:34:35Z,DECISION,REJECTED,REJECTED,WATCHLIST_MATCH,2026-07-21T20:34:35Z
APP000000001115,APL000000891,PREMIUM,PARTNER,DESKTOP,2026-07-05T14:53:02Z,,2026-07-06T05:20:41Z,PERSONAL_INFO,ABANDONED,,,2026-07-06T05:20:41Z
APP000000001116,APL000000891,PREMIUM,MOBILE,MOBILE,2026-06-21T07:02:52Z,,,DOCUMENT_UPLOAD,IN_PROGRESS,,,2026-06-29T20:00:23Z
APP000000001117,APL000000892,STANDARD,MOBILE,MOBILE,2026-07-08T23:39:09Z,2026-07-14T01:39:19Z,2026-07-16T12:22:52Z,DECISION,REJECTED,REJECTED,RISK_SCORE_THRESHOLD,2026-07-16T12:22:52Z
APP000000001118,APL000000893,PARTNER,MOBILE,MOBILE,2026-08-20T23:17:40Z,2026-08-27T16:31:02Z,,REVIEW,SUBMITTED,,,2026-08-27T16:31:02Z
APP000000001119,APL000000894,PARTNER,WEB,DESKTOP,2026-08-08T06:11:24Z,2026-08-08T08:01:17Z,,REVIEW,SUBMITTED,,,2026-08-08T08:01:17Z
APP000000001120,APL000000895,STANDARD,MOBILE,MOBILE,2026-08-07T19:19:56Z,,2026-08-19T08:25:51Z,PERSONAL_INFO,ABANDONED,,,2026-08-19T08:25:51Z
APP000000001121,APL000000896,PREMIUM,WEB,DESKTOP,2026-08-08T02:24:01Z,,,DOCUMENT_UPLOAD,IN_PROGRESS,,,2026-08-08T03:52:39Z
APP000000001122,APL000000896,BUSINESS,ASSISTED,OTHER,2026-09-11T11:12:26Z,,2026-09-21T01:47:50Z,DOCUMENT_UPLOAD,ABANDONED,,,2026-09-21T01:47:50Z
APP000000001123,APL000000897,PREMIUM,PARTNER,OTHER,2026-08-19T20:30:06Z,2026-08-19T22:40:57Z,2026-08-22T22:22:48Z,DECISION,APPROVED,APPROVED,,2026-08-22T22:22:48Z
APP000000001124,APL000000898,PREMIUM,PARTNER,DESKTOP,2026-09-05T04:59:33Z,,2026-09-14T03:54:41Z,IDENTITY_VERIFICATION,ABANDONED,,,2026-09-14T03:54:41Z
APP000000001125,APL000000899,BUSINESS,WEB,DESKTOP,2026-08-27T01:42:35Z,,,ACCOUNT_TYPE_SELECTION,STARTED,,,2026-08-27T01:42:35Z
APP000000001126,APL000000900,PARTNER,ASSISTED,OTHER,2026-09-05T16:16:23Z,,,ACCOUNT_TYPE_SELECTION,STARTED,,,2026-09-05T16:16:23Z
APP000000001127,APL000000900,PREMIUM,WEB,TABLET,2026-09-19T05:57:17Z,2026-09-19T08:35:07Z,2026-09-22T02:34:49Z,DECISION,APPROVED,APPROVED,,2026-09-22T02:34:49Z
APP000000001128,APL000000900,STANDARD,MOBILE,MOBILE,2026-08-24T04:17:32Z,2026-08-28T15:12:18Z,,REVIEW,SUBMITTED,,,2026-08-28T15:12:18Z
APP000000001129,APL000000901,STANDARD,PARTNER,DESKTOP,2026-06-18T08:22:51Z,,2026-06-24T04:33:25Z,FUNDING_SETUP,ABANDONED,,,2026-06-24T04:33:25Z
APP000000001130,APL000000902,STANDARD,ASSISTED,DESKTOP,2026-08-04T06:49:22Z,2026-08-04T08:43:39Z,2026-08-06T11:04:35Z,DECISION,APPROVED,APPROVED,,2026-08-06T11:04:35Z
APP000000001131,APL000000903,STANDARD,WEB,DESKTOP,2026-09-04T18:19:07Z,2026-09-04T20:21:55Z,2026-09-06T23:15:00Z,DECISION,APPROVED,APPROVED,,2026-09-06T23:15:00Z
APP000000001132,APL000000904,STANDARD,WEB,DESKTOP,2026-07-09T07:22:35Z,2026-07-09T09:49:56Z,,REVIEW,SUBMITTED,,,2026-07-09T09:49:56Z
APP000000001133,APL000000905,STANDARD,MOBILE,MOBILE,2026-08-11T21:54:48Z,,,FUNDING_SETUP,IN_PROGRESS,,,2026-08-19T13:23:28Z
APP000000001134,APL000000906,PREMIUM,WEB,DESKTOP,2026-08-18T00:34:02Z,,,FUNDING_SETUP,IN_PROGRESS,,,2026-08-18T02:08:04Z
APP000000001135,APL000000907,PARTNER,ASSISTED,DESKTOP,2026-08-03T00:24:28Z,2026-08-03T02:33:55Z,2026-08-06T00:28:21Z,DECISION,APPROVED,APPROVED,,2026-08-06T00:28:21Z
APP000000001136,APL000000907,PARTNER,ASSISTED,DESKTOP,2026-08-26T22:20:36Z,,,IDENTITY_VERIFICATION,IN_PROGRESS,,,2026-08-26T22:59:13Z
APP000000001137,APL000000908,STANDARD,WEB,TABLET,2026-07-28T03:55:45Z,,2026-08-04T08:45:14Z,PERSONAL_INFO,ABANDONED,,,2026-08-04T08:45:14Z
APP000000001138,APL000000909,STANDARD,PARTNER,OTHER,2026-08-13T09:36:39Z,2026-08-13T11:29:41Z,2026-08-15T02:32:35Z,DECISION,APPROVED,APPROVED,,2026-08-15T02:32:35Z
APP000000001139,APL000000910,PARTNER,MOBILE,MOBILE,2026-08-02T12:20:23Z,2026-08-02T14:16:00Z,2026-08-05T11:28:07Z,DECISION,APPROVED,APPROVED,,2026-08-05T11:28:07Z
APP000000001140,APL000000911,PARTNER,MOBILE,MOBILE,2026-09-18T18:40:13Z,2026-09-18T21:04:08Z,2026-09-20T06:43:29Z,DECISION,REJECTED,REJECTED,FAILED_IDENTITY_CHECK,2026-09-20T06:43:29Z
APP000000001141,APL000000912,PARTNER,MOBILE,MOBILE,2026-08-25T12:08:59Z,2026-08-25T14:41:00Z,2026-08-28T12:15:41Z,DECISION,APPROVED,APPROVED,,2026-08-28T12:15:41Z
APP000000001142,APL000000913,STANDARD,MOBILE,MOBILE,2026-09-15T12:15:56Z,2026-09-15T15:00:11Z,2026-09-15T17:59:41Z,DECISION,REJECTED,REJECTED,WATCHLIST_MATCH,2026-09-15T17:59:41Z
APP000000001143,APL000000914,STANDARD,MOBILE,MOBILE,2026-09-18T21:49:17Z,2026-09-18T23:56:13Z,2026-09-25T02:06:09Z,DECISION,ABANDONED,,,2026-09-25T02:06:09Z
APP000000001144,APL000000915,BUSINESS,WEB,DESKTOP,2026-07-09T13:57:26Z,,,FUNDING_SETUP,IN_PROGRESS,,,2026-07-09T16:19:08Z
APP000000001145,APL000000916,STANDARD,PARTNER,OTHER,2026-09-09T04:01:51Z,,2026-09-11T10:51:30Z,PERSONAL_INFO,ABANDONED,,,2026-09-11T10:51:30Z
APP000000001146,APL000000917,PARTNER,ASSISTED,DESKTOP,2026-09-18T08:44:15Z,,2026-09-30T01:09:04Z,IDENTITY_VERIFICATION,ABANDONED,,,2026-09-30T01:09:04Z
APP000000001147,APL000000918,PARTNER,WEB,DESKTOP,2026-09-12T03:08:20Z,,,DOCUMENT_UPLOAD,IN_PROGRESS,,,2026-09-12T04:53:46Z
APP000000001148,APL000000919,BUSINESS,MOBILE,MOBILE,2026-09-15T15:31:21Z,,,ACCOUNT_TYPE_SELECTION,IN_PROGRESS,,,2026-09-15T15:39:33Z
APP000000001149,APL000000920,BUSINESS,MOBILE,MOBILE,2026-07-08T02:13:09Z,2026-07-08T05:26:31Z,2026-07-10T07:03:28Z,DECISION,APPROVED,APPROVED,,2026-07-10T07:03:28Z
APP000000001150,APL000000921,STANDARD,WEB,DESKTOP,2026-09-03T22:16:52Z,,2026-09-15T06:01:13Z,DOCUMENT_UPLOAD,ABANDONED,,,2026-09-15T06:01:13Z
APP000000001151,APL000000922,STANDARD,WEB,TABLET,2026-09-15T11:23:53Z,,2026-09-20T23:16:09Z,ACCOUNT_TYPE_SELECTION,ABANDONED,,,2026-09-20T23:16:09Z
APP000000001152,APL000000922,PREMIUM,MOBILE,MOBILE,2026-08-29T01:19:13Z,2026-08-29T04:15:50Z,2026-08-29T21:52:08Z,DECISION,APPROVED,APPROVED,,2026-08-29T21:52:08Z
APP000000001153,APL000000922,PREMIUM,WEB,DESKTOP,2026-09-15T15:06:45Z,2026-09-15T17:10:54Z,2026-09-16T08:42:46Z,DECISION,REJECTED,REJECTED,WATCHLIST_MATCH,2026-09-16T08:42:46Z
APP000000001154,APL000000923,PREMIUM,MOBILE,MOBILE,2026-08-10T14:31:39Z,,,PERSONAL_INFO,IN_PROGRESS,,,2026-08-10T14:55:08Z
APP000000001155,APL000000924,PREMIUM,WEB,DESKTOP,2026-09-03T21:48:56Z,2026-09-09T13:56:34Z,2026-09-12T12:44:36Z,DECISION,ABANDONED,,,2026-09-12T12:44:36Z
APP000000001156,APL000000924,BUSINESS,MOBILE,MOBILE,2026-08-05T01:32:51Z,,2026-08-09T10:50:20Z,DOCUMENT_UPLOAD,ABANDONED,,,2026-08-09T10:50:20Z
APP000000001157,APL000000925,STANDARD,ASSISTED,OTHER,2026-09-09T14:00:48Z,2026-09-09T16:12:33Z,2026-09-13T02:10:21Z,DECISION,ABANDONED,,,2026-09-13T02:10:21Z
APP000000001158,APL000000926,STANDARD,WEB,DESKTOP,2026-08-30T19:09:38Z,2026-08-30T20:56:37Z,,REVIEW,SUBMITTED,,,2026-08-30T20:56:37Z
APP000000001159,APL000000927,STANDARD,WEB,DESKTOP,2026-09-05T09:21:52Z,2026-09-07T13:03:50Z,2026-09-09T13:27:58Z,DECISION,APPROVED,APPROVED,,2026-09-09T13:27:58Z
APP000000001160,APL000000928,PREMIUM,PARTNER,DESKTOP,2026-09-14T23:23:28Z,2026-09-15T01:34:52Z,2026-09-17T08:23:27Z,DECISION,REJECTED,REJECTED,FAILED_IDENTITY_CHECK,2026-09-17T08:23:27Z
APP000000001161,APL000000929,STANDARD,WEB,DESKTOP,2026-08-07T00:50:15Z,,,ACCOUNT_TYPE_SELECTION,STARTED,,,2026-08-07T00:50:15Z
APP000000001162,APL000000929,PARTNER,MOBILE,MOBILE,2026-09-04T23:02:48Z,,2026-09-15T22:02:46Z,FUNDING_SETUP,ABANDONED,,,2026-09-15T22:02:46Z
APP000000001163,APL000000930,STANDARD,ASSISTED,OTHER,2026-08-05T10:36:00Z,,,IDENTITY_VERIFICATION,IN_PROGRESS,,,2026-08-05T11:06:34Z
APP000000001164,APL000000930,STANDARD,WEB,TABLET,2026-08-14T17:15:13Z,,2026-08-17T01:56:29Z,FUNDING_SETUP,ABANDONED,,,2026-08-17T01:56:29Z
APP000000001165,APL000000931,BUSINESS,MOBILE,MOBILE,2026-07-22T11:18:04Z,,,FUNDING_SETUP,IN_PROGRESS,,,2026-07-22T13:31:40Z
APP000000001166,APL000000932,PARTNER,MOBILE,MOBILE,2026-08-11T12:03:18Z,,2026-08-24T02:35:56Z,DOCUMENT_UPLOAD,ABANDONED,,,2026-08-24T02:35:56Z
APP000000001167,APL000000933,STANDARD,PARTNER,OTHER,2026-08-25T06:58:30Z,2026-08-25T09:49:41Z,2026-08-26T17:12:19Z,DECISION,APPROVED,APPROVED,,2026-08-26T17:12:19Z
APP000000001168,APL000000934,BUSINESS,PARTNER,DESKTOP,2026-07-15T06:47:27Z,,2026-07-24T09:16:27Z,DOCUMENT_UPLOAD,ABANDONED,,,2026-07-24T09:16:27Z
APP000000001169,APL000000934,PREMIUM,MOBILE,MOBILE,2026-07-20T00:41:38Z,2026-07-20T03:48:17Z,2026-07-22T19:52:21Z,DECISION,APPROVED,APPROVED,,2026-07-22T19:52:21Z
APP000000001170,APL000000935,PREMIUM,MOBILE,MOBILE,2026-07-04T14:56:57Z,,,DOCUMENT_UPLOAD,IN_PROGRESS,,,2026-07-04T16:23:32Z
APP000000001171,APL000000936,STANDARD,WEB,DESKTOP,2026-08-13T02:11:13Z,2026-08-13T04:26:02Z,2026-08-13T05:31:35Z,DECISION,APPROVED,APPROVED,,2026-08-13T05:31:35Z
APP000000001172,APL000000936,STANDARD,WEB,TABLET,2026-08-08T07:31:47Z,2026-08-08T09:36:43Z,2026-08-10T08:31:19Z,DECISION,APPROVED,APPROVED,,2026-08-10T08:31:19Z
APP000000001173,APL000000937,BUSINESS,WEB,TABLET,2026-08-15T09:54:46Z,,,ACCOUNT_TYPE_SELECTION,IN_PROGRESS,,,2026-08-15T09:59:00Z
APP000000001174,APL000000938,PREMIUM,WEB,DESKTOP,2026-09-13T11:24:13Z,,2026-09-16T14:39:44Z,PERSONAL_INFO,ABANDONED,,,2026-09-16T14:39:44Z
APP000000001175,APL000000939,PREMIUM,WEB,TABLET,2026-08-23T11:57:39Z,2026-08-27T16:45:49Z,2026-08-29T04:14:01Z,DECISION,APPROVED,APPROVED,,2026-08-29T04:14:01Z
APP000000001176,APL000000939,PREMIUM,PARTNER,DESKTOP,2026-09-17T13:52:52Z,2026-09-17T15:51:35Z,2026-09-18T21:28:36Z,DECISION,APPROVED,APPROVED,,2026-09-18T21:28:36Z
APP000000001177,APL000000940,BUSINESS,MOBILE,MOBILE,2026-08-17T05:53:18Z,,,PERSONAL_INFO,IN_PROGRESS,,,2026-08-17T06:50:13Z
APP000000001178,APL000000940,BUSINESS,WEB,DESKTOP,2026-09-07T21:39:25Z,2026-09-08T00:01:57Z,2026-09-09T15:20:37Z,DECISION,APPROVED,APPROVED,,2026-09-09T15:20:37Z
APP000000001179,APL000000941,STANDARD,WEB,DESKTOP,2026-08-11T19:00:37Z,2026-08-11T21:09:48Z,2026-08-13T05:58:24Z,DECISION,APPROVED,APPROVED,,2026-08-13T05:58:24Z
APP000000001180,APL000000942,BUSINESS,ASSISTED,DESKTOP,2026-09-09T03:36:43Z,2026-09-09T05:50:00Z,2026-09-11T19:36:20Z,DECISION,REJECTED,REJECTED,INSUFFICIENT_DOCUMENTATION,2026-09-11T19:36:20Z
APP000000001181,APL000000942,PARTNER,WEB,TABLET,2026-09-07T18:17:00Z,2026-09-07T20:51:09Z,,REVIEW,SUBMITTED,,,2026-09-07T20:51:09Z
APP000000001182,APL000000943,STANDARD,WEB,DESKTOP,2026-09-09T05:44:08Z,,2026-09-18T13:36:50Z,FUNDING_SETUP,ABANDONED,,,2026-09-18T13:36:50Z
APP000000001183,APL000000944,PREMIUM,WEB,DESKTOP,2026-07-26T06:20:23Z,,,ACCOUNT_TYPE_SELECTION,STARTED,,,2026-07-26T06:20:23Z
APP000000001184,APL000000945,STANDARD,ASSISTED,DESKTOP,2026-09-09T16:31:54Z,2026-09-09T18:42:01Z,2026-09-09T20:20:51Z,DECISION,APPROVED,APPROVED,,2026-09-09T20:20:51Z
APP000000001185,APL000000946,STANDARD,WEB,DESKTOP,2026-09-13T19:05:47Z,,,ACCOUNT_TYPE_SELECTION,STARTED,,,2026-09-13T19:05:47Z
APP000000001186,APL000000947,PARTNER,WEB,TABLET,2026-07-08T19:34:52Z,2026-07-08T21:47:54Z,2026-07-11T06:06:01Z,DECISION,APPROVED,APPROVED,,2026-07-11T06:06:01Z
APP000000001187,APL000000948,PREMIUM,WEB,DESKTOP,2026-09-18T14:10:12Z,,2026-09-21T22:33:04Z,IDENTITY_VERIFICATION,ABANDONED,,,2026-09-21T22:33:04Z
APP000000001188,APL000000949,STANDARD,WEB,DESKTOP,2026-08-18T17:37:22Z,2026-08-18T19:32:26Z,,REVIEW,SUBMITTED,,,2026-08-18T19:32:26Z
APP000000001189,APL000000950,BUSINESS,WEB,TABLET,2026-08-15T10:54:22Z,2026-08-21T00:13:15Z,2026-08-23T09:29:00Z,DECISION,APPROVED,APPROVED,,2026-08-23T09:29:00Z
APP000000001190,APL000000951,PARTNER,WEB,TABLET,2026-08-24T06:19:59Z,2026-08-24T08:51:19Z,2026-08-24T21:17:52Z,DECISION,APPROVED,APPROVED,,2026-08-24T21:17:52Z
APP000000001191,APL000000952,STANDARD,MOBILE,MOBILE,2026-09-10T12:41:06Z,,2026-09-19T02:33:25Z,PERSONAL_INFO,ABANDONED,,,2026-09-19T02:33:25Z
APP000000001192,APL000000953,PREMIUM,WEB,TABLET,2026-08-13T11:43:59Z,,,IDENTITY_VERIFICATION,IN_PROGRESS,,,2026-08-13T12:41:40Z
APP000000001193,APL000000954,PREMIUM,MOBILE,MOBILE,2026-08-23T03:40:35Z,,2026-08-30T10:38:50Z,IDENTITY_VERIFICATION,ABANDONED,,,2026-08-30T10:38:50Z
APP000000001194,APL000000955,STANDARD,WEB,TABLET,2026-08-21T21:40:03Z,,2026-08-29T05:22:15Z,DOCUMENT_UPLOAD,ABANDONED,,,2026-08-29T05:22:15Z
APP000000001195,APL000000956,PREMIUM,WEB,DESKTOP,2026-09-16T11:18:25Z,2026-09-16T14:04:38Z,2026-09-19T12:58:50Z,DECISION,APPROVED,APPROVED,,2026-09-19T12:58:50Z
APP000000001196,APL000000957,PREMIUM,PARTNER,DESKTOP,2026-09-17T15:36:12Z,,,ACCOUNT_TYPE_SELECTION,IN_PROGRESS,,,2026-09-17T15:38:39Z
APP000000001197,APL000000958,BUSINESS,MOBILE,MOBILE,2026-07-15T13:18:33Z,2026-07-15T15:49:00Z,2026-07-16T12:12:16Z,DECISION,APPROVED,APPROVED,,2026-07-16T12:12:16Z
APP000000001198,APL000000959,STANDARD,WEB,DESKTOP,2026-08-30T10:53:45Z,2026-08-30T14:11:43Z,2026-09-02T09:44:43Z,DECISION,APPROVED,APPROVED,,2026-09-02T09:44:43Z
APP000000001199,APL000000959,STANDARD,WEB,DESKTOP,2026-09-17T22:24:41Z,2026-09-18T01:14:16Z,2026-09-20T01:57:56Z,DECISION,APPROVED,APPROVED,,2026-09-20T01:57:56Z
APP000000001200,APL000000959,STANDARD,WEB,TABLET,2026-08-07T05:23:49Z,,,IDENTITY_VERIFICATION,IN_PROGRESS,,,2026-08-07T06:38:31Z
APP000000001201,APL000000960,PARTNER,MOBILE,MOBILE,2026-09-11T09:05:50Z,,,ACCOUNT_TYPE_SELECTION,STARTED,,,2026-09-11T09:05:50Z
APP000000001202,APL000000960,PARTNER,ASSISTED,OTHER,2026-09-05T05:40:35Z,2026-09-07T16:34:33Z,2026-09-08T02:14:53Z,DECISION,REJECTED,REJECTED,INSUFFICIENT_DOCUMENTATION,2026-09-08T02:14:53Z
APP000000001203,APL000000961,PARTNER,WEB,DESKTOP,2026-09-05T02:12:20Z,,2026-09-09T06:35:07Z,ACCOUNT_TYPE_SELECTION,ABANDONED,,,2026-09-09T06:35:07Z
APP000000001204,APL000000962,PREMIUM,WEB,TABLET,2026-08-03T19:14:23Z,,2026-08-12T06:16:46Z,DOCUMENT_UPLOAD,ABANDONED,,,2026-08-12T06:16:46Z
APP000000001205,APL000000962,PREMIUM,WEB,DESKTOP,2026-07-20T16:28:19Z,2026-07-20T19:17:24Z,,REVIEW,SUBMITTED,,,2026-07-20T19:17:24Z
APP000000001206,APL000000963,PREMIUM,MOBILE,MOBILE,2026-08-01T01:40:24Z,,2026-08-09T23:19:24Z,PERSONAL_INFO,ABANDONED,,,2026-08-09T23:19:24Z
APP000000001207,APL000000964,STANDARD,MOBILE,MOBILE,2026-08-28T22:14:30Z,,,PERSONAL_INFO,IN_PROGRESS,,,2026-08-28T23:19:04Z
APP000000001208,APL000000965,STANDARD,MOBILE,MOBILE,2026-08-04T10:41:10Z,,,ACCOUNT_TYPE_SELECTION,STARTED,,,2026-08-04T10:41:10Z
APP000000001209,APL000000966,PREMIUM,MOBILE,MOBILE,2026-07-15T11:02:20Z,2026-07-15T13:20:16Z,2026-07-17T06:05:02Z,DECISION,APPROVED,APPROVED,,2026-07-17T06:05:02Z
APP000000001210,APL000000967,PARTNER,MOBILE,MOBILE,2026-09-13T09:39:48Z,,,PERSONAL_INFO,IN_PROGRESS,,,2026-09-13T10:05:15Z
APP000000001211,APL000000968,STANDARD,WEB,DESKTOP,2026-08-07T08:29:03Z,2026-08-15T18:14:43Z,2026-08-16T01:02:18Z,DECISION,APPROVED,APPROVED,,2026-08-16T01:02:18Z
APP000000001212,APL000000969,STANDARD,WEB,DESKTOP,2026-08-25T22:08:39Z,2026-08-26T00:31:37Z,2026-08-27T12:35:53Z,DECISION,REJECTED,REJECTED,FAILED_IDENTITY_CHECK,2026-08-27T12:35:53Z
APP000000001213,APL000000969,STANDARD,MOBILE,MOBILE,2026-08-31T13:16:53Z,2026-08-31T15:21:25Z,,REVIEW,SUBMITTED,,,2026-08-31T15:21:25Z
APP000000001214,APL000000970,STANDARD,WEB,TABLET,2026-07-29T23:55:54Z,2026-07-30T02:05:42Z,2026-08-02T00:01:04Z,DECISION,ABANDONED,,,2026-08-02T00:01:04Z
APP000000001215,APL000000971,PREMIUM,MOBILE,MOBILE,2026-09-06T01:26:54Z,,,IDENTITY_VERIFICATION,IN_PROGRESS,,,2026-09-06T02:35:05Z
APP000000001216,APL000000972,PREMIUM,WEB,DESKTOP,2026-09-04T03:41:48Z,,,ACCOUNT_TYPE_SELECTION,IN_PROGRESS,,,2026-09-04T03:48:46Z
APP000000001217,APL000000973,STANDARD,WEB,DESKTOP,2026-08-15T13:55:23Z,,2026-08-16T13:59:25Z,FUNDING_SETUP,ABANDONED,,,2026-08-16T13:59:25Z
APP000000001218,APL000000973,PARTNER,WEB,DESKTOP,2026-09-15T20:16:36Z,2026-09-15T22:54:12Z,2026-09-18T15:25:10Z,DECISION,REJECTED,REJECTED,INSUFFICIENT_DOCUMENTATION,2026-09-18T15:25:10Z
APP000000001219,APL000000974,STANDARD,WEB,DESKTOP,2026-08-06T16:50:16Z,2026-08-14T19:36:25Z,2026-08-15T12:57:18Z,DECISION,APPROVED,APPROVED,,2026-08-15T12:57:18Z
APP000000001220,APL000000975,PREMIUM,MOBILE,MOBILE,2026-08-27T07:37:50Z,,2026-09-04T16:15:42Z,ACCOUNT_TYPE_SELECTION,ABANDONED,,,2026-09-04T16:15:42Z
APP000000001221,APL000000976,PREMIUM,MOBILE,MOBILE,2026-08-12T18:11:19Z,2026-08-12T20:03:53Z,2026-08-14T07:12:31Z,DECISION,APPROVED,APPROVED,,2026-08-14T07:12:31Z
APP000000001222,APL000000977,PREMIUM,WEB,DESKTOP,2026-08-13T09:14:05Z,2026-08-13T11:32:03Z,2026-08-15T21:34:08Z,DECISION,APPROVED,APPROVED,,2026-08-15T21:34:08Z
APP000000001223,APL000000977,PARTNER,WEB,TABLET,2026-09-06T20:12:00Z,2026-09-06T22:14:56Z,2026-09-08T19:05:10Z,DECISION,APPROVED,APPROVED,,2026-09-08T19:05:10Z
APP000000001224,APL000000978,STANDARD,WEB,DESKTOP,2026-09-05T12:52:22Z,2026-09-05T15:15:13Z,2026-09-07T22:46:23Z,DECISION,APPROVED,APPROVED,,2026-09-07T22:46:23Z
APP000000001225,APL000000979,PARTNER,MOBILE,MOBILE,2026-09-14T03:43:05Z,2026-09-14T06:11:39Z,2026-09-14T14:37:05Z,DECISION,APPROVED,APPROVED,,2026-09-14T14:37:05Z
APP000000001226,APL000000980,PARTNER,MOBILE,MOBILE,2026-08-28T03:07:18Z,2026-08-28T05:58:54Z,2026-08-29T12:42:00Z,DECISION,APPROVED,APPROVED,,2026-08-29T12:42:00Z
APP000000001227,APL000000981,BUSINESS,WEB,DESKTOP,2026-08-24T09:23:32Z,2026-08-24T11:50:45Z,,REVIEW,SUBMITTED,,,2026-08-24T11:50:45Z
APP000000001228,APL000000981,BUSINESS,WEB,DESKTOP,2026-09-08T19:32:35Z,2026-09-16T09:07:08Z,2026-09-19T03:27:55Z,DECISION,APPROVED,APPROVED,,2026-09-19T03:27:55Z
APP000000001229,APL000000981,PREMIUM,MOBILE,MOBILE,2026-09-17T22:33:16Z,2026-09-18T00:17:09Z,2026-09-20T17:57:47Z,DECISION,APPROVED,APPROVED,,2026-09-20T17:57:47Z
APP000000001230,APL000000982,STANDARD,MOBILE,MOBILE,2026-07-21T12:30:52Z,2026-07-21T15:18:15Z,2026-07-23T13:04:19Z,DECISION,REJECTED,REJECTED,RISK_SCORE_THRESHOLD,2026-07-23T13:04:19Z
APP000000001231,APL000000983,PREMIUM,ASSISTED,OTHER,2026-07-12T23:43:48Z,,,FUNDING_SETUP,IN_PROGRESS,,,2026-07-13T02:05:28Z
APP000000001232,APL000000984,STANDARD,ASSISTED,DESKTOP,2026-07-20T00:18:39Z,,,DOCUMENT_UPLOAD,IN_PROGRESS,,,2026-07-22T20:43:24Z
APP000000001233,APL000000985,PARTNER,WEB,DESKTOP,2026-08-04T00:11:03Z,,2026-08-06T22:39:09Z,ACCOUNT_TYPE_SELECTION,ABANDONED,,,2026-08-06T22:39:09Z
APP000000001234,APL000000986,STANDARD,WEB,TABLET,2026-08-23T04:19:00Z,2026-08-23T06:30:38Z,2026-08-29T22:20:53Z,DECISION,ABANDONED,,,2026-08-29T22:20:53Z
APP000000001235,APL000000987,PREMIUM,MOBILE,MOBILE,2026-08-11T11:19:35Z,,2026-08-12T23:10:39Z,PERSONAL_INFO,ABANDONED,,,2026-08-12T23:10:39Z
APP000000001236,APL000000988,STANDARD,WEB,TABLET,2026-07-27T04:45:07Z,,,DOCUMENT_UPLOAD,IN_PROGRESS,,,2026-07-27T06:33:41Z
APP000000001237,APL000000989,PARTNER,WEB,DESKTOP,2026-07-30T02:25:43Z,,2026-08-07T06:32:56Z,PERSONAL_INFO,ABANDONED,,,2026-08-07T06:32:56Z
APP000000001238,APL000000989,PARTNER,WEB,TABLET,2026-09-06T13:41:45Z,2026-09-06T16:34:46Z,2026-09-08T23:06:44Z,DECISION,APPROVED,APPROVED,,2026-09-08T23:06:44Z
APP000000001239,APL000000990,PREMIUM,MOBILE,MOBILE,2026-08-10T03:32:52Z,,,ACCOUNT_TYPE_SELECTION,STARTED,,,2026-08-10T03:32:52Z
APP000000001240,APL000000990,PARTNER,MOBILE,MOBILE,2026-08-26T08:00:49Z,,2026-08-29T12:37:04Z,ACCOUNT_TYPE_SELECTION,ABANDONED,,,2026-08-29T12:37:04Z
APP000000001241,APL000000990,PARTNER,WEB,TABLET,2026-08-13T15:51:19Z,,,FUNDING_SETUP,IN_PROGRESS,,,2026-08-13T18:06:15Z
APP000000001242,APL000000991,BUSINESS,MOBILE,MOBILE,2026-08-05T20:28:58Z,2026-08-05T22:52:59Z,2026-08-06T16:15:40Z,DECISION,REJECTED,REJECTED,RISK_SCORE_THRESHOLD,2026-08-06T16:15:40Z
APP000000001243,APL000000992,PREMIUM,PARTNER,DESKTOP,2026-08-15T09:18:27Z,2026-08-15T11:39:00Z,2026-08-16T10:10:04Z,DECISION,REJECTED,REJECTED,INELIGIBLE_REGION,2026-08-16T10:10:04Z
APP000000001244,APL000000993,STANDARD,PARTNER,OTHER,2026-07-16T11:45:55Z,,,FUNDING_SETUP,IN_PROGRESS,,,2026-07-16T13:43:53Z
APP000000001245,APL000000994,STANDARD,MOBILE,MOBILE,2026-08-05T14:44:46Z,2026-08-05T17:23:26Z,2026-08-06T18:29:19Z,DECISION,APPROVED,APPROVED,,2026-08-06T18:29:19Z
APP000000001246,APL000000995,STANDARD,WEB,TABLET,2026-09-05T03:50:21Z,2026-09-05T06:37:49Z,,REVIEW,SUBMITTED,,,2026-09-05T06:37:49Z
APP000000001247,APL000000996,BUSINESS,MOBILE,MOBILE,2026-08-19T00:55:56Z,,2026-08-26T00:01:32Z,DOCUMENT_UPLOAD,ABANDONED,,,2026-08-26T00:01:32Z
APP000000001248,APL000000997,STANDARD,WEB,DESKTOP,2026-09-02T12:07:50Z,2026-09-02T14:52:56Z,2026-09-04T06:51:20Z,DECISION,APPROVED,APPROVED,,2026-09-04T06:51:20Z
APP000000001249,APL000000998,PREMIUM,WEB,TABLET,2026-09-03T12:09:13Z,,,DOCUMENT_UPLOAD,IN_PROGRESS,,,2026-09-03T13:08:54Z
APP000000001250,APL000000998,STANDARD,WEB,DESKTOP,2026-09-07T14:24:41Z,2026-09-07T16:53:44Z,2026-09-09T02:19:31Z,DECISION,APPROVED,APPROVED,,2026-09-09T02:19:31Z
APP000000001251,APL000000999,STANDARD,MOBILE,MOBILE,2026-09-03T09:45:06Z,2026-09-03T13:04:42Z,2026-09-04T09:12:31Z,DECISION,APPROVED,APPROVED,,2026-09-04T09:12:31Z
APP000000001252,APL000000999,PREMIUM,PARTNER,DESKTOP,2026-09-13T15:57:08Z,,,PERSONAL_INFO,IN_PROGRESS,,,2026-09-13T17:12:28Z
APP000000001253,APL000001000,STANDARD,WEB,TABLET,2026-07-20T15:37:49Z,2026-07-20T18:24:51Z,2026-07-21T13:05:50Z,DECISION,APPROVED,APPROVED,,2026-07-21T13:05:50Z
APP000000001254,APL000001001,STANDARD,WEB,DESKTOP,2026-08-15T17:34:04Z,2026-08-15T20:06:39Z,2026-08-17T11:04:16Z,DECISION,APPROVED,APPROVED,,2026-08-17T11:04:16Z
APP000000001255,APL000001002,PARTNER,MOBILE,MOBILE,2026-07-21T16:55:21Z,2026-07-21T19:08:52Z,2026-07-22T21:59:29Z,DECISION,APPROVED,APPROVED,,2026-07-22T21:59:29Z
APP000000001256,APL000001003,STANDARD,MOBILE,MOBILE,2026-07-25T08:22:00Z,,,DOCUMENT_UPLOAD,IN_PROGRESS,,,2026-07-25T09:50:12Z
APP000000001257,APL000001004,STANDARD,WEB,DESKTOP,2026-09-07T13:31:47Z,2026-09-07T15:21:42Z,2026-09-09T19:49:55Z,DECISION,APPROVED,APPROVED,,2026-09-09T19:49:55Z
APP000000001258,APL000001005,PARTNER,WEB,DESKTOP,2026-09-09T15:12:52Z,,,PERSONAL_INFO,IN_PROGRESS,,,2026-09-11T01:18:24Z
APP000000001259,APL000001006,STANDARD,WEB,DESKTOP,2026-08-28T02:13:31Z,2026-08-28T04:49:42Z,2026-08-28T22:33:25Z,DECISION,APPROVED,APPROVED,,2026-08-28T22:33:25Z
APP000000001260,APL000001007,STANDARD,WEB,TABLET,2026-08-10T16:23:01Z,2026-08-12T17:50:23Z,2026-08-19T02:24:54Z,DECISION,ABANDONED,,,2026-08-19T02:24:54Z
APP000000001261,APL000001008,STANDARD,WEB,DESKTOP,2026-08-23T09:32:17Z,,,PERSONAL_INFO,IN_PROGRESS,,,2026-08-23T10:07:54Z
APP000000001262,APL000001009,PREMIUM,PARTNER,OTHER,2026-08-02T03:50:50Z,2026-08-07T08:12:29Z,2026-08-10T03:36:22Z,DECISION,APPROVED,APPROVED,,2026-08-10T03:36:22Z
APP000000001263,APL000001010,STANDARD,MOBILE,MOBILE,2026-09-01T10:59:04Z,2026-09-01T13:55:27Z,2026-09-03T23:54:18Z,DECISION,APPROVED,APPROVED,,2026-09-03T23:54:18Z
APP000000001264,APL000001011,STANDARD,ASSISTED,OTHER,2026-08-04T18:32:02Z,2026-08-04T21:03:52Z,2026-08-05T05:39:02Z,DECISION,APPROVED,APPROVED,,2026-08-05T05:39:02Z
APP000000001265,APL000001011,PREMIUM,WEB,DESKTOP,2026-08-29T01:52:18Z,2026-09-02T22:43:08Z,2026-09-05T20:10:45Z,DECISION,APPROVED,APPROVED,,2026-09-05T20:10:45Z
APP000000001266,APL000001012,PREMIUM,MOBILE,MOBILE,2026-07-21T01:11:57Z,2026-07-21T04:02:13Z,2026-07-23T23:38:55Z,DECISION,REJECTED,REJECTED,INELIGIBLE_REGION,2026-07-23T23:38:55Z
APP000000001267,APL000001013,STANDARD,WEB,DESKTOP,2026-09-03T22:30:30Z,,2026-09-05T11:47:50Z,FUNDING_SETUP,ABANDONED,,,2026-09-05T11:47:50Z
APP000000001268,APL000001014,STANDARD,WEB,TABLET,2026-08-24T14:31:35Z,2026-08-24T16:29:29Z,2026-08-27T00:16:54Z,DECISION,APPROVED,APPROVED,,2026-08-27T00:16:54Z
APP000000001269,APL000001015,STANDARD,WEB,DESKTOP,2026-08-24T13:34:19Z,,2026-08-26T04:35:50Z,PERSONAL_INFO,ABANDONED,,,2026-08-26T04:35:50Z
APP000000001270,APL000001015,STANDARD,WEB,DESKTOP,2026-08-11T00:39:53Z,,,PERSONAL_INFO,IN_PROGRESS,,,2026-08-11T01:15:08Z
APP000000001271,APL000001015,STANDARD,MOBILE,MOBILE,2026-09-12T08:08:53Z,2026-09-12T10:41:53Z,2026-09-13T00:31:45Z,DECISION,APPROVED,APPROVED,,2026-09-13T00:31:45Z
APP000000001272,APL000001016,STANDARD,MOBILE,MOBILE,2026-07-26T09:32:54Z,2026-07-26T11:48:52Z,2026-08-01T00:39:06Z,DECISION,ABANDONED,,,2026-08-01T00:39:06Z
APP000000001273,APL000001017,STANDARD,WEB,DESKTOP,2026-07-15T07:59:19Z,2026-07-15T09:39:54Z,2026-07-16T05:51:58Z,DECISION,APPROVED,APPROVED,,2026-07-16T05:51:58Z
APP000000001274,APL000001018,STANDARD,WEB,DESKTOP,2026-09-18T01:25:34Z,2026-09-18T03:12:33Z,2026-09-20T18:37:22Z,DECISION,APPROVED,APPROVED,,2026-09-20T18:37:22Z
APP000000001275,APL000001019,BUSINESS,WEB,DESKTOP,2026-09-12T01:23:27Z,2026-09-15T20:00:16Z,2026-09-18T04:05:09Z,DECISION,REJECTED,REJECTED,FAILED_IDENTITY_CHECK,2026-09-18T04:05:09Z
APP000000001276,APL000001020,STANDARD,WEB,DESKTOP,2026-09-10T04:45:09Z,2026-09-10T07:50:28Z,2026-09-11T23:37:42Z,DECISION,REJECTED,REJECTED,RISK_SCORE_THRESHOLD,2026-09-11T23:37:42Z
APP000000001277,APL000001020,PREMIUM,MOBILE,MOBILE,2026-08-09T16:00:16Z,,,FUNDING_SETUP,IN_PROGRESS,,,2026-08-15T13:02:08Z
APP000000001278,APL000001021,PREMIUM,MOBILE,MOBILE,2026-07-28T04:10:10Z,2026-07-28T06:59:39Z,2026-07-30T07:45:29Z,DECISION,REJECTED,REJECTED,INSUFFICIENT_DOCUMENTATION,2026-07-30T07:45:29Z
APP000000001279,APL000001022,PARTNER,MOBILE,MOBILE,2026-08-25T22:56:24Z,2026-08-30T04:30:49Z,2026-09-01T04:10:59Z,DECISION,APPROVED,APPROVED,,2026-09-01T04:10:59Z
APP000000001280,APL000001023,PARTNER,WEB,DESKTOP,2026-09-12T22:00:14Z,,,ACCOUNT_TYPE_SELECTION,IN_PROGRESS,,,2026-09-12T22:17:25Z
APP000000001281,APL000001024,STANDARD,WEB,DESKTOP,2026-07-10T04:08:30Z,2026-07-10T07:30:19Z,2026-07-12T08:47:01Z,DECISION,APPROVED,APPROVED,,2026-07-12T08:47:01Z
APP000000001282,APL000001025,PREMIUM,WEB,DESKTOP,2026-08-13T03:22:25Z,2026-08-13T05:53:21Z,2026-08-15T20:04:23Z,DECISION,REJECTED,REJECTED,RISK_SCORE_THRESHOLD,2026-08-15T20:04:23Z
APP000000001283,APL000001026,STANDARD,MOBILE,MOBILE,2026-08-12T02:51:21Z,,,IDENTITY_VERIFICATION,IN_PROGRESS,,,2026-08-17T11:40:47Z
APP000000001284,APL000001026,STANDARD,WEB,DESKTOP,2026-08-03T16:43:35Z,2026-08-03T18:15:17Z,2026-08-04T23:37:23Z,DECISION,REJECTED,REJECTED,DUPLICATE_APPLICATION,2026-08-04T23:37:23Z
APP000000001285,APL000001026,STANDARD,MOBILE,MOBILE,2026-08-08T22:28:58Z,2026-08-09T00:34:31Z,2026-08-10T23:18:48Z,DECISION,APPROVED,APPROVED,,2026-08-10T23:18:48Z
APP000000001286,APL000001027,STANDARD,WEB,DESKTOP,2026-09-18T03:58:53Z,,2026-09-20T14:50:33Z,PERSONAL_INFO,ABANDONED,,,2026-09-20T14:50:33Z
APP000000001287,APL000001027,STANDARD,WEB,DESKTOP,2026-09-17T02:51:40Z,2026-09-17T05:06:37Z,2026-09-18T13:47:10Z,DECISION,ABANDONED,,,2026-09-18T13:47:10Z
APP000000001288,APL000001028,PREMIUM,WEB,DESKTOP,2026-09-12T12:40:40Z,2026-09-12T14:51:17Z,2026-09-12T21:38:57Z,DECISION,REJECTED,REJECTED,FAILED_IDENTITY_CHECK,2026-09-12T21:38:57Z
APP000000001289,APL000001029,STANDARD,ASSISTED,DESKTOP,2026-08-27T09:37:32Z,,,DOCUMENT_UPLOAD,IN_PROGRESS,,,2026-08-27T11:13:00Z
APP000000001290,APL000001030,PARTNER,MOBILE,MOBILE,2026-08-19T21:05:13Z,2026-08-26T08:07:58Z,2026-08-27T02:21:02Z,DECISION,APPROVED,APPROVED,,2026-08-27T02:21:02Z
APP000000001291,APL000001031,PREMIUM,WEB,TABLET,2026-09-09T03:07:50Z,2026-09-09T06:28:38Z,2026-09-09T10:01:56Z,DECISION,REJECTED,REJECTED,INELIGIBLE_REGION,2026-09-09T10:01:56Z
APP000000001292,APL000001032,PREMIUM,MOBILE,MOBILE,2026-08-13T04:59:44Z,2026-08-13T07:36:39Z,2026-08-14T13:11:41Z,DECISION,APPROVED,APPROVED,,2026-08-14T13:11:41Z
APP000000001293,APL000001033,STANDARD,MOBILE,MOBILE,2026-09-01T15:46:57Z,2026-09-03T01:51:57Z,,REVIEW,SUBMITTED,,,2026-09-03T01:51:57Z
APP000000001294,APL000001034,PARTNER,WEB,DESKTOP,2026-08-08T09:32:15Z,,,PERSONAL_INFO,IN_PROGRESS,,,2026-08-08T10:18:31Z
APP000000001295,APL000001035,STANDARD,WEB,TABLET,2026-08-29T17:15:08Z,,,ACCOUNT_TYPE_SELECTION,IN_PROGRESS,,,2026-08-29T17:22:17Z
APP000000001296,APL000001036,STANDARD,MOBILE,MOBILE,2026-09-14T08:47:55Z,,,PERSONAL_INFO,IN_PROGRESS,,,2026-09-14T09:28:41Z
APP000000001297,APL000001037,PREMIUM,WEB,DESKTOP,2026-08-14T14:00:31Z,2026-08-15T20:44:31Z,2026-08-16T10:40:14Z,DECISION,REJECTED,REJECTED,WATCHLIST_MATCH,2026-08-16T10:40:14Z
APP000000001298,APL000001038,STANDARD,MOBILE,MOBILE,2026-08-03T07:48:42Z,2026-08-03T10:19:06Z,2026-08-04T17:55:23Z,DECISION,REJECTED,REJECTED,DUPLICATE_APPLICATION,2026-08-04T17:55:23Z
APP000000001299,APL000001039,STANDARD,MOBILE,MOBILE,2026-08-26T12:35:12Z,,2026-09-02T23:53:41Z,PERSONAL_INFO,ABANDONED,,,2026-09-02T23:53:41Z
APP000000001300,APL000001040,PARTNER,ASSISTED,DESKTOP,2026-08-01T14:41:28Z,2026-08-01T18:04:31Z,2026-08-04T09:36:51Z,DECISION,REJECTED,REJECTED,WATCHLIST_MATCH,2026-08-04T09:36:51Z
APP000000001301,APL000001041,STANDARD,WEB,TABLET,2026-08-25T15:27:18Z,,,DOCUMENT_UPLOAD,IN_PROGRESS,,,2026-08-25T16:43:39Z
APP000000001302,APL000001042,STANDARD,MOBILE,MOBILE,2026-09-14T15:09:10Z,,,IDENTITY_VERIFICATION,IN_PROGRESS,,,2026-09-14T16:01:24Z
APP000000001303,APL000001042,PARTNER,WEB,TABLET,2026-09-10T11:22:28Z,2026-09-10T14:15:08Z,2026-09-11T00:10:16Z,DECISION,APPROVED,APPROVED,,2026-09-11T00:10:16Z
APP000000001304,APL000001042,PARTNER,PARTNER,DESKTOP,2026-09-18T05:24:00Z,2026-09-22T05:09:29Z,2026-09-24T17:49:35Z,DECISION,APPROVED,APPROVED,,2026-09-24T17:49:35Z
APP000000001305,APL000001043,PREMIUM,WEB,DESKTOP,2026-08-21T22:17:17Z,2026-08-22T00:40:29Z,2026-08-22T17:20:52Z,DECISION,APPROVED,APPROVED,,2026-08-22T17:20:52Z
APP000000001306,APL000001044,PARTNER,PARTNER,OTHER,2026-08-03T08:23:16Z,2026-08-03T10:20:24Z,2026-08-04T03:37:50Z,DECISION,REJECTED,REJECTED,WATCHLIST_MATCH,2026-08-04T03:37:50Z
APP000000001307,APL000001044,STANDARD,WEB,DESKTOP,2026-09-06T07:45:54Z,2026-09-08T23:23:53Z,2026-09-10T04:09:14Z,DECISION,REJECTED,REJECTED,DUPLICATE_APPLICATION,2026-09-10T04:09:14Z
APP000000001308,APL000001045,STANDARD,WEB,TABLET,2026-07-13T23:03:38Z,2026-07-14T01:36:54Z,2026-07-19T11:56:31Z,DECISION,ABANDONED,,,2026-07-19T11:56:31Z
APP000000001309,APL000001046,PREMIUM,MOBILE,MOBILE,2026-07-06T07:47:34Z,2026-07-06T10:40:47Z,2026-07-07T02:13:53Z,DECISION,APPROVED,APPROVED,,2026-07-07T02:13:53Z
APP000000001310,APL000001047,STANDARD,MOBILE,MOBILE,2026-09-03T07:16:41Z,2026-09-03T10:03:35Z,2026-09-05T19:49:34Z,DECISION,APPROVED,APPROVED,,2026-09-05T19:49:34Z
APP000000001311,APL000001048,STANDARD,MOBILE,MOBILE,2026-08-17T12:07:07Z,,,FUNDING_SETUP,IN_PROGRESS,,,2026-08-17T13:47:05Z
APP000000001312,APL000001049,STANDARD,WEB,DESKTOP,2026-09-17T08:00:05Z,,,PERSONAL_INFO,IN_PROGRESS,,,2026-09-19T06:24:22Z
APP000000001313,APL000001050,STANDARD,MOBILE,MOBILE,2026-09-14T05:28:14Z,2026-09-14T07:24:22Z,2026-09-23T16:07:28Z,DECISION,ABANDONED,,,2026-09-23T16:07:28Z
